--------------------------------------------------------
--  파일이 생성됨 - 금요일-3월-01-2019   
--------------------------------------------------------
--------------------------------------------------------
--  DDL for Sequence ANS_IDX_CRE
--------------------------------------------------------

   CREATE SEQUENCE  "EDUC239"."ANS_IDX_CRE"  MINVALUE 1 MAXVALUE 999999999999999999999999999 INCREMENT BY 1 START WITH 2 CACHE 20 NOORDER  NOCYCLE ;
--------------------------------------------------------
--  DDL for Sequence FAQ_IDX_CRE
--------------------------------------------------------

   CREATE SEQUENCE  "EDUC239"."FAQ_IDX_CRE"  MINVALUE 1 MAXVALUE 999999999999999999999999999 INCREMENT BY 1 START WITH 17 CACHE 20 NOORDER  NOCYCLE ;
--------------------------------------------------------
--  DDL for Sequence IDX_CRE
--------------------------------------------------------

   CREATE SEQUENCE  "EDUC239"."IDX_CRE"  MINVALUE 1 MAXVALUE 999999999999999999999999999 INCREMENT BY 1 START WITH 48 CACHE 20 NOORDER  NOCYCLE ;
--------------------------------------------------------
--  DDL for Sequence MAX_IDX
--------------------------------------------------------

   CREATE SEQUENCE  "EDUC239"."MAX_IDX"  MINVALUE 1 MAXVALUE 99999999 INCREMENT BY 1 START WITH 1 CACHE 20 NOORDER  NOCYCLE ;
--------------------------------------------------------
--  DDL for Sequence QNA_IDX_CRE
--------------------------------------------------------

   CREATE SEQUENCE  "EDUC239"."QNA_IDX_CRE"  MINVALUE 1 MAXVALUE 999999999999999999999999999 INCREMENT BY 1 START WITH 10 CACHE 20 NOORDER  NOCYCLE ;
--------------------------------------------------------
--  DDL for Sequence RE_IDX_CRE
--------------------------------------------------------

   CREATE SEQUENCE  "EDUC239"."RE_IDX_CRE"  MINVALUE 1 MAXVALUE 999999999999999999999999999 INCREMENT BY 1 START WITH 8 CACHE 20 NOORDER  NOCYCLE ;
--------------------------------------------------------
--  DDL for Sequence SEQ_BOARD
--------------------------------------------------------

   CREATE SEQUENCE  "EDUC239"."SEQ_BOARD"  MINVALUE 1 MAXVALUE 999999999999999999999999999 INCREMENT BY 1 START WITH 100152 CACHE 20 NOORDER  NOCYCLE ;
--------------------------------------------------------
--  DDL for Sequence SEQ_ID
--------------------------------------------------------

   CREATE SEQUENCE  "EDUC239"."SEQ_ID"  MINVALUE 1 MAXVALUE 999999999999999999999999999 INCREMENT BY 1 START WITH 10004 CACHE 20 NOORDER  NOCYCLE ;
--------------------------------------------------------
--  DDL for Sequence SEQ_REPLY
--------------------------------------------------------

   CREATE SEQUENCE  "EDUC239"."SEQ_REPLY"  MINVALUE 1 MAXVALUE 999999999999999999999999999 INCREMENT BY 1 START WITH 7 CACHE 20 NOORDER  NOCYCLE ;
--------------------------------------------------------
--  DDL for Sequence SUB_IDX_CRE
--------------------------------------------------------

   CREATE SEQUENCE  "EDUC239"."SUB_IDX_CRE"  MINVALUE 1 MAXVALUE 999999999999999999999999999 INCREMENT BY 2 START WITH 1 CACHE 20 NOORDER  NOCYCLE ;
--------------------------------------------------------
--  DDL for Sequence SUB_RE_IDX_CRE
--------------------------------------------------------

   CREATE SEQUENCE  "EDUC239"."SUB_RE_IDX_CRE"  MINVALUE 1 MAXVALUE 999999999999999999999999999 INCREMENT BY 1 START WITH 2 CACHE 20 NOORDER  NOCYCLE ;
--------------------------------------------------------
--  DDL for Sequence SUB_RE_IDX_ID
--------------------------------------------------------

   CREATE SEQUENCE  "EDUC239"."SUB_RE_IDX_ID"  MINVALUE 1 MAXVALUE 999999999999999999999999999 INCREMENT BY 1 START WITH 47 CACHE 20 NOORDER  NOCYCLE ;
--------------------------------------------------------
--  DDL for Sequence SU_IDX_CRE
--------------------------------------------------------

   CREATE SEQUENCE  "EDUC239"."SU_IDX_CRE"  MINVALUE 1 MAXVALUE 999999999999999999999999999 INCREMENT BY 1 START WITH 2 CACHE 20 NOORDER  NOCYCLE ;
--------------------------------------------------------
--  DDL for Sequence TA_SEQ_BASKET
--------------------------------------------------------

   CREATE SEQUENCE  "EDUC239"."TA_SEQ_BASKET"  MINVALUE 1 MAXVALUE 999999999999999999999999999 INCREMENT BY 1 START WITH 1 CACHE 20 NOORDER  NOCYCLE ;
--------------------------------------------------------
--  DDL for Sequence TA_SEQ_BOARD
--------------------------------------------------------

   CREATE SEQUENCE  "EDUC239"."TA_SEQ_BOARD"  MINVALUE 1 MAXVALUE 999999999999999999999999999 INCREMENT BY 1 START WITH 1 CACHE 20 NOORDER  NOCYCLE ;
--------------------------------------------------------
--  DDL for Sequence TA_SEQ_COUPON_RECODE
--------------------------------------------------------

   CREATE SEQUENCE  "EDUC239"."TA_SEQ_COUPON_RECODE"  MINVALUE 1 MAXVALUE 999999999999999999999999999 INCREMENT BY 1 START WITH 1 CACHE 20 NOORDER  NOCYCLE ;
--------------------------------------------------------
--  DDL for Sequence TA_SEQ_FAQ
--------------------------------------------------------

   CREATE SEQUENCE  "EDUC239"."TA_SEQ_FAQ"  MINVALUE 1 MAXVALUE 999999999999999999999999999 INCREMENT BY 1 START WITH 1 CACHE 20 NOORDER  NOCYCLE ;
--------------------------------------------------------
--  DDL for Sequence TA_SEQ_MILEAGE
--------------------------------------------------------

   CREATE SEQUENCE  "EDUC239"."TA_SEQ_MILEAGE"  MINVALUE 1 MAXVALUE 999999999999999999999999999 INCREMENT BY 1 START WITH 1 CACHE 20 NOORDER  NOCYCLE ;
--------------------------------------------------------
--  DDL for Sequence TA_SEQ_POP
--------------------------------------------------------

   CREATE SEQUENCE  "EDUC239"."TA_SEQ_POP"  MINVALUE 1 MAXVALUE 999999999999999999999999999 INCREMENT BY 1 START WITH 1 CACHE 20 NOORDER  NOCYCLE ;
--------------------------------------------------------
--  DDL for Sequence TA_SEQ_PROIMG
--------------------------------------------------------

   CREATE SEQUENCE  "EDUC239"."TA_SEQ_PROIMG"  MINVALUE 1 MAXVALUE 999999999999999999999999999 INCREMENT BY 1 START WITH 1 CACHE 20 NOORDER  NOCYCLE ;
--------------------------------------------------------
--  DDL for Sequence TA_SEQ_QUESTION
--------------------------------------------------------

   CREATE SEQUENCE  "EDUC239"."TA_SEQ_QUESTION"  MINVALUE 1 MAXVALUE 999999999999999999999999999 INCREMENT BY 1 START WITH 1 CACHE 20 NOORDER  NOCYCLE ;
--------------------------------------------------------
--  DDL for Sequence TA_SEQ_RESERVATION
--------------------------------------------------------

   CREATE SEQUENCE  "EDUC239"."TA_SEQ_RESERVATION"  MINVALUE 1 MAXVALUE 999999999999999999999999999 INCREMENT BY 1 START WITH 1 CACHE 20 NOORDER  NOCYCLE ;
--------------------------------------------------------
--  DDL for Sequence TA_SEQ_REVIEW
--------------------------------------------------------

   CREATE SEQUENCE  "EDUC239"."TA_SEQ_REVIEW"  MINVALUE 1 MAXVALUE 999999999999999999999999999 INCREMENT BY 1 START WITH 1 CACHE 20 NOORDER  NOCYCLE ;
--------------------------------------------------------
--  DDL for Sequence TA_SEQ_REVIEWIMG
--------------------------------------------------------

   CREATE SEQUENCE  "EDUC239"."TA_SEQ_REVIEWIMG"  MINVALUE 1 MAXVALUE 999999999999999999999999999 INCREMENT BY 1 START WITH 1 CACHE 20 NOORDER  NOCYCLE ;
--------------------------------------------------------
--  DDL for Sequence TA_SEQ_SUBSCRIBER
--------------------------------------------------------

   CREATE SEQUENCE  "EDUC239"."TA_SEQ_SUBSCRIBER"  MINVALUE 1 MAXVALUE 999999999999999999999999999 INCREMENT BY 1 START WITH 1 CACHE 20 NOORDER  NOCYCLE ;
--------------------------------------------------------
--  DDL for Sequence TB_SEQ_BUY_STAT_NUM
--------------------------------------------------------

   CREATE SEQUENCE  "EDUC239"."TB_SEQ_BUY_STAT_NUM"  MINVALUE 1 MAXVALUE 999999999999999999999999999 INCREMENT BY 1 START WITH 1 CACHE 20 ORDER  NOCYCLE ;
--------------------------------------------------------
--  DDL for Sequence TB_SEQ_CLAIMBOARD_IMG_NUM
--------------------------------------------------------

   CREATE SEQUENCE  "EDUC239"."TB_SEQ_CLAIMBOARD_IMG_NUM"  MINVALUE 1 MAXVALUE 999999999999999999999999999 INCREMENT BY 1 START WITH 1 CACHE 20 ORDER  NOCYCLE ;
--------------------------------------------------------
--  DDL for Sequence TB_SEQ_CLIAM_BOARD_NUM
--------------------------------------------------------

   CREATE SEQUENCE  "EDUC239"."TB_SEQ_CLIAM_BOARD_NUM"  MINVALUE 1 MAXVALUE 999999999999999999999999999 INCREMENT BY 1 START WITH 1 CACHE 20 ORDER  NOCYCLE ;
--------------------------------------------------------
--  DDL for Sequence TB_SEQ_EVENT_IMG_NUM
--------------------------------------------------------

   CREATE SEQUENCE  "EDUC239"."TB_SEQ_EVENT_IMG_NUM"  MINVALUE 1 MAXVALUE 999999999999999999999999999 INCREMENT BY 1 START WITH 1 CACHE 20 ORDER  NOCYCLE ;
--------------------------------------------------------
--  DDL for Sequence TB_SEQ_EVENT_NUM
--------------------------------------------------------

   CREATE SEQUENCE  "EDUC239"."TB_SEQ_EVENT_NUM"  MINVALUE 1 MAXVALUE 999999999999999999999999999 INCREMENT BY 1 START WITH 1 CACHE 20 ORDER  NOCYCLE ;
--------------------------------------------------------
--  DDL for Sequence TB_SEQ_FAVORITE_NUM
--------------------------------------------------------

   CREATE SEQUENCE  "EDUC239"."TB_SEQ_FAVORITE_NUM"  MINVALUE 1 MAXVALUE 999999999999999999999999999 INCREMENT BY 1 START WITH 1 CACHE 20 ORDER  NOCYCLE ;
--------------------------------------------------------
--  DDL for Sequence TB_SEQ_FIRST_CAT_NUM
--------------------------------------------------------

   CREATE SEQUENCE  "EDUC239"."TB_SEQ_FIRST_CAT_NUM"  MINVALUE 1 MAXVALUE 999999999999999999999999999 INCREMENT BY 1 START WITH 1 CACHE 20 ORDER  NOCYCLE ;
--------------------------------------------------------
--  DDL for Sequence TB_SEQ_FREEBOARD_HITS
--------------------------------------------------------

   CREATE SEQUENCE  "EDUC239"."TB_SEQ_FREEBOARD_HITS"  MINVALUE 1 MAXVALUE 999999999999999999999999999 INCREMENT BY 1 START WITH 1 CACHE 20 ORDER  NOCYCLE ;
--------------------------------------------------------
--  DDL for Sequence TB_SEQ_FREEBOARD_IMG_NUM
--------------------------------------------------------

   CREATE SEQUENCE  "EDUC239"."TB_SEQ_FREEBOARD_IMG_NUM"  MINVALUE 1 MAXVALUE 999999999999999999999999999 INCREMENT BY 1 START WITH 1 CACHE 20 ORDER  NOCYCLE ;
--------------------------------------------------------
--  DDL for Sequence TB_SEQ_FREEBOARD_NUM
--------------------------------------------------------

   CREATE SEQUENCE  "EDUC239"."TB_SEQ_FREEBOARD_NUM"  MINVALUE 1 MAXVALUE 999999999999999999999999999 INCREMENT BY 1 START WITH 1 CACHE 20 ORDER  NOCYCLE ;
--------------------------------------------------------
--  DDL for Sequence TB_SEQ_LAST_CAT_NUM
--------------------------------------------------------

   CREATE SEQUENCE  "EDUC239"."TB_SEQ_LAST_CAT_NUM"  MINVALUE 1 MAXVALUE 999999999999999999999999999 INCREMENT BY 1 START WITH 1 CACHE 20 ORDER  NOCYCLE ;
--------------------------------------------------------
--  DDL for Sequence TB_SEQ_NOTICE_IMG_NUM
--------------------------------------------------------

   CREATE SEQUENCE  "EDUC239"."TB_SEQ_NOTICE_IMG_NUM"  MINVALUE 1 MAXVALUE 999999999999999999999999999 INCREMENT BY 1 START WITH 1 CACHE 20 ORDER  NOCYCLE ;
--------------------------------------------------------
--  DDL for Sequence TB_SEQ_NOTICE_NUM
--------------------------------------------------------

   CREATE SEQUENCE  "EDUC239"."TB_SEQ_NOTICE_NUM"  MINVALUE 1 MAXVALUE 999999999999999999999999999 INCREMENT BY 1 START WITH 1 CACHE 20 ORDER  NOCYCLE ;
--------------------------------------------------------
--  DDL for Sequence TB_SEQ_PRODUCT_BUY_HITS
--------------------------------------------------------

   CREATE SEQUENCE  "EDUC239"."TB_SEQ_PRODUCT_BUY_HITS"  MINVALUE 1 MAXVALUE 999999999999999999999999999 INCREMENT BY 1 START WITH 183 CACHE 20 ORDER  NOCYCLE ;
--------------------------------------------------------
--  DDL for Sequence TB_SEQ_PRODUCT_DETAIL_NUM
--------------------------------------------------------

   CREATE SEQUENCE  "EDUC239"."TB_SEQ_PRODUCT_DETAIL_NUM"  MINVALUE 1 MAXVALUE 999999999999999999999999999 INCREMENT BY 1 START WITH 1 CACHE 20 ORDER  NOCYCLE ;
--------------------------------------------------------
--  DDL for Sequence TB_SEQ_PRODUCT_HITS
--------------------------------------------------------

   CREATE SEQUENCE  "EDUC239"."TB_SEQ_PRODUCT_HITS"  MINVALUE 1 MAXVALUE 999999999999999999999999999 INCREMENT BY 1 START WITH 183 CACHE 20 ORDER  NOCYCLE ;
--------------------------------------------------------
--  DDL for Sequence TB_SEQ_PRODUCT_IMG_NUM
--------------------------------------------------------

   CREATE SEQUENCE  "EDUC239"."TB_SEQ_PRODUCT_IMG_NUM"  MINVALUE 1 MAXVALUE 999999999999999999999999999 INCREMENT BY 1 START WITH 5 CACHE 20 ORDER  NOCYCLE ;
--------------------------------------------------------
--  DDL for Sequence TB_SEQ_PRODUCT_NUM
--------------------------------------------------------

   CREATE SEQUENCE  "EDUC239"."TB_SEQ_PRODUCT_NUM"  MINVALUE 1 MAXVALUE 999999999999999999999999999 INCREMENT BY 1 START WITH 186 CACHE 20 ORDER  NOCYCLE ;
--------------------------------------------------------
--  DDL for Sequence TB_SEQ_PRO_STAT_NUM
--------------------------------------------------------

   CREATE SEQUENCE  "EDUC239"."TB_SEQ_PRO_STAT_NUM"  MINVALUE 1 MAXVALUE 999999999999999999999999999 INCREMENT BY 1 START WITH 1 CACHE 20 ORDER  NOCYCLE ;
--------------------------------------------------------
--  DDL for Sequence TB_SEQ_REVIEW_NUM
--------------------------------------------------------

   CREATE SEQUENCE  "EDUC239"."TB_SEQ_REVIEW_NUM"  MINVALUE 1 MAXVALUE 999999999999999999999999999 INCREMENT BY 1 START WITH 13 CACHE 20 ORDER  NOCYCLE ;
--------------------------------------------------------
--  DDL for Sequence TB_SEQ_SEARCH_STAT_COUNT
--------------------------------------------------------

   CREATE SEQUENCE  "EDUC239"."TB_SEQ_SEARCH_STAT_COUNT"  MINVALUE 1 MAXVALUE 999999999999999999999999999 INCREMENT BY 1 START WITH 1 CACHE 20 ORDER  NOCYCLE ;
--------------------------------------------------------
--  DDL for Sequence TB_SEQ_SEARCH_STAT_NUM
--------------------------------------------------------

   CREATE SEQUENCE  "EDUC239"."TB_SEQ_SEARCH_STAT_NUM"  MINVALUE 1 MAXVALUE 999999999999999999999999999 INCREMENT BY 1 START WITH 1 CACHE 20 ORDER  NOCYCLE ;
--------------------------------------------------------
--  DDL for Sequence TB_SEQ_SECOND_CAT_NUM
--------------------------------------------------------

   CREATE SEQUENCE  "EDUC239"."TB_SEQ_SECOND_CAT_NUM"  MINVALUE 1 MAXVALUE 999999999999999999999999999 INCREMENT BY 1 START WITH 1 CACHE 20 ORDER  NOCYCLE ;
--------------------------------------------------------
--  DDL for Sequence TB_SEQ_THIRD_CAT_NUM
--------------------------------------------------------

   CREATE SEQUENCE  "EDUC239"."TB_SEQ_THIRD_CAT_NUM"  MINVALUE 1 MAXVALUE 999999999999999999999999999 INCREMENT BY 1 START WITH 1 CACHE 20 ORDER  NOCYCLE ;
--------------------------------------------------------
--  DDL for Sequence TB_SEQ_USER_NUM
--------------------------------------------------------

   CREATE SEQUENCE  "EDUC239"."TB_SEQ_USER_NUM"  MINVALUE 1 MAXVALUE 999999999999999999999999999 INCREMENT BY 1 START WITH 13 CACHE 20 ORDER  NOCYCLE ;
--------------------------------------------------------
--  DDL for Sequence TC_NOTICE_SEQ
--------------------------------------------------------

   CREATE SEQUENCE  "EDUC239"."TC_NOTICE_SEQ"  MINVALUE 1 MAXVALUE 9999999999999999999999999999 INCREMENT BY 1 START WITH 11 CACHE 20 NOORDER  NOCYCLE ;
--------------------------------------------------------
--  DDL for Sequence TC_SEQ_DATE
--------------------------------------------------------

   CREATE SEQUENCE  "EDUC239"."TC_SEQ_DATE"  MINVALUE 1 MAXVALUE 999999999999999999999999999 INCREMENT BY 1 START WITH 1 CACHE 20 NOORDER  NOCYCLE ;
--------------------------------------------------------
--  DDL for Sequence TC_SEQ_EVENT
--------------------------------------------------------

   CREATE SEQUENCE  "EDUC239"."TC_SEQ_EVENT"  MINVALUE 1 MAXVALUE 999999999999999999999999999 INCREMENT BY 1 START WITH 1 CACHE 20 NOORDER  NOCYCLE ;
--------------------------------------------------------
--  DDL for Sequence TC_SEQ_IMAGE
--------------------------------------------------------

   CREATE SEQUENCE  "EDUC239"."TC_SEQ_IMAGE"  MINVALUE 1 MAXVALUE 999999999999999999999999999 INCREMENT BY 1 START WITH 1 CACHE 20 NOORDER  NOCYCLE ;
--------------------------------------------------------
--  DDL for Sequence TC_SEQ_INDEX
--------------------------------------------------------

   CREATE SEQUENCE  "EDUC239"."TC_SEQ_INDEX"  MINVALUE 1 MAXVALUE 999999999999999999999999999 INCREMENT BY 1 START WITH 1 CACHE 20 NOORDER  NOCYCLE ;
--------------------------------------------------------
--  DDL for Sequence TC_SEQ_NOTICE
--------------------------------------------------------

   CREATE SEQUENCE  "EDUC239"."TC_SEQ_NOTICE"  MINVALUE 1 MAXVALUE 999999999999999999999999999 INCREMENT BY 1 START WITH 17 CACHE 20 NOORDER  NOCYCLE ;
--------------------------------------------------------
--  DDL for Sequence TC_SEQ_ORDER
--------------------------------------------------------

   CREATE SEQUENCE  "EDUC239"."TC_SEQ_ORDER"  MINVALUE 1 MAXVALUE 999999999999999999999999999 INCREMENT BY 1 START WITH 1 CACHE 20 NOORDER  NOCYCLE ;
--------------------------------------------------------
--  DDL for Sequence TC_SEQ_POINT
--------------------------------------------------------

   CREATE SEQUENCE  "EDUC239"."TC_SEQ_POINT"  MINVALUE 1 MAXVALUE 999999999999999999999999999 INCREMENT BY 1 START WITH 1 CACHE 20 NOORDER  NOCYCLE ;
--------------------------------------------------------
--  DDL for Sequence TC_SEQ_QNA
--------------------------------------------------------

   CREATE SEQUENCE  "EDUC239"."TC_SEQ_QNA"  MINVALUE 1 MAXVALUE 999999999999999999999999999 INCREMENT BY 1 START WITH 1 CACHE 20 NOORDER  NOCYCLE ;
--------------------------------------------------------
--  DDL for Sequence TC_SEQ_REVIEW
--------------------------------------------------------

   CREATE SEQUENCE  "EDUC239"."TC_SEQ_REVIEW"  MINVALUE 1 MAXVALUE 999999999999999999999999999 INCREMENT BY 1 START WITH 1 CACHE 20 NOORDER  NOCYCLE ;
--------------------------------------------------------
--  DDL for Sequence TC_SEQ_VIEWCOUNT
--------------------------------------------------------

   CREATE SEQUENCE  "EDUC239"."TC_SEQ_VIEWCOUNT"  MINVALUE 1 MAXVALUE 999999999999999999999999999 INCREMENT BY 1 START WITH 1 CACHE 20 NOORDER  NOCYCLE ;
--------------------------------------------------------
--  DDL for Sequence TD_SEQ_ADMINIDX
--------------------------------------------------------

   CREATE SEQUENCE  "EDUC239"."TD_SEQ_ADMINIDX"  MINVALUE 1 MAXVALUE 1000 INCREMENT BY 1 START WITH 9 CACHE 20 NOORDER  NOCYCLE ;
--------------------------------------------------------
--  DDL for Sequence TD_SEQ_BOKIG
--------------------------------------------------------

   CREATE SEQUENCE  "EDUC239"."TD_SEQ_BOKIG"  MINVALUE 1 MAXVALUE 999999999999999999999999999 INCREMENT BY 1 START WITH 1 CACHE 20 NOORDER  NOCYCLE ;
--------------------------------------------------------
--  DDL for Sequence TD_SEQ_DISCOUNT
--------------------------------------------------------

   CREATE SEQUENCE  "EDUC239"."TD_SEQ_DISCOUNT"  MINVALUE 1 MAXVALUE 999999999999999999999999999 INCREMENT BY 1 START WITH 1 CACHE 20 NOORDER  NOCYCLE ;
--------------------------------------------------------
--  DDL for Sequence TD_SEQ_DISINFO
--------------------------------------------------------

   CREATE SEQUENCE  "EDUC239"."TD_SEQ_DISINFO"  MINVALUE 1 MAXVALUE 999999999999999999999999999 INCREMENT BY 1 START WITH 1 CACHE 20 NOORDER  NOCYCLE ;
--------------------------------------------------------
--  DDL for Sequence TD_SEQ_FAQ
--------------------------------------------------------

   CREATE SEQUENCE  "EDUC239"."TD_SEQ_FAQ"  MINVALUE 1 MAXVALUE 999999999999999999999999999 INCREMENT BY 1 START WITH 1 CACHE 20 NOORDER  NOCYCLE ;
--------------------------------------------------------
--  DDL for Sequence TD_SEQ_HF
--------------------------------------------------------

   CREATE SEQUENCE  "EDUC239"."TD_SEQ_HF"  MINVALUE 1 MAXVALUE 999999999999999999999999999 INCREMENT BY 1 START WITH 1 CACHE 20 NOORDER  NOCYCLE ;
--------------------------------------------------------
--  DDL for Sequence TD_SEQ_HINFO
--------------------------------------------------------

   CREATE SEQUENCE  "EDUC239"."TD_SEQ_HINFO"  MINVALUE 1 MAXVALUE 999999999999999999999999999 INCREMENT BY 1 START WITH 1 CACHE 20 NOORDER  NOCYCLE ;
--------------------------------------------------------
--  DDL for Sequence TD_SEQ_INVIEW
--------------------------------------------------------

   CREATE SEQUENCE  "EDUC239"."TD_SEQ_INVIEW"  MINVALUE 1 MAXVALUE 999999999999999999999999999 INCREMENT BY 1 START WITH 1 CACHE 20 NOORDER  NOCYCLE ;
--------------------------------------------------------
--  DDL for Sequence TD_SEQ_NOTI
--------------------------------------------------------

   CREATE SEQUENCE  "EDUC239"."TD_SEQ_NOTI"  MINVALUE 1 MAXVALUE 999999999999999999999999999 INCREMENT BY 1 START WITH 32 CACHE 20 NOORDER  NOCYCLE ;
--------------------------------------------------------
--  DDL for Sequence TD_SEQ_PAY
--------------------------------------------------------

   CREATE SEQUENCE  "EDUC239"."TD_SEQ_PAY"  MINVALUE 1 MAXVALUE 999999999999999999999999999 INCREMENT BY 1 START WITH 1 CACHE 20 NOORDER  NOCYCLE ;
--------------------------------------------------------
--  DDL for Sequence TD_SEQ_RECENT
--------------------------------------------------------

   CREATE SEQUENCE  "EDUC239"."TD_SEQ_RECENT"  MINVALUE 1 MAXVALUE 999999999999999999999999999 INCREMENT BY 1 START WITH 1 CACHE 20 NOORDER  NOCYCLE ;
--------------------------------------------------------
--  DDL for Sequence TD_SEQ_REVIEW
--------------------------------------------------------

   CREATE SEQUENCE  "EDUC239"."TD_SEQ_REVIEW"  MINVALUE 1 MAXVALUE 999999999999999999999999999 INCREMENT BY 1 START WITH 1 CACHE 20 NOORDER  NOCYCLE ;
--------------------------------------------------------
--  DDL for Sequence TD_SEQ_RF
--------------------------------------------------------

   CREATE SEQUENCE  "EDUC239"."TD_SEQ_RF"  MINVALUE 1 MAXVALUE 999999999999999999999999999 INCREMENT BY 1 START WITH 1 CACHE 20 NOORDER  NOCYCLE ;
--------------------------------------------------------
--  DDL for Sequence TD_SEQ_RIMG
--------------------------------------------------------

   CREATE SEQUENCE  "EDUC239"."TD_SEQ_RIMG"  MINVALUE 1 MAXVALUE 999999999999999999999999999 INCREMENT BY 1 START WITH 1 CACHE 20 NOORDER  NOCYCLE ;
--------------------------------------------------------
--  DDL for Sequence TD_SEQ_RINFO
--------------------------------------------------------

   CREATE SEQUENCE  "EDUC239"."TD_SEQ_RINFO"  MINVALUE 1 MAXVALUE 999999999999999999999999999 INCREMENT BY 1 START WITH 1 CACHE 20 NOORDER  NOCYCLE ;
--------------------------------------------------------
--  DDL for Sequence TD_SEQ_ROOM
--------------------------------------------------------

   CREATE SEQUENCE  "EDUC239"."TD_SEQ_ROOM"  MINVALUE 1 MAXVALUE 999999999999999999999999999 INCREMENT BY 1 START WITH 1 CACHE 20 NOORDER  NOCYCLE ;
--------------------------------------------------------
--  DDL for Sequence TD_SEQ_SIMG
--------------------------------------------------------

   CREATE SEQUENCE  "EDUC239"."TD_SEQ_SIMG"  MINVALUE 1 MAXVALUE 999999999999999999999999999 INCREMENT BY 1 START WITH 1 CACHE 20 NOORDER  NOCYCLE ;
--------------------------------------------------------
--  DDL for Sequence TE_SEQ_ASK_IDX
--------------------------------------------------------

   CREATE SEQUENCE  "EDUC239"."TE_SEQ_ASK_IDX"  MINVALUE 1 MAXVALUE 999999999999999999999999999 INCREMENT BY 1 START WITH 1 CACHE 20 NOORDER  NOCYCLE ;
--------------------------------------------------------
--  DDL for Sequence TE_SEQ_BARGAIN_IDX
--------------------------------------------------------

   CREATE SEQUENCE  "EDUC239"."TE_SEQ_BARGAIN_IDX"  MINVALUE 1 MAXVALUE 999999999999999999999999999 INCREMENT BY 1 START WITH 1 CACHE 20 NOORDER  NOCYCLE ;
--------------------------------------------------------
--  DDL for Sequence TE_SEQ_CATEGORY2_IDX
--------------------------------------------------------

   CREATE SEQUENCE  "EDUC239"."TE_SEQ_CATEGORY2_IDX"  MINVALUE 1 MAXVALUE 999999999999999999999999999 INCREMENT BY 1 START WITH 1 CACHE 20 NOORDER  NOCYCLE ;
--------------------------------------------------------
--  DDL for Sequence TE_SEQ_EVENTIMG_IDX
--------------------------------------------------------

   CREATE SEQUENCE  "EDUC239"."TE_SEQ_EVENTIMG_IDX"  MINVALUE 1 MAXVALUE 999999999999999999999999999 INCREMENT BY 1 START WITH 1 CACHE 20 NOORDER  NOCYCLE ;
--------------------------------------------------------
--  DDL for Sequence TE_SEQ_EVENT_IDX
--------------------------------------------------------

   CREATE SEQUENCE  "EDUC239"."TE_SEQ_EVENT_IDX"  MINVALUE 1 MAXVALUE 999999999999999999999999999 INCREMENT BY 1 START WITH 1 CACHE 20 NOORDER  NOCYCLE ;
--------------------------------------------------------
--  DDL for Sequence TE_SEQ_IMAGE_IDX
--------------------------------------------------------

   CREATE SEQUENCE  "EDUC239"."TE_SEQ_IMAGE_IDX"  MINVALUE 1 MAXVALUE 999999999999999999999999999 INCREMENT BY 1 START WITH 1 CACHE 20 NOORDER  NOCYCLE ;
--------------------------------------------------------
--  DDL for Sequence TE_SEQ_MILE_IDX
--------------------------------------------------------

   CREATE SEQUENCE  "EDUC239"."TE_SEQ_MILE_IDX"  MINVALUE 1 MAXVALUE 999999999999999999999999999 INCREMENT BY 1 START WITH 1 CACHE 20 NOORDER  NOCYCLE ;
--------------------------------------------------------
--  DDL for Sequence TE_SEQ_NOTICE_IDX
--------------------------------------------------------

   CREATE SEQUENCE  "EDUC239"."TE_SEQ_NOTICE_IDX"  MINVALUE 1 MAXVALUE 999999999999999999999999999 INCREMENT BY 1 START WITH 1 CACHE 20 NOORDER  NOCYCLE ;
--------------------------------------------------------
--  DDL for Sequence TE_SEQ_ORDER_IDX
--------------------------------------------------------

   CREATE SEQUENCE  "EDUC239"."TE_SEQ_ORDER_IDX"  MINVALUE 1 MAXVALUE 999999999999999999999999999 INCREMENT BY 1 START WITH 1 CACHE 20 NOORDER  NOCYCLE ;
--------------------------------------------------------
--  DDL for Sequence TE_SEQ_PCADVICE_IDX
--------------------------------------------------------

   CREATE SEQUENCE  "EDUC239"."TE_SEQ_PCADVICE_IDX"  MINVALUE 1 MAXVALUE 999999999999999999999999999 INCREMENT BY 1 START WITH 1 CACHE 20 NOORDER  NOCYCLE ;
--------------------------------------------------------
--  DDL for Sequence TE_SEQ_PRODUCTIMG_IDX
--------------------------------------------------------

   CREATE SEQUENCE  "EDUC239"."TE_SEQ_PRODUCTIMG_IDX"  MINVALUE 1 MAXVALUE 999999999999999999999999999 INCREMENT BY 1 START WITH 1 CACHE 20 NOORDER  NOCYCLE ;
--------------------------------------------------------
--  DDL for Sequence TE_SEQ_PRODUCT_IDX
--------------------------------------------------------

   CREATE SEQUENCE  "EDUC239"."TE_SEQ_PRODUCT_IDX"  MINVALUE 1 MAXVALUE 999999999999999999999999999 INCREMENT BY 1 START WITH 1 CACHE 20 NOORDER  NOCYCLE ;
--------------------------------------------------------
--  DDL for Sequence TE_SEQ_QNA_IDX
--------------------------------------------------------

   CREATE SEQUENCE  "EDUC239"."TE_SEQ_QNA_IDX"  MINVALUE 1 MAXVALUE 999999999999999999999999999 INCREMENT BY 1 START WITH 1 CACHE 20 NOORDER  NOCYCLE ;
--------------------------------------------------------
--  DDL for Sequence TE_SEQ_REVIEWIMG_IDX
--------------------------------------------------------

   CREATE SEQUENCE  "EDUC239"."TE_SEQ_REVIEWIMG_IDX"  MINVALUE 1 MAXVALUE 999999999999999999999999999 INCREMENT BY 1 START WITH 6 CACHE 20 NOORDER  NOCYCLE ;
--------------------------------------------------------
--  DDL for Sequence TE_SEQ_REVIEW_IDX
--------------------------------------------------------

   CREATE SEQUENCE  "EDUC239"."TE_SEQ_REVIEW_IDX"  MINVALUE 1 MAXVALUE 999999999999999999999999999 INCREMENT BY 1 START WITH 2 CACHE 20 NOORDER  NOCYCLE ;
--------------------------------------------------------
--  DDL for Table TA_ANSWER
--------------------------------------------------------

  CREATE TABLE "EDUC239"."TA_ANSWER" 
   (	"rno" NUMBER, 
	"bno" NUMBER, 
	"replytext" NVARCHAR2(200), 
	"regdate" DATE, 
	"BOARD_CODE" NVARCHAR2(10) DEFAULT 03
   ) ;
--------------------------------------------------------
--  DDL for Table TA_BASKET
--------------------------------------------------------

  CREATE TABLE "EDUC239"."TA_BASKET" 
   (	"BASKET_IDX" CHAR(18), 
	"ID" NVARCHAR2(100), 
	"PRODUCT_CODE" NVARCHAR2(50), 
	"GET_DATE" DATE DEFAULT SYSDATE
   ) ;
 

   COMMENT ON COLUMN "EDUC239"."TA_BASKET"."GET_DATE" IS '일정 시간이 지나면 장바구니를 비워주게 하기 위해';
--------------------------------------------------------
--  DDL for Table TA_BOARD
--------------------------------------------------------

  CREATE TABLE "EDUC239"."TA_BOARD" 
   (	"BOARD_IDX" NUMBER, 
	"TITLE" NVARCHAR2(200), 
	"WRITER" NVARCHAR2(100), 
	"WRITEDATE" DATE DEFAULT SYSDATE, 
	"CONTENT" NVARCHAR2(2000), 
	"IMPORTMANT" NVARCHAR2(5) DEFAULT 'N', 
	"ID" NVARCHAR2(100), 
	"BOARD_CODE" NVARCHAR2(50), 
	"IMG" NVARCHAR2(2000), 
	"ANSWER" NVARCHAR2(2000), 
	"ANSWER_DATE" DATE DEFAULT SYSDATE, 
	"ANSWER_IDX" NUMBER
   ) ;
--------------------------------------------------------
--  DDL for Table TA_BOARD_INFO
--------------------------------------------------------

  CREATE TABLE "EDUC239"."TA_BOARD_INFO" 
   (	"BOARD_CODE" NVARCHAR2(50), 
	"BOARD_NAME" NVARCHAR2(100)
   ) ;
--------------------------------------------------------
--  DDL for Table TA_CITY
--------------------------------------------------------

  CREATE TABLE "EDUC239"."TA_CITY" 
   (	"CITY_CODE" NVARCHAR2(30), 
	"CITY_NAME" NVARCHAR2(200), 
	"NATION_CODE" NVARCHAR2(50)
   ) ;
--------------------------------------------------------
--  DDL for Table TA_COUPON
--------------------------------------------------------

  CREATE TABLE "EDUC239"."TA_COUPON" 
   (	"COUPON_CODE" NVARCHAR2(50), 
	"COUPON_NAME" NVARCHAR2(100), 
	"DISCOUNT" NUMBER, 
	"USE_DATE" NUMBER, 
	"END_DATE" DATE, 
	"IMG" NVARCHAR2(200)
   ) ;
--------------------------------------------------------
--  DDL for Table TA_COUPON_RECODE
--------------------------------------------------------

  CREATE TABLE "EDUC239"."TA_COUPON_RECODE" 
   (	"COUPON_CODE" NVARCHAR2(50), 
	"ID" NVARCHAR2(100), 
	"USE_DATE" DATE, 
	"COUPON_RECODE_IDX" NUMBER, 
	"GET_DATE" DATE, 
	"ORDER_CODE" NUMBER, 
	"RE_IDX" NUMBER
   ) ;
--------------------------------------------------------
--  DDL for Table TA_FAQ
--------------------------------------------------------

  CREATE TABLE "EDUC239"."TA_FAQ" 
   (	"FAQ_IDX" NUMBER, 
	"CATEGORIZATION" NVARCHAR2(50), 
	"TITLE" NVARCHAR2(200), 
	"WRITEDATE" DATE DEFAULT SYSDATE, 
	"CONTENT" NVARCHAR2(2000)
   ) ;
--------------------------------------------------------
--  DDL for Table TA_MEMBER
--------------------------------------------------------

  CREATE TABLE "EDUC239"."TA_MEMBER" 
   (	"ID" NVARCHAR2(100), 
	"NAME" NVARCHAR2(100), 
	"PASSWD" NVARCHAR2(100), 
	"BIRTH" NVARCHAR2(50), 
	"PHONE" NVARCHAR2(50), 
	"EMAIL" NVARCHAR2(200), 
	"SEX" NVARCHAR2(5), 
	"GRADE" NVARCHAR2(5), 
	"GET_MILEAGE" NUMBER DEFAULT 0, 
	"LEAVE" NVARCHAR2(5) DEFAULT 'N', 
	"SESSIONKEY" VARCHAR2(50) DEFAULT 'none', 
	"SESSIONLIMIT" TIMESTAMP (6)
   ) ;
--------------------------------------------------------
--  DDL for Table TA_MILEAGE
--------------------------------------------------------

  CREATE TABLE "EDUC239"."TA_MILEAGE" 
   (	"MILEAGE_IDX" NUMBER, 
	"MILEAGE_DATE" NVARCHAR2(100), 
	"CONTENT" NVARCHAR2(30), 
	"MILEAGE_STATUS" NUMBER DEFAULT 0, 
	"MILEAGE" CHAR(18) DEFAULT SYSDATE, 
	"ID" NVARCHAR2(100), 
	"ORDER_CODE" NUMBER, 
	"RE_IDX" NUMBER
   ) ;
--------------------------------------------------------
--  DDL for Table TA_NATION
--------------------------------------------------------

  CREATE TABLE "EDUC239"."TA_NATION" 
   (	"NATION_CODE" NVARCHAR2(50), 
	"NATION_NAME" NVARCHAR2(200)
   ) ;
--------------------------------------------------------
--  DDL for Table TA_ORDER
--------------------------------------------------------

  CREATE TABLE "EDUC239"."TA_ORDER" 
   (	"ORDER_CODE" NUMBER, 
	"ORDER_DATE" DATE DEFAULT SYSDATE, 
	"ORDER_MEANS" NVARCHAR2(50), 
	"ORDER_PRICE" NUMBER DEFAULT 0, 
	"STATUS" NVARCHAR2(50), 
	"CARD_COMPANY" NVARCHAR2(50), 
	"CARD_NUMBER" NVARCHAR2(50), 
	"BANK" NVARCHAR2(100), 
	"BANK_NUMBER" NVARCHAR2(50), 
	"RE_IDX" NUMBER, 
	"USE_MILEAGE" NUMBER DEFAULT 0, 
	"USE_COUPON" NVARCHAR2(200)
   ) ;
 

   COMMENT ON COLUMN "EDUC239"."TA_ORDER"."STATUS" IS '01:구매완료 02:환불요청 03: 환불완료';
--------------------------------------------------------
--  DDL for Table TA_POP
--------------------------------------------------------

  CREATE TABLE "EDUC239"."TA_POP" 
   (	"POP_IDX" NUMBER, 
	"TITLE" NVARCHAR2(200), 
	"WRITEDATE" DATE DEFAULT SYSDATE, 
	"CONTENT" NVARCHAR2(2000), 
	"POP" NVARCHAR2(5) DEFAULT 'N', 
	"IMG" NVARCHAR2(200), 
	"LINK" NVARCHAR2(500), 
	"ID" NVARCHAR2(100)
   ) ;
--------------------------------------------------------
--  DDL for Table TA_PRODUCT
--------------------------------------------------------

  CREATE TABLE "EDUC239"."TA_PRODUCT" 
   (	"PRODUCT_CODE" NVARCHAR2(50), 
	"PRODUCT_NAME" NVARCHAR2(200), 
	"THENUMBER" NUMBER DEFAULT 0, 
	"DEPARTURE_DATE" DATE, 
	"ARRIVAL_DATE" DATE, 
	"TRANSPORTATION" NVARCHAR2(50), 
	"THEME" NVARCHAR2(50), 
	"CATEGORIZATION" NVARCHAR2(50), 
	"ADULT_PRICE" NUMBER DEFAULT 0, 
	"CHILD_PRICE" NUMBER DEFAULT 0, 
	"BABY_PRICE" NUMBER DEFAULT 0, 
	"COSTPRICE" NUMBER DEFAULT 0, 
	"ITINERARY" NVARCHAR2(2000), 
	"HOTEL_TOUR" NVARCHAR2(2000), 
	"OPTIONAL_TOUR" NVARCHAR2(2000), 
	"SALES" NVARCHAR2(5) DEFAULT 'N', 
	"NATION_CODE" NVARCHAR2(10), 
	"CITY_CODE" NVARCHAR2(10), 
	"MILEAGE_PERCENT" NUMBER
   ) ;
 

   COMMENT ON COLUMN "EDUC239"."TA_PRODUCT"."PRODUCT_CODE" IS '월일시간분';
 
   COMMENT ON COLUMN "EDUC239"."TA_PRODUCT"."THENUMBER" IS '인원수';
 
   COMMENT ON COLUMN "EDUC239"."TA_PRODUCT"."DEPARTURE_DATE" IS '출발시간';
 
   COMMENT ON COLUMN "EDUC239"."TA_PRODUCT"."ARRIVAL_DATE" IS '도착시간';
 
   COMMENT ON COLUMN "EDUC239"."TA_PRODUCT"."THEME" IS '허니문, 크루즈, 예술/문화/역사, 트래킨/스포츠, 체험, 골프, 음식, 이벤트';
 
   COMMENT ON COLUMN "EDUC239"."TA_PRODUCT"."CATEGORIZATION" IS '추천상품,인기상품, 특가상품';
 
   COMMENT ON COLUMN "EDUC239"."TA_PRODUCT"."COSTPRICE" IS '원가';
 
   COMMENT ON COLUMN "EDUC239"."TA_PRODUCT"."ITINERARY" IS '투어정보';
 
   COMMENT ON COLUMN "EDUC239"."TA_PRODUCT"."HOTEL_TOUR" IS '호텔정보';
 
   COMMENT ON COLUMN "EDUC239"."TA_PRODUCT"."OPTIONAL_TOUR" IS '옵션정보';
 
   COMMENT ON COLUMN "EDUC239"."TA_PRODUCT"."SALES" IS '판매여부';
 
   COMMENT ON COLUMN "EDUC239"."TA_PRODUCT"."MILEAGE_PERCENT" IS '마일리지';
--------------------------------------------------------
--  DDL for Table TA_PROIMG
--------------------------------------------------------

  CREATE TABLE "EDUC239"."TA_PROIMG" 
   (	"PROIMG_IDX" NUMBER, 
	"ROOT" NVARCHAR2(500), 
	"PRODUCT_CODE" NVARCHAR2(50)
   ) ;
--------------------------------------------------------
--  DDL for Table TA_QUESTION
--------------------------------------------------------

  CREATE TABLE "EDUC239"."TA_QUESTION" 
   (	"Q_IDX" NUMBER, 
	"TITLE" NVARCHAR2(200), 
	"WRITEDATE" DATE DEFAULT SYSDATE, 
	"CONTENT" NVARCHAR2(2000), 
	"ANSWER_CHECK" NVARCHAR2(5) DEFAULT 'N', 
	"ID" NVARCHAR2(100), 
	"ANSWER" NVARCHAR2(2000)
   ) ;
--------------------------------------------------------
--  DDL for Table TA_RESERVATION
--------------------------------------------------------

  CREATE TABLE "EDUC239"."TA_RESERVATION" 
   (	"RE_IDX" NUMBER, 
	"RE_DATE" DATE DEFAULT SYSDATE, 
	"TOTALPRICE" NUMBER DEFAULT 0, 
	"DEPOSIT" NUMBER DEFAULT 0, 
	"ADAULT_NUMBER" NUMBER DEFAULT 0, 
	"CHILD_NUMBER" NUMBER DEFAULT 0, 
	"BABY_NUMBER" NUMBER DEFAULT 0, 
	"KOREAN_NAME" NVARCHAR2(100), 
	"ENGLISH_NAME" NVARCHAR2(100), 
	"BIRTH" NVARCHAR2(50), 
	"PHONE" NVARCHAR2(50), 
	"EMAIL" NVARCHAR2(200), 
	"REQUESTED" NVARCHAR2(50), 
	"STATUS" NVARCHAR2(50), 
	"ID" NVARCHAR2(100), 
	"SEX" NVARCHAR2(5), 
	"PRODUCT_CODE" NVARCHAR2(50)
   ) ;
 

   COMMENT ON COLUMN "EDUC239"."TA_RESERVATION"."RE_IDX" IS '예약번호';
 
   COMMENT ON COLUMN "EDUC239"."TA_RESERVATION"."RE_DATE" IS '예약날짜';
 
   COMMENT ON COLUMN "EDUC239"."TA_RESERVATION"."TOTALPRICE" IS '총금액';
 
   COMMENT ON COLUMN "EDUC239"."TA_RESERVATION"."DEPOSIT" IS '예약금';
 
   COMMENT ON COLUMN "EDUC239"."TA_RESERVATION"."REQUESTED" IS '요청사항';
 
   COMMENT ON COLUMN "EDUC239"."TA_RESERVATION"."STATUS" IS '01 : 입금 02 : 미입금 03 : 취소요청 04:취소';
--------------------------------------------------------
--  DDL for Table TA_REVIEW
--------------------------------------------------------

  CREATE TABLE "EDUC239"."TA_REVIEW" 
   (	"REVIEW_IDX" NUMBER, 
	"TITLE" NVARCHAR2(100), 
	"WRITEDATE" DATE DEFAULT SYSDATE, 
	"CONTENT" NVARCHAR2(2000), 
	"ID" NVARCHAR2(100), 
	"PRODUCT_CODE" NVARCHAR2(50)
   ) ;
--------------------------------------------------------
--  DDL for Table TA_REVIEWIMG
--------------------------------------------------------

  CREATE TABLE "EDUC239"."TA_REVIEWIMG" 
   (	"REVIEWIMG_IDX" CHAR(18), 
	"ROOT" NVARCHAR2(500), 
	"REVIEW_IDX" NUMBER, 
	"PRODUCT_CODE" NVARCHAR2(50)
   ) ;
--------------------------------------------------------
--  DDL for Table TA_SUBSCRIBER
--------------------------------------------------------

  CREATE TABLE "EDUC239"."TA_SUBSCRIBER" 
   (	"SUB_IDX" NUMBER, 
	"SUB_KOREAN_NAME" NVARCHAR2(100), 
	"SUB_ENGLISH_NAME" NVARCHAR2(100), 
	"SUB_BIRTH" NVARCHAR2(50), 
	"SUB_PHONE" NVARCHAR2(50), 
	"SUB_EMAIL" NVARCHAR2(200), 
	"RE_IDX" NUMBER, 
	"SUB_SEX" NVARCHAR2(5)
   ) ;
--------------------------------------------------------
--  DDL for Table TBL_ATTACH
--------------------------------------------------------

  CREATE TABLE "EDUC239"."TBL_ATTACH" 
   (	"FULLNAME" VARCHAR2(200), 
	"BNO" NUMBER, 
	"REGDATE" DATE DEFAULT SYSDATE
   ) ;
--------------------------------------------------------
--  DDL for Table TBL_BOARD
--------------------------------------------------------

  CREATE TABLE "EDUC239"."TBL_BOARD" 
   (	"BNO" NUMBER, 
	"TITLE" VARCHAR2(200), 
	"CONTENT" VARCHAR2(4000), 
	"WRITER" VARCHAR2(50), 
	"REGDATE" DATE DEFAULT sysdate, 
	"VIEWCNT" NUMBER DEFAULT 0, 
	"REPLYCNT" NUMBER DEFAULT 0
   ) ;
--------------------------------------------------------
--  DDL for Table TBL_REPLY
--------------------------------------------------------

  CREATE TABLE "EDUC239"."TBL_REPLY" 
   (	"RNO" NUMBER, 
	"BNO" NUMBER, 
	"REPLYTEXT" VARCHAR2(2000), 
	"REPLYER" VARCHAR2(50), 
	"REGDATE" DATE DEFAULT SYSDATE, 
	"UPDATEDATE" DATE DEFAULT SYSDATE
   ) ;
--------------------------------------------------------
--  DDL for Table TBL_USER
--------------------------------------------------------

  CREATE TABLE "EDUC239"."TBL_USER" 
   (	"UIDS" VARCHAR2(50), 
	"UPW" VARCHAR2(50), 
	"UNAME" VARCHAR2(100), 
	"UPOINT" NUMBER DEFAULT '0', 
	"SESSIONKEY" VARCHAR2(50) DEFAULT 'none', 
	"SESSIONLIMIT" TIMESTAMP (6)
   ) ;
--------------------------------------------------------
--  DDL for Table TB_BUY_STAT
--------------------------------------------------------

  CREATE TABLE "EDUC239"."TB_BUY_STAT" 
   (	"BUY_STAT_DATE" DATE, 
	"BUY_STAT_NUM" NUMBER, 
	"PRO_NUM" NUMBER
   ) ;
 

   COMMENT ON COLUMN "EDUC239"."TB_BUY_STAT"."BUY_STAT_DATE" IS '사러가기 날짜';
 
   COMMENT ON COLUMN "EDUC239"."TB_BUY_STAT"."BUY_STAT_NUM" IS '사러가기 통계 번호';
 
   COMMENT ON COLUMN "EDUC239"."TB_BUY_STAT"."PRO_NUM" IS '제품 번호';
--------------------------------------------------------
--  DDL for Table TB_CLAIM_BOARD
--------------------------------------------------------

  CREATE TABLE "EDUC239"."TB_CLAIM_BOARD" 
   (	"CLAIM_BOARD_NUM" NUMBER, 
	"CLAIM_BOARD_TITLE" NVARCHAR2(100), 
	"CLAIM_BOARD_CONT" NVARCHAR2(4000), 
	"CLAIM_BOARD_HITS" NUMBER, 
	"USER_ID" NVARCHAR2(20), 
	"CLAIM_BOARD_WRITER" NVARCHAR2(20), 
	"CLAIM_IMAGE" NVARCHAR2(20), 
	"CLAIM_BOARD_DATE" NVARCHAR2(400)
   ) ;
 

   COMMENT ON COLUMN "EDUC239"."TB_CLAIM_BOARD"."CLAIM_BOARD_NUM" IS '건의게시판번호';
 
   COMMENT ON COLUMN "EDUC239"."TB_CLAIM_BOARD"."CLAIM_BOARD_TITLE" IS '제목';
 
   COMMENT ON COLUMN "EDUC239"."TB_CLAIM_BOARD"."CLAIM_BOARD_CONT" IS '내용';
 
   COMMENT ON COLUMN "EDUC239"."TB_CLAIM_BOARD"."CLAIM_BOARD_HITS" IS '조회수';
 
   COMMENT ON COLUMN "EDUC239"."TB_CLAIM_BOARD"."USER_ID" IS '아이';
 
   COMMENT ON COLUMN "EDUC239"."TB_CLAIM_BOARD"."CLAIM_BOARD_WRITER" IS '작성자';
 
   COMMENT ON COLUMN "EDUC239"."TB_CLAIM_BOARD"."CLAIM_IMAGE" IS '이미지';
 
   COMMENT ON COLUMN "EDUC239"."TB_CLAIM_BOARD"."CLAIM_BOARD_DATE" IS '작성일';
--------------------------------------------------------
--  DDL for Table TB_CLAIM_BOARD_IMG
--------------------------------------------------------

  CREATE TABLE "EDUC239"."TB_CLAIM_BOARD_IMG" 
   (	"CLAIM_BOARD_IMG_NUM" NUMBER, 
	"CLAIM_BOARD_IMG_ROUTE" NVARCHAR2(20), 
	"CLAIM_BOARD_NUM" NUMBER
   ) ;
 

   COMMENT ON COLUMN "EDUC239"."TB_CLAIM_BOARD_IMG"."CLAIM_BOARD_IMG_NUM" IS '건의게시판 이미지 번호';
 
   COMMENT ON COLUMN "EDUC239"."TB_CLAIM_BOARD_IMG"."CLAIM_BOARD_IMG_ROUTE" IS '건의게시판 이미지 경로';
 
   COMMENT ON COLUMN "EDUC239"."TB_CLAIM_BOARD_IMG"."CLAIM_BOARD_NUM" IS '건의게시판번호';
--------------------------------------------------------
--  DDL for Table TB_EVENT
--------------------------------------------------------

  CREATE TABLE "EDUC239"."TB_EVENT" 
   (	"EVENT_NUM" NUMBER, 
	"EVENT_TITLE" NVARCHAR2(100), 
	"EVENT_CONT" NVARCHAR2(4000), 
	"EVENT_IMAGE" NVARCHAR2(20), 
	"EVENT_DEADLINE" DATE, 
	"EVENT_REGISTER" DATE, 
	"USER_ID" NVARCHAR2(20)
   ) ;
 

   COMMENT ON COLUMN "EDUC239"."TB_EVENT"."EVENT_NUM" IS '이벤트번호';
 
   COMMENT ON COLUMN "EDUC239"."TB_EVENT"."EVENT_TITLE" IS '이벤트제목';
 
   COMMENT ON COLUMN "EDUC239"."TB_EVENT"."EVENT_CONT" IS '이벤트내용';
 
   COMMENT ON COLUMN "EDUC239"."TB_EVENT"."EVENT_IMAGE" IS '이미지';
 
   COMMENT ON COLUMN "EDUC239"."TB_EVENT"."EVENT_DEADLINE" IS '마감일';
 
   COMMENT ON COLUMN "EDUC239"."TB_EVENT"."EVENT_REGISTER" IS '등록일';
 
   COMMENT ON COLUMN "EDUC239"."TB_EVENT"."USER_ID" IS '아이';
--------------------------------------------------------
--  DDL for Table TB_EVENT_IMG
--------------------------------------------------------

  CREATE TABLE "EDUC239"."TB_EVENT_IMG" 
   (	"EVENT_IMG_NUM" NUMBER, 
	"EVENT_IMG_ROUTE" NVARCHAR2(40), 
	"EVENT_NUM" NUMBER
   ) ;
 

   COMMENT ON COLUMN "EDUC239"."TB_EVENT_IMG"."EVENT_IMG_NUM" IS '이벤트 이미지번호';
 
   COMMENT ON COLUMN "EDUC239"."TB_EVENT_IMG"."EVENT_IMG_ROUTE" IS '이벤트 이미지 경로';
 
   COMMENT ON COLUMN "EDUC239"."TB_EVENT_IMG"."EVENT_NUM" IS '이벤트번호';
--------------------------------------------------------
--  DDL for Table TB_FAVORITE
--------------------------------------------------------

  CREATE TABLE "EDUC239"."TB_FAVORITE" 
   (	"FAVORITE_NUM" NUMBER, 
	"PRO_NUM" NUMBER, 
	"FAVORITE_QUANTITY" NUMBER, 
	"USER_ID" NVARCHAR2(20)
   ) ;
 

   COMMENT ON COLUMN "EDUC239"."TB_FAVORITE"."FAVORITE_NUM" IS '관심상품 번호';
 
   COMMENT ON COLUMN "EDUC239"."TB_FAVORITE"."PRO_NUM" IS '제품 번호';
 
   COMMENT ON COLUMN "EDUC239"."TB_FAVORITE"."FAVORITE_QUANTITY" IS '관심상품 수';
 
   COMMENT ON COLUMN "EDUC239"."TB_FAVORITE"."USER_ID" IS '아이';
--------------------------------------------------------
--  DDL for Table TB_FIRST_CATEGORY
--------------------------------------------------------

  CREATE TABLE "EDUC239"."TB_FIRST_CATEGORY" 
   (	"FIRST_CAT_NUM" NUMBER, 
	"FIRST_CAT_NAME" NVARCHAR2(20)
   ) ;
 

   COMMENT ON COLUMN "EDUC239"."TB_FIRST_CATEGORY"."FIRST_CAT_NUM" IS '대분류 번호';
 
   COMMENT ON COLUMN "EDUC239"."TB_FIRST_CATEGORY"."FIRST_CAT_NAME" IS '대분류 명';
--------------------------------------------------------
--  DDL for Table TB_FREE_BOARD
--------------------------------------------------------

  CREATE TABLE "EDUC239"."TB_FREE_BOARD" 
   (	"FREE_BOARD_NUM" NUMBER, 
	"FREE_BOARD_TITLE" NVARCHAR2(20), 
	"FREE_BOARD_CONT" NVARCHAR2(4000), 
	"FREE_BOARD_DATE" DATE, 
	"IMAGE_NUM" NVARCHAR2(20), 
	"FREE_BOARD_HITS" NUMBER DEFAULT 0, 
	"FREE_BOARD_WRITER" NVARCHAR2(20), 
	"USER_ID" NVARCHAR2(20)
   ) ;
 

   COMMENT ON COLUMN "EDUC239"."TB_FREE_BOARD"."FREE_BOARD_NUM" IS '자유게시판번호';
 
   COMMENT ON COLUMN "EDUC239"."TB_FREE_BOARD"."FREE_BOARD_TITLE" IS '제목';
 
   COMMENT ON COLUMN "EDUC239"."TB_FREE_BOARD"."FREE_BOARD_CONT" IS '내용';
 
   COMMENT ON COLUMN "EDUC239"."TB_FREE_BOARD"."FREE_BOARD_DATE" IS '작성일';
 
   COMMENT ON COLUMN "EDUC239"."TB_FREE_BOARD"."IMAGE_NUM" IS '이미지';
 
   COMMENT ON COLUMN "EDUC239"."TB_FREE_BOARD"."FREE_BOARD_HITS" IS '조회수';
 
   COMMENT ON COLUMN "EDUC239"."TB_FREE_BOARD"."FREE_BOARD_WRITER" IS '작성자';
 
   COMMENT ON COLUMN "EDUC239"."TB_FREE_BOARD"."USER_ID" IS '아이';
--------------------------------------------------------
--  DDL for Table TB_FREE_BOARD_IMG
--------------------------------------------------------

  CREATE TABLE "EDUC239"."TB_FREE_BOARD_IMG" 
   (	"FREE_BOARD_IMG_NUM" NUMBER, 
	"FREE_BOARD_IMG_ROUTE" NVARCHAR2(40), 
	"FREE_BOARD_NUM" NUMBER
   ) ;
 

   COMMENT ON COLUMN "EDUC239"."TB_FREE_BOARD_IMG"."FREE_BOARD_IMG_NUM" IS '자유게시판이미지번호';
 
   COMMENT ON COLUMN "EDUC239"."TB_FREE_BOARD_IMG"."FREE_BOARD_IMG_ROUTE" IS '게시판 이미지 경로';
 
   COMMENT ON COLUMN "EDUC239"."TB_FREE_BOARD_IMG"."FREE_BOARD_NUM" IS '자유게시판번호';
--------------------------------------------------------
--  DDL for Table TB_LAST_CATEGORY
--------------------------------------------------------

  CREATE TABLE "EDUC239"."TB_LAST_CATEGORY" 
   (	"LAST_CAT_NUM" NUMBER, 
	"THIRD_CAT_NUM" NUMBER, 
	"LAST_CAT_NAME" NVARCHAR2(150)
   ) ;
 

   COMMENT ON COLUMN "EDUC239"."TB_LAST_CATEGORY"."LAST_CAT_NUM" IS '세부분류 번';
 
   COMMENT ON COLUMN "EDUC239"."TB_LAST_CATEGORY"."THIRD_CAT_NUM" IS '소분류 번';
 
   COMMENT ON COLUMN "EDUC239"."TB_LAST_CATEGORY"."LAST_CAT_NAME" IS '세부분류명';
--------------------------------------------------------
--  DDL for Table TB_NOTICE
--------------------------------------------------------

  CREATE TABLE "EDUC239"."TB_NOTICE" 
   (	"NOTICE_NUM" NUMBER, 
	"NOTICE_TITLE" NVARCHAR2(20), 
	"NOTICE_GROUP" NUMBER, 
	"NOTICE_CONT" NVARCHAR2(4000), 
	"NOTICE_IMG" NVARCHAR2(20), 
	"NOTICE_DATE" DATE, 
	"USER_ID" NVARCHAR2(20)
   ) ;
 

   COMMENT ON COLUMN "EDUC239"."TB_NOTICE"."NOTICE_NUM" IS '공지사항 번호';
 
   COMMENT ON COLUMN "EDUC239"."TB_NOTICE"."NOTICE_TITLE" IS '제목';
 
   COMMENT ON COLUMN "EDUC239"."TB_NOTICE"."NOTICE_GROUP" IS '분류';
 
   COMMENT ON COLUMN "EDUC239"."TB_NOTICE"."NOTICE_CONT" IS '내용';
 
   COMMENT ON COLUMN "EDUC239"."TB_NOTICE"."NOTICE_IMG" IS '공지사항 이미지';
 
   COMMENT ON COLUMN "EDUC239"."TB_NOTICE"."NOTICE_DATE" IS '등록일';
 
   COMMENT ON COLUMN "EDUC239"."TB_NOTICE"."USER_ID" IS '아이';
--------------------------------------------------------
--  DDL for Table TB_NOTICE_IMG
--------------------------------------------------------

  CREATE TABLE "EDUC239"."TB_NOTICE_IMG" 
   (	"NOTICE_IMG_NUM" NUMBER, 
	"NOTICE_NUM" NUMBER, 
	"NOTICE_IMG_ROUTE" NVARCHAR2(40)
   ) ;
 

   COMMENT ON COLUMN "EDUC239"."TB_NOTICE_IMG"."NOTICE_IMG_NUM" IS '공지사항이미지번호';
 
   COMMENT ON COLUMN "EDUC239"."TB_NOTICE_IMG"."NOTICE_NUM" IS '공지사항 번호';
 
   COMMENT ON COLUMN "EDUC239"."TB_NOTICE_IMG"."NOTICE_IMG_ROUTE" IS '공지사항 이미지경';
--------------------------------------------------------
--  DDL for Table TB_PRODUCT
--------------------------------------------------------

  CREATE TABLE "EDUC239"."TB_PRODUCT" 
   (	"PRO_NUM" NUMBER, 
	"PRO_NAME" NVARCHAR2(50), 
	"PRO_LOW" NUMBER, 
	"PRO_SITE" NVARCHAR2(200), 
	"PRO_MAIN_IMAGE" NVARCHAR2(200), 
	"PRO_PRICE" NUMBER, 
	"PRO_PRICE3" NUMBER, 
	"PRO_EXPLAN" NVARCHAR2(2000), 
	"PRO_BUY_HITS" NUMBER DEFAULT 0, 
	"PRO_HITS" NUMBER DEFAULT 0, 
	"PRO_TAG" NVARCHAR2(200), 
	"FIRST_CAT_NUM" NUMBER, 
	"SECOND_CAT_NUM" NUMBER, 
	"THIRD_CAT_NUM" NUMBER, 
	"LAST_CAT_NUM" NUMBER, 
	"PRODUCT_DETAIL_NUM" NUMBER, 
	"PRO_BUY" NVARCHAR2(400), 
	"PRO_URL" NVARCHAR2(200), 
	"PRO_URL2" NVARCHAR2(200), 
	"PRO_PRICE2" NUMBER, 
	"PRO_URL3" NVARCHAR2(200), 
	"PRO_DATE" DATE
   ) ;
 

   COMMENT ON COLUMN "EDUC239"."TB_PRODUCT"."PRO_NUM" IS '제품 번호';
 
   COMMENT ON COLUMN "EDUC239"."TB_PRODUCT"."PRO_NAME" IS '제품명';
 
   COMMENT ON COLUMN "EDUC239"."TB_PRODUCT"."PRO_LOW" IS '가장 낮은 가격';
 
   COMMENT ON COLUMN "EDUC239"."TB_PRODUCT"."PRO_SITE" IS '판매사이트';
 
   COMMENT ON COLUMN "EDUC239"."TB_PRODUCT"."PRO_MAIN_IMAGE" IS '제품 이미지';
 
   COMMENT ON COLUMN "EDUC239"."TB_PRODUCT"."PRO_PRICE" IS '제품 가격1';
 
   COMMENT ON COLUMN "EDUC239"."TB_PRODUCT"."PRO_PRICE3" IS '제품 가격3';
 
   COMMENT ON COLUMN "EDUC239"."TB_PRODUCT"."PRO_EXPLAN" IS '제품 설명';
 
   COMMENT ON COLUMN "EDUC239"."TB_PRODUCT"."PRO_BUY_HITS" IS '사러가기 조회수';
 
   COMMENT ON COLUMN "EDUC239"."TB_PRODUCT"."PRO_HITS" IS '제품 조회수';
 
   COMMENT ON COLUMN "EDUC239"."TB_PRODUCT"."PRO_TAG" IS '제품 태그';
 
   COMMENT ON COLUMN "EDUC239"."TB_PRODUCT"."FIRST_CAT_NUM" IS '대분류 번호';
 
   COMMENT ON COLUMN "EDUC239"."TB_PRODUCT"."SECOND_CAT_NUM" IS '중분류번';
 
   COMMENT ON COLUMN "EDUC239"."TB_PRODUCT"."THIRD_CAT_NUM" IS '소분류 번';
 
   COMMENT ON COLUMN "EDUC239"."TB_PRODUCT"."LAST_CAT_NUM" IS '세부분류 번';
 
   COMMENT ON COLUMN "EDUC239"."TB_PRODUCT"."PRODUCT_DETAIL_NUM" IS '모델 번호';
 
   COMMENT ON COLUMN "EDUC239"."TB_PRODUCT"."PRO_BUY" IS '사러가기';
 
   COMMENT ON COLUMN "EDUC239"."TB_PRODUCT"."PRO_URL" IS '제품 URL1';
 
   COMMENT ON COLUMN "EDUC239"."TB_PRODUCT"."PRO_URL2" IS '제품 URL2';
 
   COMMENT ON COLUMN "EDUC239"."TB_PRODUCT"."PRO_PRICE2" IS '제품 가격2';
 
   COMMENT ON COLUMN "EDUC239"."TB_PRODUCT"."PRO_URL3" IS '제품 URL3';
 
   COMMENT ON COLUMN "EDUC239"."TB_PRODUCT"."PRO_DATE" IS '제품 등록일자';
--------------------------------------------------------
--  DDL for Table TB_PRODUCTDETAIL
--------------------------------------------------------

  CREATE TABLE "EDUC239"."TB_PRODUCTDETAIL" 
   (	"PRODUCT_DETAIL_NUM" NUMBER, 
	"MODEL_NAME" NVARCHAR2(200), 
	"MODEL_BRAND" NVARCHAR2(200)
   ) ;
 

   COMMENT ON COLUMN "EDUC239"."TB_PRODUCTDETAIL"."PRODUCT_DETAIL_NUM" IS '모델 번호';
 
   COMMENT ON COLUMN "EDUC239"."TB_PRODUCTDETAIL"."MODEL_NAME" IS '모델명';
 
   COMMENT ON COLUMN "EDUC239"."TB_PRODUCTDETAIL"."MODEL_BRAND" IS '브랜드명';
--------------------------------------------------------
--  DDL for Table TB_PRODUCT_IMG
--------------------------------------------------------

  CREATE TABLE "EDUC239"."TB_PRODUCT_IMG" 
   (	"PRODUCT_IMG_NUM" NUMBER, 
	"PRO_NUM" NUMBER, 
	"PRODUCT_IMG_ROUTE" NVARCHAR2(400)
   ) ;
 

   COMMENT ON COLUMN "EDUC239"."TB_PRODUCT_IMG"."PRODUCT_IMG_NUM" IS '제품 이미지 번호';
 
   COMMENT ON COLUMN "EDUC239"."TB_PRODUCT_IMG"."PRO_NUM" IS '제품 번호';
 
   COMMENT ON COLUMN "EDUC239"."TB_PRODUCT_IMG"."PRODUCT_IMG_ROUTE" IS '제품 이미지 경로';
--------------------------------------------------------
--  DDL for Table TB_PRODUCT_STAT
--------------------------------------------------------

  CREATE TABLE "EDUC239"."TB_PRODUCT_STAT" 
   (	"PRO_STAT_NUM" NUMBER(38,0), 
	"PRO_STAT_DATE" DATE, 
	"PRO_NUM" NUMBER
   ) ;
 

   COMMENT ON COLUMN "EDUC239"."TB_PRODUCT_STAT"."PRO_STAT_NUM" IS '제품 통계 번호';
 
   COMMENT ON COLUMN "EDUC239"."TB_PRODUCT_STAT"."PRO_STAT_DATE" IS '제품 날';
 
   COMMENT ON COLUMN "EDUC239"."TB_PRODUCT_STAT"."PRO_NUM" IS '제품 번호';
--------------------------------------------------------
--  DDL for Table TB_REVIEW
--------------------------------------------------------

  CREATE TABLE "EDUC239"."TB_REVIEW" 
   (	"REVIEW_NUM" NUMBER, 
	"REVIEW_TITLE" NVARCHAR2(100), 
	"USER_ID" NVARCHAR2(20), 
	"PRO_NUM" NUMBER, 
	"REVIEW_DATE" DATE, 
	"REVIEW_GRADE" NUMBER, 
	"REVIEW_CONT" NVARCHAR2(500), 
	"REVIEW_IMAGE" NVARCHAR2(20), 
	"REVIEW_HITS" NUMBER DEFAULT 0
   ) ;
 

   COMMENT ON COLUMN "EDUC239"."TB_REVIEW"."REVIEW_NUM" IS '사용후기 번호';
 
   COMMENT ON COLUMN "EDUC239"."TB_REVIEW"."REVIEW_TITLE" IS '제목';
 
   COMMENT ON COLUMN "EDUC239"."TB_REVIEW"."USER_ID" IS '작성자';
 
   COMMENT ON COLUMN "EDUC239"."TB_REVIEW"."PRO_NUM" IS '제품 번호';
 
   COMMENT ON COLUMN "EDUC239"."TB_REVIEW"."REVIEW_DATE" IS '작성일';
 
   COMMENT ON COLUMN "EDUC239"."TB_REVIEW"."REVIEW_GRADE" IS '평점';
 
   COMMENT ON COLUMN "EDUC239"."TB_REVIEW"."REVIEW_CONT" IS '내용';
 
   COMMENT ON COLUMN "EDUC239"."TB_REVIEW"."REVIEW_IMAGE" IS '이미지 번호';
 
   COMMENT ON COLUMN "EDUC239"."TB_REVIEW"."REVIEW_HITS" IS '조회수';
--------------------------------------------------------
--  DDL for Table TB_REVIEW_IMG
--------------------------------------------------------

  CREATE TABLE "EDUC239"."TB_REVIEW_IMG" 
   (	"REVIEW_IMG_NUM" NUMBER, 
	"REVIEW_IMG_ROUTE" NVARCHAR2(40), 
	"REVIEW_NUM" NUMBER
   ) ;
 

   COMMENT ON COLUMN "EDUC239"."TB_REVIEW_IMG"."REVIEW_IMG_NUM" IS '사용후기 이미지 번호';
 
   COMMENT ON COLUMN "EDUC239"."TB_REVIEW_IMG"."REVIEW_IMG_ROUTE" IS '사용후기 이미지경로';
 
   COMMENT ON COLUMN "EDUC239"."TB_REVIEW_IMG"."REVIEW_NUM" IS '사용후기 번호';
--------------------------------------------------------
--  DDL for Table TB_SEARCH_STAT
--------------------------------------------------------

  CREATE TABLE "EDUC239"."TB_SEARCH_STAT" 
   (	"SEARCH_STAT_NUM" NUMBER, 
	"SEARCH_STAT_NAME" NVARCHAR2(20), 
	"SEARCH_STAT_DATE" DATE, 
	"SEARCH_STAT_COUNT" NUMBER
   ) ;
 

   COMMENT ON COLUMN "EDUC239"."TB_SEARCH_STAT"."SEARCH_STAT_NUM" IS '검색 통계 번';
 
   COMMENT ON COLUMN "EDUC239"."TB_SEARCH_STAT"."SEARCH_STAT_NAME" IS '검색어명';
 
   COMMENT ON COLUMN "EDUC239"."TB_SEARCH_STAT"."SEARCH_STAT_DATE" IS '검색날짜';
 
   COMMENT ON COLUMN "EDUC239"."TB_SEARCH_STAT"."SEARCH_STAT_COUNT" IS '검색횟수';
--------------------------------------------------------
--  DDL for Table TB_SECOND_CATEGORY
--------------------------------------------------------

  CREATE TABLE "EDUC239"."TB_SECOND_CATEGORY" 
   (	"SECOND_CAT_NUM" NUMBER, 
	"FIRST_CAT_NUM" NUMBER, 
	"SECOND_CAT_NAME" NVARCHAR2(20)
   ) ;
 

   COMMENT ON COLUMN "EDUC239"."TB_SECOND_CATEGORY"."SECOND_CAT_NUM" IS '중분류번';
 
   COMMENT ON COLUMN "EDUC239"."TB_SECOND_CATEGORY"."FIRST_CAT_NUM" IS '대분류 번호';
 
   COMMENT ON COLUMN "EDUC239"."TB_SECOND_CATEGORY"."SECOND_CAT_NAME" IS '중분류';
--------------------------------------------------------
--  DDL for Table TB_THIRD_CATEGORY
--------------------------------------------------------

  CREATE TABLE "EDUC239"."TB_THIRD_CATEGORY" 
   (	"THIRD_CAT_NUM" NUMBER, 
	"SECOND_CAT_NUM" NUMBER, 
	"THIRD_CAT_NAME" NVARCHAR2(50)
   ) ;
 

   COMMENT ON COLUMN "EDUC239"."TB_THIRD_CATEGORY"."THIRD_CAT_NUM" IS '소분류 번';
 
   COMMENT ON COLUMN "EDUC239"."TB_THIRD_CATEGORY"."SECOND_CAT_NUM" IS '중분류번';
 
   COMMENT ON COLUMN "EDUC239"."TB_THIRD_CATEGORY"."THIRD_CAT_NAME" IS '소분류명';
--------------------------------------------------------
--  DDL for Table TB_USER
--------------------------------------------------------

  CREATE TABLE "EDUC239"."TB_USER" 
   (	"USER_ID" NVARCHAR2(20), 
	"USER_PW" NVARCHAR2(20), 
	"USER_EMAIL" NVARCHAR2(50), 
	"USER_GRADE" NUMBER DEFAULT 3, 
	"SESSIONKEY" NVARCHAR2(50) DEFAULT 'none', 
	"SESSIONLIMIT" TIMESTAMP (6), 
	"USER_NUM" NUMBER DEFAULT NULL
   ) ;
 

   COMMENT ON COLUMN "EDUC239"."TB_USER"."USER_ID" IS '아이';
 
   COMMENT ON COLUMN "EDUC239"."TB_USER"."USER_PW" IS '비밀번호';
 
   COMMENT ON COLUMN "EDUC239"."TB_USER"."USER_EMAIL" IS '이메일';
 
   COMMENT ON COLUMN "EDUC239"."TB_USER"."USER_GRADE" IS '등급';
 
   COMMENT ON COLUMN "EDUC239"."TB_USER"."SESSIONKEY" IS '세션';
--------------------------------------------------------
--  DDL for Table TC_ADMIN
--------------------------------------------------------

  CREATE TABLE "EDUC239"."TC_ADMIN" 
   (	"A_ID" NVARCHAR2(100), 
	"A_PWD" NVARCHAR2(100), 
	"A_NAME" NVARCHAR2(100), 
	"A_EMAIL" NVARCHAR2(100), 
	"A_TEL" NVARCHAR2(50), 
	"SESSIONKEY" VARCHAR2(50) DEFAULT 'none', 
	"SESSIONLIMIT" DATE
   ) ;
 

   COMMENT ON TABLE "EDUC239"."TC_ADMIN"  IS 'Admin';
--------------------------------------------------------
--  DDL for Table TC_CARD_CATEGORY
--------------------------------------------------------

  CREATE TABLE "EDUC239"."TC_CARD_CATEGORY" 
   (	"CARD_CATEGORY_CODE" NVARCHAR2(20), 
	"CARD_CATEGORY_NAME" NVARCHAR2(100)
   ) ;
--------------------------------------------------------
--  DDL for Table TC_CART
--------------------------------------------------------

  CREATE TABLE "EDUC239"."TC_CART" 
   (	"C_QUANTITY" NUMBER DEFAULT 0, 
	"M_ID" NVARCHAR2(100), 
	"C_INDEX" NUMBER, 
	"C_IN_DATE" DATE DEFAULT SYSDATE, 
	"P_CODE" NVARCHAR2(20)
   ) ;
 

   COMMENT ON TABLE "EDUC239"."TC_CART"  IS '장바구니 테이블';
--------------------------------------------------------
--  DDL for Table TC_EVENT
--------------------------------------------------------

  CREATE TABLE "EDUC239"."TC_EVENT" 
   (	"E_NUM" NUMBER, 
	"E_STARTDATE" DATE, 
	"E_ENDDATE" DATE, 
	"E_DETAIL" VARCHAR2(2000), 
	"E_LINK" VARCHAR2(18), 
	"E_NAME" VARCHAR2(100)
   ) ;
 

   COMMENT ON TABLE "EDUC239"."TC_EVENT"  IS '이벤트 테이블
이벤트 링크 걸어서 제품으로 이동';
--------------------------------------------------------
--  DDL for Table TC_E_D_FILE
--------------------------------------------------------

  CREATE TABLE "EDUC239"."TC_E_D_FILE" 
   (	"E_NUM" NUMBER, 
	"E_D_IMAGE_SRC" NVARCHAR2(1000)
   ) ;
 

   COMMENT ON TABLE "EDUC239"."TC_E_D_FILE"  IS '이벤트 상세 사진';
--------------------------------------------------------
--  DDL for Table TC_E_FILE
--------------------------------------------------------

  CREATE TABLE "EDUC239"."TC_E_FILE" 
   (	"E_IMAGE_SRC" NVARCHAR2(1000), 
	"E_NUM" NUMBER, 
	"E_IMAGE_INDEX" NUMBER, 
	"E_D_IMAGE_SRC" NVARCHAR2(1000)
   ) ;
--------------------------------------------------------
--  DDL for Table TC_F_PRODUCT
--------------------------------------------------------

  CREATE TABLE "EDUC239"."TC_F_PRODUCT" 
   (	"M_ID" NVARCHAR2(100), 
	"F_P_INDEX" NUMBER, 
	"P_CODE" NVARCHAR2(50)
   ) ;
 

   COMMENT ON TABLE "EDUC239"."TC_F_PRODUCT"  IS '관심상품';
--------------------------------------------------------
--  DDL for Table TC_LEVEL
--------------------------------------------------------

  CREATE TABLE "EDUC239"."TC_LEVEL" 
   (	"LEVEL_CODE" NUMBER DEFAULT 1, 
	"L_NAME" NVARCHAR2(100) DEFAULT 1, 
	"L_POINT" NUMBER DEFAULT 0
   ) ;
 

   COMMENT ON COLUMN "EDUC239"."TC_LEVEL"."LEVEL_CODE" IS '등급번호';
 
   COMMENT ON COLUMN "EDUC239"."TC_LEVEL"."L_NAME" IS '등급이름';
 
   COMMENT ON COLUMN "EDUC239"."TC_LEVEL"."L_POINT" IS '등급별 적립률';
 
   COMMENT ON TABLE "EDUC239"."TC_LEVEL"  IS '회원 등급 테이블
등급 - 5개로 나뉨
등급별 적립률';
--------------------------------------------------------
--  DDL for Table TC_MEMBER
--------------------------------------------------------

  CREATE TABLE "EDUC239"."TC_MEMBER" 
   (	"M_ID" NVARCHAR2(100), 
	"M_PWD" NVARCHAR2(400), 
	"M_NAME" NVARCHAR2(100), 
	"M_ADDRESS" NVARCHAR2(100), 
	"M_TEL" NVARCHAR2(50), 
	"M_EMAIL" NVARCHAR2(100), 
	"LEVEL_CODE" NUMBER DEFAULT 1, 
	"POINT" NUMBER DEFAULT 0
   ) ;
 

   COMMENT ON COLUMN "EDUC239"."TC_MEMBER"."M_ID" IS '아이디';
 
   COMMENT ON COLUMN "EDUC239"."TC_MEMBER"."M_PWD" IS '패스워드';
 
   COMMENT ON COLUMN "EDUC239"."TC_MEMBER"."M_NAME" IS '이름';
 
   COMMENT ON COLUMN "EDUC239"."TC_MEMBER"."M_ADDRESS" IS '주소';
 
   COMMENT ON COLUMN "EDUC239"."TC_MEMBER"."M_TEL" IS '전화번호';
 
   COMMENT ON COLUMN "EDUC239"."TC_MEMBER"."M_EMAIL" IS '이메일';
 
   COMMENT ON COLUMN "EDUC239"."TC_MEMBER"."LEVEL_CODE" IS '등급코드';
 
   COMMENT ON COLUMN "EDUC239"."TC_MEMBER"."POINT" IS '적립금';
 
   COMMENT ON TABLE "EDUC239"."TC_MEMBER"  IS '회원테이블';
--------------------------------------------------------
--  DDL for Table TC_NOTICE
--------------------------------------------------------

  CREATE TABLE "EDUC239"."TC_NOTICE" 
   (	"N_CODE" NUMBER, 
	"N_TITLE" VARCHAR2(100), 
	"N_UP_DATE" DATE DEFAULT SYSDATE, 
	"N_CONTENTS" NVARCHAR2(2000), 
	"N_VIEW_COUNT" NUMBER
   ) ;
--------------------------------------------------------
--  DDL for Table TC_NOTICE_IMAGE
--------------------------------------------------------

  CREATE TABLE "EDUC239"."TC_NOTICE_IMAGE" 
   (	"N_IMAGE_INDEX" NUMBER, 
	"N_IMAGE_PATH" NVARCHAR2(1000), 
	"N_CODE" NVARCHAR2(20)
   ) ;
 

   COMMENT ON COLUMN "EDUC239"."TC_NOTICE_IMAGE"."N_IMAGE_INDEX" IS '이미지 번호';
 
   COMMENT ON COLUMN "EDUC239"."TC_NOTICE_IMAGE"."N_IMAGE_PATH" IS '이미지 경로';
 
   COMMENT ON COLUMN "EDUC239"."TC_NOTICE_IMAGE"."N_CODE" IS '게시판 번호';
 
   COMMENT ON TABLE "EDUC239"."TC_NOTICE_IMAGE"  IS '게시판 이미지';
--------------------------------------------------------
--  DDL for Table TC_ORDER
--------------------------------------------------------

  CREATE TABLE "EDUC239"."TC_ORDER" 
   (	"O_DATE" DATE DEFAULT SYSDATE, 
	"M_ID" NVARCHAR2(100), 
	"O_D_DELIVERY" NVARCHAR2(100), 
	"O_D_REQUEST" VARCHAR2(20), 
	"O_D_HUMAN" NVARCHAR2(100), 
	"A_ID" NVARCHAR2(100), 
	"CARD_NUM" NUMBER, 
	"O_TOTAL_MONEY" NUMBER, 
	"O_USED_POINT" NUMBER, 
	"O_NOW_DELIVERY" VARCHAR2(20), 
	"O_NUM" NUMBER, 
	"CARD_CATEGORY_CODE" NVARCHAR2(20)
   ) ;
 

   COMMENT ON TABLE "EDUC239"."TC_ORDER"  IS '주문테이블
주문번호 - 자동생성';
--------------------------------------------------------
--  DDL for Table TC_O_DETAIL
--------------------------------------------------------

  CREATE TABLE "EDUC239"."TC_O_DETAIL" 
   (	"O_QUANTITY" NUMBER DEFAULT 0, 
	"P_CODE" NVARCHAR2(50), 
	"O_NUM" NUMBER
   ) ;
--------------------------------------------------------
--  DDL for Table TC_PRODUCT
--------------------------------------------------------

  CREATE TABLE "EDUC239"."TC_PRODUCT" 
   (	"P_NAME" NVARCHAR2(100), 
	"PRICE" NUMBER DEFAULT 0, 
	"SALE_PRICE" NUMBER DEFAULT 0, 
	"STOCK" NUMBER DEFAULT 0, 
	"P_POINT" NUMBER(38,0), 
	"P_DETAIL" NVARCHAR2(2000), 
	"P_SMALL" NUMBER, 
	"P_BIG" NUMBER, 
	"P_MIDDLE" NUMBER, 
	"P_SIZE" VARCHAR2(20), 
	"P_CODE" NVARCHAR2(50), 
	"P_MAIN" NVARCHAR2(100)
   ) ;
 

   COMMENT ON COLUMN "EDUC239"."TC_PRODUCT"."P_NAME" IS '상품이름';
 
   COMMENT ON COLUMN "EDUC239"."TC_PRODUCT"."PRICE" IS '판매가';
 
   COMMENT ON COLUMN "EDUC239"."TC_PRODUCT"."SALE_PRICE" IS '세일가';
 
   COMMENT ON COLUMN "EDUC239"."TC_PRODUCT"."STOCK" IS '재고';
 
   COMMENT ON COLUMN "EDUC239"."TC_PRODUCT"."P_POINT" IS '적립률';
 
   COMMENT ON COLUMN "EDUC239"."TC_PRODUCT"."P_DETAIL" IS '상품설명';
 
   COMMENT ON COLUMN "EDUC239"."TC_PRODUCT"."P_SMALL" IS '소분류';
 
   COMMENT ON COLUMN "EDUC239"."TC_PRODUCT"."P_BIG" IS '대분류';
 
   COMMENT ON COLUMN "EDUC239"."TC_PRODUCT"."P_MIDDLE" IS '중분류';
 
   COMMENT ON COLUMN "EDUC239"."TC_PRODUCT"."P_SIZE" IS '사이즈';
 
   COMMENT ON COLUMN "EDUC239"."TC_PRODUCT"."P_CODE" IS '상품코드';
 
   COMMENT ON COLUMN "EDUC239"."TC_PRODUCT"."P_MAIN" IS '메인에 뿌려질 상품들';
 
   COMMENT ON TABLE "EDUC239"."TC_PRODUCT"  IS '제품 테이블
제품코드 - 카테고리(대/중/소)로 분류되게 생성';
--------------------------------------------------------
--  DDL for Table TC_P_BIG
--------------------------------------------------------

  CREATE TABLE "EDUC239"."TC_P_BIG" 
   (	"P_BIG" NUMBER, 
	"P_BIG_NAME" NVARCHAR2(100)
   ) ;
 

   COMMENT ON COLUMN "EDUC239"."TC_P_BIG"."P_BIG" IS '코드';
 
   COMMENT ON COLUMN "EDUC239"."TC_P_BIG"."P_BIG_NAME" IS '이름(고양이,강아지)';
 
   COMMENT ON TABLE "EDUC239"."TC_P_BIG"  IS '대분류';
--------------------------------------------------------
--  DDL for Table TC_P_FILE
--------------------------------------------------------

  CREATE TABLE "EDUC239"."TC_P_FILE" 
   (	"P_IMAGE_SRC" VARCHAR2(1000), 
	"P_IMAGE_INDEX" NUMBER, 
	"P_CODE" NVARCHAR2(50)
   ) ;
--------------------------------------------------------
--  DDL for Table TC_P_MIDDLE
--------------------------------------------------------

  CREATE TABLE "EDUC239"."TC_P_MIDDLE" 
   (	"P_MIDDLE" NUMBER, 
	"P_MIDDLE_NAME" NVARCHAR2(100), 
	"P_BIG" NUMBER
   ) ;
--------------------------------------------------------
--  DDL for Table TC_P_SMALL
--------------------------------------------------------

  CREATE TABLE "EDUC239"."TC_P_SMALL" 
   (	"P_SMALL" NUMBER, 
	"P_SMALL_NAME" NVARCHAR2(100), 
	"P_MIDDLE" NUMBER
   ) ;
--------------------------------------------------------
--  DDL for Table TC_QNA
--------------------------------------------------------

  CREATE TABLE "EDUC239"."TC_QNA" 
   (	"Q_NUM" NUMBER, 
	"Q_TITLE" VARCHAR2(20), 
	"Q_UP_DATE" DATE DEFAULT SYSDATE, 
	"Q_CONTENTS" NVARCHAR2(2000), 
	"Q_CHECK" VARCHAR2(20), 
	"Q_VIEWCOUNT" NUMBER DEFAULT 0, 
	"Q_CATEGORY_NUM" NUMBER, 
	"M_ID" NVARCHAR2(100), 
	"Q_A_CONTENTS" NVARCHAR2(2000), 
	"Q_A_DATE" DATE, 
	"A_ID" NVARCHAR2(100)
   ) ;
--------------------------------------------------------
--  DDL for Table TC_Q_CATEGORY
--------------------------------------------------------

  CREATE TABLE "EDUC239"."TC_Q_CATEGORY" 
   (	"Q_CATEGORY_NUM" NUMBER, 
	"Q_CATEGORY_NAME" NVARCHAR2(100)
   ) ;
--------------------------------------------------------
--  DDL for Table TC_REVIEW
--------------------------------------------------------

  CREATE TABLE "EDUC239"."TC_REVIEW" 
   (	"R_NUM" NUMBER, 
	"R_TITLE" VARCHAR2(50), 
	"R_DATE" DATE DEFAULT SYSDATE, 
	"R_VIEWCOUNT" NUMBER DEFAULT 0, 
	"R_CONTENTS" NVARCHAR2(2000), 
	"M_ID" NVARCHAR2(100), 
	"P_CODE" NVARCHAR2(50)
   ) ;
 

   COMMENT ON COLUMN "EDUC239"."TC_REVIEW"."R_NUM" IS '리뷰번호';
 
   COMMENT ON COLUMN "EDUC239"."TC_REVIEW"."R_TITLE" IS '제목';
 
   COMMENT ON COLUMN "EDUC239"."TC_REVIEW"."R_DATE" IS '작성일';
 
   COMMENT ON COLUMN "EDUC239"."TC_REVIEW"."R_VIEWCOUNT" IS '조회수';
 
   COMMENT ON COLUMN "EDUC239"."TC_REVIEW"."R_CONTENTS" IS '내용';
 
   COMMENT ON COLUMN "EDUC239"."TC_REVIEW"."M_ID" IS '작성자';
 
   COMMENT ON COLUMN "EDUC239"."TC_REVIEW"."P_CODE" IS '상품코드';
 
   COMMENT ON TABLE "EDUC239"."TC_REVIEW"  IS '리뷰 테이블
조회수 - 자동증';
--------------------------------------------------------
--  DDL for Table TC_R_FILE
--------------------------------------------------------

  CREATE TABLE "EDUC239"."TC_R_FILE" 
   (	"R_IMAGE_SRC" NVARCHAR2(1000), 
	"R_NUM" NUMBER, 
	"R_IMAGE_INDEX" NUMBER, 
	"P_CODE" NVARCHAR2(50)
   ) ;
--------------------------------------------------------
--  DDL for Table TC_USING_POINT
--------------------------------------------------------

  CREATE TABLE "EDUC239"."TC_USING_POINT" 
   (	"M_ID" NVARCHAR2(100), 
	"HISTORY_NUM" NUMBER, 
	"P_USED_DATE" DATE, 
	"P_SAVE_MONEY" NUMBER, 
	"P_SAVE_DATE" DATE, 
	"O_NUM" NUMBER
   ) ;
 

   COMMENT ON TABLE "EDUC239"."TC_USING_POINT"  IS '적립금사용내역 테이블';
--------------------------------------------------------
--  DDL for Table TD_ADMIN
--------------------------------------------------------

  CREATE TABLE "EDUC239"."TD_ADMIN" 
   (	"ADMIN_ID" NVARCHAR2(100), 
	"ADMIN_PASSWORD" NVARCHAR2(400), 
	"ADMIN_EMAIL" NVARCHAR2(500), 
	"ADMIN_GRADE" NUMBER, 
	"ADMIN_IDX" NUMBER, 
	"ADMIN_NAME" NVARCHAR2(100), 
	"ADMIN_OUT" NUMBER DEFAULT 1, 
	"SESSIONKEY" VARCHAR2(100) DEFAULT 'none', 
	"SESSIONLIMIT" DATE
   ) ;
 

   COMMENT ON COLUMN "EDUC239"."TD_ADMIN"."ADMIN_ID" IS '관리자 ID
';
 
   COMMENT ON COLUMN "EDUC239"."TD_ADMIN"."ADMIN_PASSWORD" IS '관리자 비밀번호
';
 
   COMMENT ON COLUMN "EDUC239"."TD_ADMIN"."ADMIN_EMAIL" IS '관리자 이메일
';
 
   COMMENT ON COLUMN "EDUC239"."TD_ADMIN"."ADMIN_GRADE" IS '관리자 등급
(1: 모든권한, 2:수정,조회, 3:조회)';
 
   COMMENT ON COLUMN "EDUC239"."TD_ADMIN"."ADMIN_IDX" IS '관리자 IDX';
 
   COMMENT ON COLUMN "EDUC239"."TD_ADMIN"."ADMIN_NAME" IS '관리자 이름';
 
   COMMENT ON COLUMN "EDUC239"."TD_ADMIN"."ADMIN_OUT" IS '관리자 탈퇴(1:사용, 2:탈퇴)';
 
   COMMENT ON COLUMN "EDUC239"."TD_ADMIN"."SESSIONKEY" IS '관리자 로그인 세션 키';
 
   COMMENT ON COLUMN "EDUC239"."TD_ADMIN"."SESSIONLIMIT" IS '로그인 유지 시간';
 
   COMMENT ON TABLE "EDUC239"."TD_ADMIN"  IS '관리자 계정에 대한 정보가 있는 테이블
';
--------------------------------------------------------
--  DDL for Table TD_BOOKING
--------------------------------------------------------

  CREATE TABLE "EDUC239"."TD_BOOKING" 
   (	"BOOKING_IDX" NUMBER, 
	"BOOKING_IN_DATE" DATE, 
	"BOOKING_OUT_DATE" DATE, 
	"BOOKING_CANCLE" NVARCHAR2(2), 
	"ROOM_IDX" NUMBER, 
	"MEMBER_ID" NVARCHAR2(100), 
	"BOOKING_CASH" NUMBER, 
	"BOOKING_PEOPLE" NUMBER, 
	"BOOKING_DATE" DATE, 
	"HOTEL_CODE" NVARCHAR2(30)
   ) ;
 

   COMMENT ON COLUMN "EDUC239"."TD_BOOKING"."BOOKING_IDX" IS '예약 번호
';
 
   COMMENT ON COLUMN "EDUC239"."TD_BOOKING"."BOOKING_IN_DATE" IS '회원이 체크인 할 날짜
';
 
   COMMENT ON COLUMN "EDUC239"."TD_BOOKING"."BOOKING_OUT_DATE" IS '회원이 체크아웃 할 날짜
';
 
   COMMENT ON COLUMN "EDUC239"."TD_BOOKING"."BOOKING_CANCLE" IS '예약 취소 여부
';
 
   COMMENT ON COLUMN "EDUC239"."TD_BOOKING"."ROOM_IDX" IS '각 객실에 대한 번호';
 
   COMMENT ON COLUMN "EDUC239"."TD_BOOKING"."MEMBER_ID" IS '회원 아이디
';
 
   COMMENT ON COLUMN "EDUC239"."TD_BOOKING"."BOOKING_CASH" IS '예약에 대한 금액
';
 
   COMMENT ON COLUMN "EDUC239"."TD_BOOKING"."BOOKING_PEOPLE" IS '회원이 선택한 예약인원
';
 
   COMMENT ON COLUMN "EDUC239"."TD_BOOKING"."BOOKING_DATE" IS '회원이 예약한 날짜
';
 
   COMMENT ON COLUMN "EDUC239"."TD_BOOKING"."HOTEL_CODE" IS '호텔을 구분하는 코드

호텔코드
국가코드+도시코드+호텔이름';
 
   COMMENT ON TABLE "EDUC239"."TD_BOOKING"  IS '회원이 객실을 예매한 정보가 있는 테이블

';
--------------------------------------------------------
--  DDL for Table TD_CITY
--------------------------------------------------------

  CREATE TABLE "EDUC239"."TD_CITY" 
   (	"CITY_NAME" NVARCHAR2(100), 
	"NATION_CODE" NVARCHAR2(5), 
	"CITY_CODE" NVARCHAR2(5)
   ) ;
 

   COMMENT ON COLUMN "EDUC239"."TD_CITY"."CITY_NAME" IS '도시 이름
';
 
   COMMENT ON COLUMN "EDUC239"."TD_CITY"."NATION_CODE" IS '각 국가를 나타내는 코드
';
 
   COMMENT ON COLUMN "EDUC239"."TD_CITY"."CITY_CODE" IS '각 도시를 나타내는 코드
';
 
   COMMENT ON TABLE "EDUC239"."TD_CITY"  IS '각 도시에 대한 테이블
';
--------------------------------------------------------
--  DDL for Table TD_DISCOUNT
--------------------------------------------------------

  CREATE TABLE "EDUC239"."TD_DISCOUNT" 
   (	"DISCOUNT_CODE" NVARCHAR2(30), 
	"DISCOUNT_START_DATE" DATE, 
	"DISCOUNT_END_DATE" DATE, 
	"DISCOUNT_NAME" NVARCHAR2(100), 
	"DISCOUNT_RATE" NUMBER
   ) ;
 

   COMMENT ON COLUMN "EDUC239"."TD_DISCOUNT"."DISCOUNT_CODE" IS '할인 코드
';
 
   COMMENT ON COLUMN "EDUC239"."TD_DISCOUNT"."DISCOUNT_START_DATE" IS '할인코드를 발급한 날짜
';
 
   COMMENT ON COLUMN "EDUC239"."TD_DISCOUNT"."DISCOUNT_END_DATE" IS '할인코드 사용 만기 날짜
';
 
   COMMENT ON COLUMN "EDUC239"."TD_DISCOUNT"."DISCOUNT_NAME" IS '할인코드의 이름
';
 
   COMMENT ON COLUMN "EDUC239"."TD_DISCOUNT"."DISCOUNT_RATE" IS '할인코드를 사용했을시 할인율
';
 
   COMMENT ON TABLE "EDUC239"."TD_DISCOUNT"  IS '할인코드의 정보가 있는 테이블';
--------------------------------------------------------
--  DDL for Table TD_DISCOUNT_INFO
--------------------------------------------------------

  CREATE TABLE "EDUC239"."TD_DISCOUNT_INFO" 
   (	"DISCOUNT_INFO_IDX" NUMBER, 
	"DISCOUNT_DATE" DATE, 
	"MEMBER_ID" NVARCHAR2(100), 
	"DISCOUNT_CODE" NVARCHAR2(30)
   ) ;
 

   COMMENT ON COLUMN "EDUC239"."TD_DISCOUNT_INFO"."DISCOUNT_INFO_IDX" IS '할인코드 사용 이력 번호
';
 
   COMMENT ON COLUMN "EDUC239"."TD_DISCOUNT_INFO"."DISCOUNT_DATE" IS '회원이 할인코드를 사용한 날짜
';
 
   COMMENT ON COLUMN "EDUC239"."TD_DISCOUNT_INFO"."MEMBER_ID" IS '회원 아이디
';
 
   COMMENT ON COLUMN "EDUC239"."TD_DISCOUNT_INFO"."DISCOUNT_CODE" IS '할인 코드
';
 
   COMMENT ON TABLE "EDUC239"."TD_DISCOUNT_INFO"  IS '회원이 할인코드를 사용한 기간에 대한 정보가 있는 테이블';
--------------------------------------------------------
--  DDL for Table TD_FAQ
--------------------------------------------------------

  CREATE TABLE "EDUC239"."TD_FAQ" 
   (	"FAQ_IDX" NUMBER, 
	"FAQ_TITLE" NVARCHAR2(150), 
	"FAQ_CONTENT" NVARCHAR2(4000), 
	"ADMIN_ID" NVARCHAR2(100), 
	"FAQ_DATE" DATE, 
	"FAQ_PREFERENCE" NUMBER DEFAULT 0, 
	"FAQ_OUT" NUMBER DEFAULT 1
   ) ;
 

   COMMENT ON COLUMN "EDUC239"."TD_FAQ"."FAQ_IDX" IS '등록된 FAQ 번호
';
 
   COMMENT ON COLUMN "EDUC239"."TD_FAQ"."FAQ_TITLE" IS 'FAQ 제목
';
 
   COMMENT ON COLUMN "EDUC239"."TD_FAQ"."FAQ_CONTENT" IS 'FAQ 내용
';
 
   COMMENT ON COLUMN "EDUC239"."TD_FAQ"."ADMIN_ID" IS '관리자 ID
';
 
   COMMENT ON COLUMN "EDUC239"."TD_FAQ"."FAQ_DATE" IS 'FAQ 작성 날짜
';
 
   COMMENT ON COLUMN "EDUC239"."TD_FAQ"."FAQ_PREFERENCE" IS 'FAQ 에 대한 회원 선호도
';
 
   COMMENT ON COLUMN "EDUC239"."TD_FAQ"."FAQ_OUT" IS 'FAQ 활성화(1:활성,2비활성)';
 
   COMMENT ON TABLE "EDUC239"."TD_FAQ"  IS 'FAQ 에 대한 정보가 있는 테이블';
--------------------------------------------------------
--  DDL for Table TD_HOTEL
--------------------------------------------------------

  CREATE TABLE "EDUC239"."TD_HOTEL" 
   (	"ADDRESS" NVARCHAR2(300), 
	"ROOM_LOWPRICE" NUMBER, 
	"RATE" NUMBER, 
	"HOTEL_CLASS" NUMBER, 
	"INFORMATION" NVARCHAR2(4000), 
	"HOTEL_DISCOUNT" NUMBER, 
	"HOTEL_CODE" NVARCHAR2(30), 
	"HOTEL_NAME" NVARCHAR2(100), 
	"NATION_CODE" NVARCHAR2(5), 
	"CITY_CODE" NVARCHAR2(5), 
	"HOTEL_IMG" NVARCHAR2(1000)
   ) ;
 

   COMMENT ON COLUMN "EDUC239"."TD_HOTEL"."ADDRESS" IS '호텔이 위치한 주소
';
 
   COMMENT ON COLUMN "EDUC239"."TD_HOTEL"."ROOM_LOWPRICE" IS '호텔 내에 있는 객실의 최저가
';
 
   COMMENT ON COLUMN "EDUC239"."TD_HOTEL"."RATE" IS '호텔 평가항목에 대한 평균 평점
';
 
   COMMENT ON COLUMN "EDUC239"."TD_HOTEL"."HOTEL_CLASS" IS '호텔 등급
';
 
   COMMENT ON COLUMN "EDUC239"."TD_HOTEL"."INFORMATION" IS '서술적으로 설명해 놓은 호텔 상세 정보
';
 
   COMMENT ON COLUMN "EDUC239"."TD_HOTEL"."HOTEL_DISCOUNT" IS '호텔 전체 가격에 대한 할인율
';
 
   COMMENT ON COLUMN "EDUC239"."TD_HOTEL"."HOTEL_CODE" IS '호텔을 구분하는 코드

호텔코드
국가코드+도시코드+호텔이름';
 
   COMMENT ON COLUMN "EDUC239"."TD_HOTEL"."HOTEL_NAME" IS '호텔 이름';
 
   COMMENT ON COLUMN "EDUC239"."TD_HOTEL"."NATION_CODE" IS '각 국가를 나타내는 코드
';
 
   COMMENT ON COLUMN "EDUC239"."TD_HOTEL"."CITY_CODE" IS '각 도시를 나타내는 코드
';
 
   COMMENT ON TABLE "EDUC239"."TD_HOTEL"  IS '호텔에 대한 정보를 담아두는 테이블
';
--------------------------------------------------------
--  DDL for Table TD_HOTEL_DETAILINFO
--------------------------------------------------------

  CREATE TABLE "EDUC239"."TD_HOTEL_DETAILINFO" 
   (	"IDX" NUMBER(10,0), 
	"HOTEL_CODE" NVARCHAR2(30), 
	"HOTEL_CORE_INFO" VARCHAR2(500), 
	"HOTEL_PRECAUTIONS" VARCHAR2(500), 
	"HOTEL_CHECKTIME" VARCHAR2(500), 
	"HOTEL_ETC" VARCHAR2(500)
   ) ;
--------------------------------------------------------
--  DDL for Table TD_HOTEL_FACILITY
--------------------------------------------------------

  CREATE TABLE "EDUC239"."TD_HOTEL_FACILITY" 
   (	"HF_IDX" NUMBER, 
	"HF_NAME" NVARCHAR2(100)
   ) ;
 

   COMMENT ON COLUMN "EDUC239"."TD_HOTEL_FACILITY"."HF_IDX" IS '호텔 편의시설 번호

';
 
   COMMENT ON COLUMN "EDUC239"."TD_HOTEL_FACILITY"."HF_NAME" IS '호텔 편의시설의 이름
';
 
   COMMENT ON TABLE "EDUC239"."TD_HOTEL_FACILITY"  IS '호텔 내부에 있는 편의시설에 대한 테이블';
--------------------------------------------------------
--  DDL for Table TD_HOTEL_IMAGE
--------------------------------------------------------

  CREATE TABLE "EDUC239"."TD_HOTEL_IMAGE" 
   (	"HIMG_IDX" NUMBER, 
	"HIMG_NAME" NVARCHAR2(1000), 
	"HOTEL_CODE" NVARCHAR2(30), 
	"HIMG_PATH" VARCHAR2(1000)
   ) ;
 

   COMMENT ON COLUMN "EDUC239"."TD_HOTEL_IMAGE"."HIMG_IDX" IS '호텔 이미지 번호
';
 
   COMMENT ON COLUMN "EDUC239"."TD_HOTEL_IMAGE"."HIMG_NAME" IS '호텔 이미지파일 이름
';
 
   COMMENT ON COLUMN "EDUC239"."TD_HOTEL_IMAGE"."HOTEL_CODE" IS '호텔을 구분하는 코드

호텔코드
국가코드+도시코드+호텔이름';
 
   COMMENT ON COLUMN "EDUC239"."TD_HOTEL_IMAGE"."HIMG_PATH" IS '호텔 이미지파일이 있는 위치';
 
   COMMENT ON TABLE "EDUC239"."TD_HOTEL_IMAGE"  IS '호텔 이미지의 정보가 있는 테이블
';
--------------------------------------------------------
--  DDL for Table TD_HOTEL_INFO
--------------------------------------------------------

  CREATE TABLE "EDUC239"."TD_HOTEL_INFO" 
   (	"HOTEL_INFO_IDX" NUMBER, 
	"HOTEL_INFO_DATE" DATE, 
	"HF_IDX" NUMBER, 
	"HOTEL_CODE" NVARCHAR2(30)
   ) ;
 

   COMMENT ON COLUMN "EDUC239"."TD_HOTEL_INFO"."HOTEL_INFO_IDX" IS '편의 시설 정보들 번호
';
 
   COMMENT ON COLUMN "EDUC239"."TD_HOTEL_INFO"."HOTEL_INFO_DATE" IS '호텔에 편의시설이 등록된 날짜

';
 
   COMMENT ON COLUMN "EDUC239"."TD_HOTEL_INFO"."HF_IDX" IS '호텔 편의시설 번호

';
 
   COMMENT ON COLUMN "EDUC239"."TD_HOTEL_INFO"."HOTEL_CODE" IS '호텔을 구분하는 코드

호텔코드
국가코드+도시코드+호텔이름';
 
   COMMENT ON TABLE "EDUC239"."TD_HOTEL_INFO"  IS '편의 시설이 호텔에 등록된 기간에 대한 테이블';
--------------------------------------------------------
--  DDL for Table TD_INQUIRY
--------------------------------------------------------

  CREATE TABLE "EDUC239"."TD_INQUIRY" 
   (	"INQUIRY_NUMBER" NUMBER, 
	"MEMBER_ID" NVARCHAR2(100), 
	"INQUIRY_TYPE" NVARCHAR2(100), 
	"ANSWER_CHECK" NVARCHAR2(2), 
	"INQUITY_CONTENT" NVARCHAR2(4000), 
	"ANSWER_CONTENT" NVARCHAR2(4000), 
	"INQUIRY_EMAIL" NVARCHAR2(500), 
	"INQUIRY_TITLE" NVARCHAR2(150), 
	"ANSWER_TITLE" NVARCHAR2(150)
   ) ;
 

   COMMENT ON COLUMN "EDUC239"."TD_INQUIRY"."INQUIRY_NUMBER" IS '회원이 문의한 글의 번호
';
 
   COMMENT ON COLUMN "EDUC239"."TD_INQUIRY"."MEMBER_ID" IS '회원 아이디
';
 
   COMMENT ON COLUMN "EDUC239"."TD_INQUIRY"."INQUIRY_TYPE" IS '회원 질문 유형
';
 
   COMMENT ON COLUMN "EDUC239"."TD_INQUIRY"."ANSWER_CHECK" IS '문의 답변 여부
';
 
   COMMENT ON COLUMN "EDUC239"."TD_INQUIRY"."INQUITY_CONTENT" IS '문의 내용
';
 
   COMMENT ON COLUMN "EDUC239"."TD_INQUIRY"."ANSWER_CONTENT" IS '문의 답변 내용
';
 
   COMMENT ON COLUMN "EDUC239"."TD_INQUIRY"."INQUIRY_EMAIL" IS '답신을 받고 싶은 이메일
';
 
   COMMENT ON COLUMN "EDUC239"."TD_INQUIRY"."INQUIRY_TITLE" IS '문의 제목
';
 
   COMMENT ON COLUMN "EDUC239"."TD_INQUIRY"."ANSWER_TITLE" IS '문의 답변 제목
';
 
   COMMENT ON TABLE "EDUC239"."TD_INQUIRY"  IS '1:1 문의에 관련된 정보가 있는 테이블';
--------------------------------------------------------
--  DDL for Table TD_INTEREST_VIEW
--------------------------------------------------------

  CREATE TABLE "EDUC239"."TD_INTEREST_VIEW" 
   (	"IN_VIEW_IDX" NUMBER, 
	"IN_VIEW_ADDDATE" DATE, 
	"MEMBER_ID" NVARCHAR2(100), 
	"HOTEL_CODE" NVARCHAR2(30)
   ) ;
 

   COMMENT ON COLUMN "EDUC239"."TD_INTEREST_VIEW"."IN_VIEW_IDX" IS '회원이 관심상품으로 등록한 호텔에 대한 번호
';
 
   COMMENT ON COLUMN "EDUC239"."TD_INTEREST_VIEW"."IN_VIEW_ADDDATE" IS '관심상품으로 추가한 날짜
';
 
   COMMENT ON COLUMN "EDUC239"."TD_INTEREST_VIEW"."MEMBER_ID" IS '회원 아이디
';
 
   COMMENT ON COLUMN "EDUC239"."TD_INTEREST_VIEW"."HOTEL_CODE" IS '호텔을 구분하는 코드

호텔코드
국가코드+도시코드+호텔이름';
 
   COMMENT ON TABLE "EDUC239"."TD_INTEREST_VIEW"  IS '회원이 등록한 관심상품에 대한 정보가 있는 테이블';
--------------------------------------------------------
--  DDL for Table TD_MEMBER
--------------------------------------------------------

  CREATE TABLE "EDUC239"."TD_MEMBER" 
   (	"MEMBER_ID" NVARCHAR2(100), 
	"MEMBER_PASSWORD" NVARCHAR2(400), 
	"MEMBER_PNUMBER" NVARCHAR2(50), 
	"MEMBER_ADDRESS" NVARCHAR2(300), 
	"NATION_CODE" NVARCHAR2(5), 
	"MEMBER_FIANAME" NVARCHAR2(100), 
	"MEMBER_LANAME" NVARCHAR2(100), 
	"MEMBER_JOINDATE" DATE DEFAULT to_date(SYSDATE, 'YYYY-MM-DD'), 
	"MEMBER_OUT" NUMBER DEFAULT 1, 
	"MEMBER_IDX" NUMBER
   ) ;
 

   COMMENT ON COLUMN "EDUC239"."TD_MEMBER"."MEMBER_ID" IS '회원 아이디
';
 
   COMMENT ON COLUMN "EDUC239"."TD_MEMBER"."MEMBER_PASSWORD" IS '회원 비밀번호
';
 
   COMMENT ON COLUMN "EDUC239"."TD_MEMBER"."MEMBER_PNUMBER" IS '회원 휴대폰 번호
';
 
   COMMENT ON COLUMN "EDUC239"."TD_MEMBER"."MEMBER_ADDRESS" IS '회원 주소
';
 
   COMMENT ON COLUMN "EDUC239"."TD_MEMBER"."NATION_CODE" IS '각 국가를 나타내는 코드
';
 
   COMMENT ON COLUMN "EDUC239"."TD_MEMBER"."MEMBER_FIANAME" IS '회원 이름(first name)
';
 
   COMMENT ON COLUMN "EDUC239"."TD_MEMBER"."MEMBER_LANAME" IS '회원 성(이름,last name)

';
 
   COMMENT ON COLUMN "EDUC239"."TD_MEMBER"."MEMBER_JOINDATE" IS '회원가입날짜';
 
   COMMENT ON COLUMN "EDUC239"."TD_MEMBER"."MEMBER_OUT" IS '회원상태여부(1:정상, 2:강제탈퇴, 3:본인탈퇴)';
 
   COMMENT ON COLUMN "EDUC239"."TD_MEMBER"."MEMBER_IDX" IS '회원번호';
 
   COMMENT ON TABLE "EDUC239"."TD_MEMBER"  IS '홈페이지에 등록된 회원의 정보에 대한 테이블';
--------------------------------------------------------
--  DDL for Table TD_NATION
--------------------------------------------------------

  CREATE TABLE "EDUC239"."TD_NATION" 
   (	"NATION_CODE" NVARCHAR2(5), 
	"NATION_NAME" NVARCHAR2(100)
   ) ;
 

   COMMENT ON COLUMN "EDUC239"."TD_NATION"."NATION_CODE" IS '각 국가를 나타내는 코드
';
 
   COMMENT ON COLUMN "EDUC239"."TD_NATION"."NATION_NAME" IS '국가 이름
';
 
   COMMENT ON TABLE "EDUC239"."TD_NATION"  IS '각 국가에 대한 테이블';
--------------------------------------------------------
--  DDL for Table TD_NOTICE
--------------------------------------------------------

  CREATE TABLE "EDUC239"."TD_NOTICE" 
   (	"NOTICE_IDX" NUMBER, 
	"NOTICE_TITLE" NVARCHAR2(150), 
	"NOTICE_DATE" DATE, 
	"NOTICE_DAYS" NUMBER, 
	"NOTICE_IMG" NVARCHAR2(1000), 
	"NOTICE_CONTENT" NVARCHAR2(4000), 
	"ADMIN_ID" NVARCHAR2(100), 
	"NOTICE_CHK" VARCHAR2(5) DEFAULT 'Y'
   ) ;
 

   COMMENT ON COLUMN "EDUC239"."TD_NOTICE"."NOTICE_IDX" IS '공지 사항 번호
';
 
   COMMENT ON COLUMN "EDUC239"."TD_NOTICE"."NOTICE_TITLE" IS '공지사항 제목
';
 
   COMMENT ON COLUMN "EDUC239"."TD_NOTICE"."NOTICE_DATE" IS '공지사항 등록 날짜
';
 
   COMMENT ON COLUMN "EDUC239"."TD_NOTICE"."NOTICE_DAYS" IS '공지사항 등록일로부터 게시될 날짜
';
 
   COMMENT ON COLUMN "EDUC239"."TD_NOTICE"."NOTICE_IMG" IS '공지사항에 같이 보여질 이미지 경로
';
 
   COMMENT ON COLUMN "EDUC239"."TD_NOTICE"."NOTICE_CONTENT" IS '공지사항 내용
';
 
   COMMENT ON COLUMN "EDUC239"."TD_NOTICE"."ADMIN_ID" IS '관리자 ID
';
 
   COMMENT ON COLUMN "EDUC239"."TD_NOTICE"."NOTICE_CHK" IS '공지사항 게시여부';
 
   COMMENT ON TABLE "EDUC239"."TD_NOTICE"  IS '공지사항에 대한 상세 정보가 있는 테이블
';
--------------------------------------------------------
--  DDL for Table TD_PAYMENT
--------------------------------------------------------

  CREATE TABLE "EDUC239"."TD_PAYMENT" 
   (	"PAY_IDX" NUMBER, 
	"BOOKING_IDX" NUMBER, 
	"PAY_CASH" NUMBER, 
	"PAY_DATE" DATE, 
	"PAY_CARDTYPE" NVARCHAR2(100), 
	"PAY_CARDNUMBER" NUMBER, 
	"PAY_NAME" NVARCHAR2(100), 
	"PAY_EMAIL" NVARCHAR2(500)
   ) ;
 

   COMMENT ON COLUMN "EDUC239"."TD_PAYMENT"."PAY_IDX" IS '결제 번호
';
 
   COMMENT ON COLUMN "EDUC239"."TD_PAYMENT"."BOOKING_IDX" IS '예약 번호
';
 
   COMMENT ON COLUMN "EDUC239"."TD_PAYMENT"."PAY_CASH" IS '결제 금액
';
 
   COMMENT ON COLUMN "EDUC239"."TD_PAYMENT"."PAY_DATE" IS '결제 된 날짜

';
 
   COMMENT ON COLUMN "EDUC239"."TD_PAYMENT"."PAY_CARDTYPE" IS '결제 한 카드 종류
';
 
   COMMENT ON COLUMN "EDUC239"."TD_PAYMENT"."PAY_CARDNUMBER" IS '결제 카드 번호
';
 
   COMMENT ON COLUMN "EDUC239"."TD_PAYMENT"."PAY_NAME" IS '예약을 이용할 회원의 이름

';
 
   COMMENT ON COLUMN "EDUC239"."TD_PAYMENT"."PAY_EMAIL" IS '결제 한 회원의 이메일
';
 
   COMMENT ON TABLE "EDUC239"."TD_PAYMENT"  IS '결제에 대한 정보가 있는 테이블
';
--------------------------------------------------------
--  DDL for Table TD_RECENT_VIEW
--------------------------------------------------------

  CREATE TABLE "EDUC239"."TD_RECENT_VIEW" 
   (	"RE_VIEW_IDX" NUMBER, 
	"RE_VIEW_DATE" DATE, 
	"MEMBER_ID" NVARCHAR2(100), 
	"HOTEL_CODE" NVARCHAR2(30)
   ) ;
 

   COMMENT ON COLUMN "EDUC239"."TD_RECENT_VIEW"."RE_VIEW_IDX" IS '최근 본 호텔에 대한 번호
';
 
   COMMENT ON COLUMN "EDUC239"."TD_RECENT_VIEW"."RE_VIEW_DATE" IS '호텔을 확인한 날짜
';
 
   COMMENT ON COLUMN "EDUC239"."TD_RECENT_VIEW"."MEMBER_ID" IS '회원 아이디
';
 
   COMMENT ON COLUMN "EDUC239"."TD_RECENT_VIEW"."HOTEL_CODE" IS '호텔을 구분하는 코드

호텔코드
국가코드+도시코드+호텔이름';
 
   COMMENT ON TABLE "EDUC239"."TD_RECENT_VIEW"  IS '회원이 최근 본 상품에 대한 정보가 있는 테이블';
--------------------------------------------------------
--  DDL for Table TD_REVIEW
--------------------------------------------------------

  CREATE TABLE "EDUC239"."TD_REVIEW" 
   (	"REVIEW_IDX" NUMBER, 
	"REVIEW_TITLE" NVARCHAR2(150), 
	"REVIEW_CLEAN" NUMBER, 
	"REVIEW_SERVICE" NUMBER, 
	"REVIEW_COMFORT" NUMBER, 
	"REVIEW_STATE" NUMBER, 
	"REVIEW_LOCAL" NUMBER, 
	"REVIEW_RATE" NUMBER, 
	"REVIEW_CONTENT" NVARCHAR2(4000), 
	"REVIEW_DATE" DATE, 
	"MEMBER_ID" NVARCHAR2(100), 
	"HOTEL_CODE" NVARCHAR2(30)
   ) ;
 

   COMMENT ON COLUMN "EDUC239"."TD_REVIEW"."REVIEW_IDX" IS '호텔 후기 번호
';
 
   COMMENT ON COLUMN "EDUC239"."TD_REVIEW"."REVIEW_TITLE" IS '후기 제목
';
 
   COMMENT ON COLUMN "EDUC239"."TD_REVIEW"."REVIEW_CLEAN" IS '청결도 평점
';
 
   COMMENT ON COLUMN "EDUC239"."TD_REVIEW"."REVIEW_SERVICE" IS '서비스 평점';
 
   COMMENT ON COLUMN "EDUC239"."TD_REVIEW"."REVIEW_COMFORT" IS '편안함 평점';
 
   COMMENT ON COLUMN "EDUC239"."TD_REVIEW"."REVIEW_STATE" IS '관리상태 평점';
 
   COMMENT ON COLUMN "EDUC239"."TD_REVIEW"."REVIEW_LOCAL" IS '위치/주변지역 평점';
 
   COMMENT ON COLUMN "EDUC239"."TD_REVIEW"."REVIEW_RATE" IS '청결도/서비스/편안함/관리상태/위치,주변지역에 대한 평균 평점
';
 
   COMMENT ON COLUMN "EDUC239"."TD_REVIEW"."REVIEW_CONTENT" IS '회원이 남길수 있는 후기내용
';
 
   COMMENT ON COLUMN "EDUC239"."TD_REVIEW"."REVIEW_DATE" IS '후기를 등록한 날짜
';
 
   COMMENT ON COLUMN "EDUC239"."TD_REVIEW"."MEMBER_ID" IS '회원 아이디
';
 
   COMMENT ON COLUMN "EDUC239"."TD_REVIEW"."HOTEL_CODE" IS '호텔을 구분하는 코드

호텔코드
국가코드+도시코드+호텔이름';
 
   COMMENT ON TABLE "EDUC239"."TD_REVIEW"  IS '호텔에 대한 후기의 정보가 있는 테이블';
--------------------------------------------------------
--  DDL for Table TD_ROOM
--------------------------------------------------------

  CREATE TABLE "EDUC239"."TD_ROOM" 
   (	"ROOM_IDX" NUMBER, 
	"ROOM_PEOPLENUM" NUMBER, 
	"ROOM_BED" NUMBER, 
	"ROOM_PRICE" NUMBER, 
	"HOTEL_CODE" NVARCHAR2(30), 
	"ROOM_NAME" NVARCHAR2(100), 
	"ROOM_PEOPLENUM_K" NUMBER
   ) ;
 

   COMMENT ON COLUMN "EDUC239"."TD_ROOM"."ROOM_IDX" IS '각 객실에 대한 번호';
 
   COMMENT ON COLUMN "EDUC239"."TD_ROOM"."ROOM_PEOPLENUM" IS '객실안에 들어갈 수 있는 인원(어른)';
 
   COMMENT ON COLUMN "EDUC239"."TD_ROOM"."ROOM_BED" IS '객실 내부에 있는 침대의 개수
';
 
   COMMENT ON COLUMN "EDUC239"."TD_ROOM"."ROOM_PRICE" IS '객실 일반 가격';
 
   COMMENT ON COLUMN "EDUC239"."TD_ROOM"."HOTEL_CODE" IS '호텔을 구분하는 코드

호텔코드
국가코드+도시코드+호텔이름';
 
   COMMENT ON COLUMN "EDUC239"."TD_ROOM"."ROOM_NAME" IS '각 객실의 이름
';
 
   COMMENT ON COLUMN "EDUC239"."TD_ROOM"."ROOM_PEOPLENUM_K" IS '객실안에 들어갈 수 있는 인원(어린이)';
 
   COMMENT ON TABLE "EDUC239"."TD_ROOM"  IS '호텔 안에 있는 객실의 정보에 대한 테이블
';
--------------------------------------------------------
--  DDL for Table TD_ROOM_BED
--------------------------------------------------------

  CREATE TABLE "EDUC239"."TD_ROOM_BED" 
   (	"RB_IDX" NUMBER(5,0), 
	"BED_NAME" VARCHAR2(50), 
	"BED_CNT" NUMBER(5,0), 
	"ROOM_IDX" NUMBER, 
	"HOTEL_CODE" NVARCHAR2(30)
   ) ;
--------------------------------------------------------
--  DDL for Table TD_ROOM_FACILITY
--------------------------------------------------------

  CREATE TABLE "EDUC239"."TD_ROOM_FACILITY" 
   (	"RF_IDX" NUMBER, 
	"RF_NAME" NVARCHAR2(100)
   ) ;
 

   COMMENT ON COLUMN "EDUC239"."TD_ROOM_FACILITY"."RF_IDX" IS '객실 편의시설 번호
';
 
   COMMENT ON COLUMN "EDUC239"."TD_ROOM_FACILITY"."RF_NAME" IS '객실의 편의시설 이름
';
 
   COMMENT ON TABLE "EDUC239"."TD_ROOM_FACILITY"  IS '객실 내부에 있는 편의시설에 대한 테이블
';
--------------------------------------------------------
--  DDL for Table TD_ROOM_IMAGE
--------------------------------------------------------

  CREATE TABLE "EDUC239"."TD_ROOM_IMAGE" 
   (	"RIMAGE_IDX" NUMBER, 
	"RIMAGE_NAME" NVARCHAR2(1000), 
	"ROOM_IDX" NUMBER, 
	"HOTEL_CODE" NVARCHAR2(30), 
	"RIMAGE_PATH" NVARCHAR2(1000)
   ) ;
 

   COMMENT ON COLUMN "EDUC239"."TD_ROOM_IMAGE"."RIMAGE_IDX" IS '객실 이미지 번호
';
 
   COMMENT ON COLUMN "EDUC239"."TD_ROOM_IMAGE"."RIMAGE_NAME" IS '객실 이미지파일 이름';
 
   COMMENT ON COLUMN "EDUC239"."TD_ROOM_IMAGE"."ROOM_IDX" IS '각 객실에 대한 번호';
 
   COMMENT ON COLUMN "EDUC239"."TD_ROOM_IMAGE"."HOTEL_CODE" IS '호텔을 구분하는 코드

호텔코드
국가코드+도시코드+호텔이름';
 
   COMMENT ON COLUMN "EDUC239"."TD_ROOM_IMAGE"."RIMAGE_PATH" IS '객실 이미지파일이 있는 위치';
 
   COMMENT ON TABLE "EDUC239"."TD_ROOM_IMAGE"  IS '객실 이미지에 대한 정보가 있는 테이블';
--------------------------------------------------------
--  DDL for Table TD_ROOM_INFO
--------------------------------------------------------

  CREATE TABLE "EDUC239"."TD_ROOM_INFO" 
   (	"ROOM_INFO_IDX" NUMBER, 
	"ROOM_INFO_DATE" DATE, 
	"RF_IDX" NUMBER, 
	"ROOM_IDX" NUMBER, 
	"HOTEL_CODE" NVARCHAR2(30)
   ) ;
 

   COMMENT ON COLUMN "EDUC239"."TD_ROOM_INFO"."ROOM_INFO_IDX" IS '편의 시설 정보들 번호
';
 
   COMMENT ON COLUMN "EDUC239"."TD_ROOM_INFO"."ROOM_INFO_DATE" IS '객실에 편의시설이 등록된 날짜
';
 
   COMMENT ON COLUMN "EDUC239"."TD_ROOM_INFO"."RF_IDX" IS '객실 편의시설 번호
';
 
   COMMENT ON COLUMN "EDUC239"."TD_ROOM_INFO"."ROOM_IDX" IS '각 객실에 대한 번호';
 
   COMMENT ON COLUMN "EDUC239"."TD_ROOM_INFO"."HOTEL_CODE" IS '호텔을 구분하는 코드

호텔코드
국가코드+도시코드+호텔이름';
 
   COMMENT ON TABLE "EDUC239"."TD_ROOM_INFO"  IS '객실이 등록된 기간에 대한 테이블
';
--------------------------------------------------------
--  DDL for Table TD_SLIDE_IMAGE
--------------------------------------------------------

  CREATE TABLE "EDUC239"."TD_SLIDE_IMAGE" 
   (	"SIMAGE_IDX" NUMBER, 
	"SIMAGE_NAME" NVARCHAR2(100), 
	"SIMAGE_TITLE" NVARCHAR2(150), 
	"SIMAGE_URL" NVARCHAR2(1000), 
	"ADMIN_ID" NVARCHAR2(100)
   ) ;
 

   COMMENT ON COLUMN "EDUC239"."TD_SLIDE_IMAGE"."SIMAGE_IDX" IS '슬라이드 이미지 번호
';
 
   COMMENT ON COLUMN "EDUC239"."TD_SLIDE_IMAGE"."SIMAGE_NAME" IS '슬라이드 이미지 이름
';
 
   COMMENT ON COLUMN "EDUC239"."TD_SLIDE_IMAGE"."SIMAGE_TITLE" IS '슬라이드 이미지 제목
';
 
   COMMENT ON COLUMN "EDUC239"."TD_SLIDE_IMAGE"."SIMAGE_URL" IS '슬라이드 이미지와 연결될 URL

';
 
   COMMENT ON COLUMN "EDUC239"."TD_SLIDE_IMAGE"."ADMIN_ID" IS '관리자 ID
';
 
   COMMENT ON TABLE "EDUC239"."TD_SLIDE_IMAGE"  IS '슬라이드 이미지에 대한 정보가 있는 테이블
';
--------------------------------------------------------
--  DDL for Table TEST_TABLE
--------------------------------------------------------

  CREATE TABLE "EDUC239"."TEST_TABLE" 
   (	"ITEM_A" VARCHAR2(100), 
	"ITEM_B" VARCHAR2(100)
   ) ;
--------------------------------------------------------
--  DDL for Table TE_ADMIN
--------------------------------------------------------

  CREATE TABLE "EDUC239"."TE_ADMIN" 
   (	"ADMIN_777" NUMBER, 
	"ADMIN_ID" NVARCHAR2(30), 
	"ADMIN_PASSWORD" NVARCHAR2(400), 
	"ADMIN_EMAIL" NVARCHAR2(1000), 
	"ADMIN_NAME" NVARCHAR2(30), 
	"SESSIONKEY" NVARCHAR2(100), 
	"SESSIONLIMIT" NVARCHAR2(100)
   ) ;
 

   COMMENT ON COLUMN "EDUC239"."TE_ADMIN"."ADMIN_777" IS '관리자 권한';
--------------------------------------------------------
--  DDL for Table TE_ASK
--------------------------------------------------------

  CREATE TABLE "EDUC239"."TE_ASK" 
   (	"ASK_NUM" NUMBER, 
	"ASK_TITLE" NVARCHAR2(100), 
	"ASK_CONTENTS" NVARCHAR2(4000), 
	"ASK_DATE" DATE, 
	"ASK_ANSWERSTATE" NVARCHAR2(30), 
	"ASK_DIVISION" NVARCHAR2(30), 
	"ASK_ANSWERCONTENT" NVARCHAR2(4000), 
	"ASK_ANSDATE" DATE, 
	"USER_ID" NVARCHAR2(30), 
	"ADMIN_ID" NVARCHAR2(30)
   ) ;
 

   COMMENT ON COLUMN "EDUC239"."TE_ASK"."ASK_ANSWERSTATE" IS '답변대기중
답변완';
--------------------------------------------------------
--  DDL for Table TE_BARGAIN
--------------------------------------------------------

  CREATE TABLE "EDUC239"."TE_BARGAIN" 
   (	"USER_ID" NVARCHAR2(30), 
	"PRODUCT_NUM" NUMBER, 
	"BARGAIN_NUM" NUMBER, 
	"BARGAIN_COUNT" NUMBER
   ) ;
--------------------------------------------------------
--  DDL for Table TE_BUY
--------------------------------------------------------

  CREATE TABLE "EDUC239"."TE_BUY" 
   (	"BUY_NUM" NUMBER, 
	"BUY_ACCOUNT" NVARCHAR2(30), 
	"BUY_PRICE" NUMBER, 
	"BUY_DATE" DATE DEFAULT SYSDATE, 
	"BUY_BANK" NVARCHAR2(10), 
	"BUY_ADDRESS" NVARCHAR2(200), 
	"BUY_PHONENUM" NVARCHAR2(50)
   ) ;
--------------------------------------------------------
--  DDL for Table TE_CATEGORY1
--------------------------------------------------------

  CREATE TABLE "EDUC239"."TE_CATEGORY1" 
   (	"CATEGORY1_NAME" NVARCHAR2(30), 
	"CATEGORY1_NUM" NUMBER
   ) ;
--------------------------------------------------------
--  DDL for Table TE_CATEGORY2
--------------------------------------------------------

  CREATE TABLE "EDUC239"."TE_CATEGORY2" 
   (	"CATEGORY1_NUM" NUMBER, 
	"CATEGORY2_NAME" NVARCHAR2(30), 
	"CATEGORY2_NUM" NUMBER
   ) ;
--------------------------------------------------------
--  DDL for Table TE_CATEGORY3
--------------------------------------------------------

  CREATE TABLE "EDUC239"."TE_CATEGORY3" 
   (	"CATEGORY3_NAME" NVARCHAR2(30), 
	"CATEGORY3_NUM" NUMBER, 
	"CATEGORY2_NUM" NUMBER
   ) ;
--------------------------------------------------------
--  DDL for Table TE_EVENT
--------------------------------------------------------

  CREATE TABLE "EDUC239"."TE_EVENT" 
   (	"EVENT_NUM" NUMBER, 
	"EVENT_DATE" DATE, 
	"EVENT_PROCESS" NVARCHAR2(30), 
	"EVENT_URL" NVARCHAR2(500), 
	"EVENT_CATAGORY" NVARCHAR2(30), 
	"ADMIN_ID" NVARCHAR2(30)
   ) ;
--------------------------------------------------------
--  DDL for Table TE_EVENTIMG
--------------------------------------------------------

  CREATE TABLE "EDUC239"."TE_EVENTIMG" 
   (	"EVENT_NUM" NUMBER, 
	"EVENTIMG_NUM" NUMBER, 
	"EVENTIMG_PATH" NVARCHAR2(200), 
	"EVENTIMG_NAME" NVARCHAR2(30)
   ) ;
--------------------------------------------------------
--  DDL for Table TE_FAQ
--------------------------------------------------------

  CREATE TABLE "EDUC239"."TE_FAQ" 
   (	"FAQ_IDX" NUMBER(38,0), 
	"FAQ_PREFERENCE" NUMBER(38,0), 
	"FAQ_TITLE" VARCHAR2(255), 
	"FAQ_CONTENT" VARCHAR2(2000), 
	"FAQ_DATE" DATE, 
	"ADMIN_ID" VARCHAR2(100)
   ) ;
--------------------------------------------------------
--  DDL for Table TE_MILE
--------------------------------------------------------

  CREATE TABLE "EDUC239"."TE_MILE" 
   (	"USER_ID" NVARCHAR2(30), 
	"BUY_NUM" NUMBER, 
	"MILE_DATE" DATE, 
	"MILE_DIV" NVARCHAR2(30), 
	"MILE_NUM" NUMBER
   ) ;
--------------------------------------------------------
--  DDL for Table TE_NOTICE
--------------------------------------------------------

  CREATE TABLE "EDUC239"."TE_NOTICE" 
   (	"NOTICE_NUM" NUMBER(38,0), 
	"NOTICE_TITLE" NVARCHAR2(100), 
	"NOTICE_CONTENTS" NVARCHAR2(3000), 
	"NOTICE_DATE" DATE, 
	"NOTICE_TOP" NVARCHAR2(30), 
	"ADMIN_ID" NVARCHAR2(30)
   ) ;
--------------------------------------------------------
--  DDL for Table TE_ORDER
--------------------------------------------------------

  CREATE TABLE "EDUC239"."TE_ORDER" 
   (	"USER_ID" NVARCHAR2(30), 
	"BUY_NUM" NUMBER, 
	"PRODUCT_NUM" NUMBER, 
	"ORDER_COUNT" NUMBER
   ) ;
--------------------------------------------------------
--  DDL for Table TE_PCADVICE
--------------------------------------------------------

  CREATE TABLE "EDUC239"."TE_PCADVICE" 
   (	"ADVICE_NUM" NUMBER, 
	"ADVICE_TITLE" NVARCHAR2(100), 
	"ADVICE_CONTENTS" NVARCHAR2(4000), 
	"ADVICE_DATE" DATE, 
	"ADVICE_ANSSTATE" NVARCHAR2(300), 
	"ADVICE_ANSCONTENTS" NVARCHAR2(4000), 
	"ADVICE_ANSDATE" DATE, 
	"USER_ID" NVARCHAR2(30), 
	"ADMIN_ID" NVARCHAR2(30)
   ) ;
--------------------------------------------------------
--  DDL for Table TE_PRODUCT
--------------------------------------------------------

  CREATE TABLE "EDUC239"."TE_PRODUCT" 
   (	"PRODUCT_NUM" NUMBER, 
	"CATEGORY1_NUM" NUMBER, 
	"PRODUCT_CONTENT" NVARCHAR2(3000), 
	"PRODUCT_NAME" NVARCHAR2(3000), 
	"PRODUCT_TAG" NVARCHAR2(1000), 
	"PRODUCT_PRICE" NVARCHAR2(30), 
	"PRODUCT_MILE" NVARCHAR2(30), 
	"CATEGORY2_NUM" NUMBER, 
	"CATEGORY3_NUM" NUMBER, 
	"COUNT" NUMBER DEFAULT 0
   ) ;
--------------------------------------------------------
--  DDL for Table TE_PRODUCTIMG
--------------------------------------------------------

  CREATE TABLE "EDUC239"."TE_PRODUCTIMG" 
   (	"PRODUCT_NUM" NUMBER, 
	"PRODUCTIMG_NUM" NUMBER, 
	"PRODUCTIMG_S" NVARCHAR2(200), 
	"PRODUCTIMG_NAME" NVARCHAR2(30), 
	"PRODUCTIMG_M" NVARCHAR2(200), 
	"PRODUCTIMG_L" NVARCHAR2(200)
   ) ;
--------------------------------------------------------
--  DDL for Table TE_QNA
--------------------------------------------------------

  CREATE TABLE "EDUC239"."TE_QNA" 
   (	"QNA_NUM" NUMBER, 
	"QNA_TITLE" NVARCHAR2(100), 
	"QNA_CONTENTS" NVARCHAR2(4000), 
	"QNA_DIVISION" NVARCHAR2(30), 
	"ADMIN_ID" NVARCHAR2(30)
   ) ;
--------------------------------------------------------
--  DDL for Table TE_REVIEW
--------------------------------------------------------

  CREATE TABLE "EDUC239"."TE_REVIEW" 
   (	"USER_ID" NVARCHAR2(30), 
	"REVIEW_NUM" NUMBER, 
	"REVIEW_TITLE" NVARCHAR2(100), 
	"REVIEW_CONTENTS" NVARCHAR2(4000), 
	"REVIEW_DATE" DATE DEFAULT SYSDATE, 
	"PRODUCT_NUM" NUMBER
   ) ;
--------------------------------------------------------
--  DDL for Table TE_REVIEWIMG
--------------------------------------------------------

  CREATE TABLE "EDUC239"."TE_REVIEWIMG" 
   (	"REVIEW_NUM" NUMBER, 
	"PRODUCT_NUM" NUMBER, 
	"REVIEWIMG_NUM" NUMBER, 
	"REVIEWIMG_PATH" NVARCHAR2(200), 
	"REVIEWIMG_NAME" NVARCHAR2(30)
   ) ;
--------------------------------------------------------
--  DDL for Table TE_USERINFORMATION
--------------------------------------------------------

  CREATE TABLE "EDUC239"."TE_USERINFORMATION" 
   (	"USER_ID" NVARCHAR2(30), 
	"USER_BIRTHDAY" NVARCHAR2(10), 
	"USER_ADDRESS" NVARCHAR2(200), 
	"USER_PASSWORD" NVARCHAR2(400), 
	"USER_NAME" NVARCHAR2(30), 
	"USER_PHONENUM" NVARCHAR2(300), 
	"USER_EMAIL" NVARCHAR2(100), 
	"MILE_PRICE" NUMBER, 
	"SESSIONKEY" NVARCHAR2(1000), 
	"SESSIONLIMIT" NVARCHAR2(1000)
   ) ;
REM INSERTING into EDUC239.TA_ANSWER
SET DEFINE OFF;
Insert into EDUC239.TA_ANSWER ("rno","bno","replytext","regdate",BOARD_CODE) values (10,12,'회원님 고객센터로 전화 문의주세요. 빠른 해결 해드리겠습니다!',null,'03');
Insert into EDUC239.TA_ANSWER ("rno","bno","replytext","regdate",BOARD_CODE) values (9,13,'가능합니다',to_date('18/12/15','RR/MM/DD'),'03');
REM INSERTING into EDUC239.TA_BASKET
SET DEFINE OFF;
REM INSERTING into EDUC239.TA_BOARD
SET DEFINE OFF;
Insert into EDUC239.TA_BOARD (BOARD_IDX,TITLE,WRITER,WRITEDATE,CONTENT,IMPORTMANT,ID,BOARD_CODE,IMG,ANSWER,ANSWER_DATE,ANSWER_IDX) values (6,'푸켓허니문은 또봄투어에서',null,to_date('19/01/08','RR/MM/DD'),'안녕하세요.
인생에 있어거 가장 중요한 여행을 꼽으라면 바로바로
허니문인 것 같아요.
사람마다 차이가 있을 수 있지만
제일 선호하는 여행지는 바로
푸른 바다가 보이는 아름다운 휴양지인 것 같아요.','Y','spring','01','tip001.jpg',null,to_date('18/12/13','RR/MM/DD'),null);
Insert into EDUC239.TA_BOARD (BOARD_IDX,TITLE,WRITER,WRITEDATE,CONTENT,IMPORTMANT,ID,BOARD_CODE,IMG,ANSWER,ANSWER_DATE,ANSWER_IDX) values (7,'핫한 여름 편하고 즐겁게 보낼 수 있는 일본 크루즈여행 파격 할인',null,to_date('19/01/08','RR/MM/DD'),'안녕하세요
이번 여름에 시원하고 알차게 떠날 수 있는 크루즈여행을 소개해 드릴께요
일본으로 떠나는 크루즈여행인데요.
많은 분들이 휴가계획 잡고 계시잖아요?
또봄투어에서 준비한 크루즈여행 한번 다녀와 보세요.
크루즈여행은 패키지나 다른 여행상품과는 다르게 리조트와 같은 시설을 자유롭게 이용할 수 있고
크루즈 내에서 모든 것을 해결하기 때문에 휴양과 편안함을 즐기고 싶은 분들에게는 금상첨화에요.
기항지 투어 외에는 추가비용이 거의 들지 않아요.
크루즈 안에서 있는 일정에는 모든 식사 비용이 포함되어 있어요. 더군다나 식사가 럭셔리하게 나와요.
그리고 선내의 각종 부대시설 및 프로그램을 무료로 이용 가능하죠.
네오 로멘티카호에는 최고급 스파와 정통 이탈리안 푸드가 제공되고 개성넘치는 라이브 음악,
세련되고 다양한 형태의 바와 라운지를 보유하고 있어요.
여기에 더해서 조깅과 수영 등 월풀마사지, 헬스, 사우나 등등 여러 시설까지 보유하고 있어요.
이번 여행은 정말 크루즈 여행을 추천드려요.
사진을 클릭하시면 크루즈 상품 보실 수 있어요','N','spring','01','tip002.jpg',null,to_date('18/12/13','RR/MM/DD'),null);
Insert into EDUC239.TA_BOARD (BOARD_IDX,TITLE,WRITER,WRITEDATE,CONTENT,IMPORTMANT,ID,BOARD_CODE,IMG,ANSWER,ANSWER_DATE,ANSWER_IDX) values (11,'오사카 비행기 취소',null,to_date('18/12/14','RR/MM/DD'),'지진 발생으로 인한 취소됐습니다.
자세한 사항은 고객센터로 문의주세요','Y','spring','02',null,null,to_date('18/12/13','RR/MM/DD'),null);
Insert into EDUC239.TA_BOARD (BOARD_IDX,TITLE,WRITER,WRITEDATE,CONTENT,IMPORTMANT,ID,BOARD_CODE,IMG,ANSWER,ANSWER_DATE,ANSWER_IDX) values (8,'크루즈여행 이렇게 핫하게 할인 한거 보셨어요?',null,to_date('19/01/08','RR/MM/DD'),'4인 가족 항공권만 해도 동남아 여행 갈 때 어마 무시하죠
왜냐면 아무리 12세 이하 어린이라도 어른 가격의 80%에 해당하는 가격을 받으니

이 핫한 여름 휴가에 일본을 가려고 해도 만만치 않은 가격이 나와요.

 
이번 여행에서 쿄토를 여행하는 기회가 있어요.

마이즈루가 바로 쿄토 여행지인데요.

이번 여름 아주 편하고 휴양하는 느낌도 가지고

또 조금 품격있는 여행을 준비하신다면

즐거운 크루즈여행을

진심으로 추천해 드려요.','N','spring','01','tip003.jpg',null,to_date('18/12/13','RR/MM/DD'),null);
Insert into EDUC239.TA_BOARD (BOARD_IDX,TITLE,WRITER,WRITEDATE,CONTENT,IMPORTMANT,ID,BOARD_CODE,IMG,ANSWER,ANSWER_DATE,ANSWER_IDX) values (10,'여행',null,to_date('18/12/08','RR/MM/DD'),'일정 변경','N','spring','02',null,null,to_date('18/12/13','RR/MM/DD'),null);
Insert into EDUC239.TA_BOARD (BOARD_IDX,TITLE,WRITER,WRITEDATE,CONTENT,IMPORTMANT,ID,BOARD_CODE,IMG,ANSWER,ANSWER_DATE,ANSWER_IDX) values (25,'몰디브 리조트 BEST 5 !!!',null,to_date('19/01/08','RR/MM/DD'),'1. 센타라 라스푸쉬 (Centara  Ras Fushi  Resort & Spa)   
비교적 가깝게 이동가능한 스피드 보트 지역 중 뛰어난 수중환경을 가지고 있는 ''센타라 라스푸쉬'' 입니다. 
광활한 라군과 아름다운 샌드비치까지 보유하고 있습니다.  
All Inclusive 를 제공하며 스노클링 장비도 무료로 제공하고 있고~  
컨디션이나 리조트 포함사항 대비 가장 실속적인 리조트여서 ★추천★ 드립니다.  

  2. 바카루팔히 (Vakaru Falhi Maldives)
  South Ari Atoll 에 위치하고 있으며, 말레 공항에서 수상비행기로 약 25분 소요됩니다. 
수중환경이 뛰어나기로 소문난 5성급 리조트 입니다.
총 70채의 빌라로 구성되어 있으며, 비치빌라 45채, 오버 워터빌라는 25채로 구성되어 있습니다.
빼어난 수중환경 최상의 룸 컨디션 격조 높은 음식과 서비스 All Inclusive Plan의 장점을 지니고 있습니다.

 3. 아야다 리조트 (AYADA Maldives)
아야다 몰디브는 세계에서 두 번째로 큰 아톨인 카푸 달루(Gaafu Dhaalu)아톨에 있는 150,000 spm 크기의Maguhdhuvaa 섬에 위치해 있습니다.
우기기간에도 항상 화창한 날씨와 몰디브에서도 최고의 자연환경을 보유하고 있습니다. 
스타일리쉬하게 디자인된 최신식 몰디브 빌라와 전객실에 개인풀을 보유하고 있습니다.
아름다운 가구들과 현대적 편의시설이 조화를 이루며 눈부신 인도양과 함께 최상의 프라이버시를 보장합니다.

 4. 파크 하얏트 (Park Hyatt HadaHaa)
 하얏트 호텔 체인 중에서도 가장 최상급 브랜드를 뽐내는 파크하얏트!!
열대 밀림과 백사장, 유리처럼 맑고 투명한 수중 환경 등 거대한 원시 자연 그대로를 보존하고 있는 몰디브 최고의 친환경 리조트 입니다.
산호 라군 위에 단 14채만 지어진 파크 워터 빌라는 기존의 워터 빌라를 뛰어넘는 우수한 인테리어 감각과
몰디브의 자연 경관이 어우러진 최고급 객실입니다. 리조트 규모도 어마어마해서 허니문으로는 제격인 리조트 입니다.

 5. 썸머 아일랜드 리조트 (Summer Island Maldives)
2015년 3월 01일 워터빌라의 신축과 리조트의 대대적인 레노베이션을 통해 4성 럭셔리 All Inclusive 리조트 로 새롭게 오픈을 하였습니다.
스피드 보트 로 약 40분 거리에 위치하고 있으며, 라군과 샌드뱅크가 아름답게 펼쳐져 있으며, 주위에 세계에서 손 꼽히는 다이빙 포인트가 있습니다.
워터빌라 20채를 포함하여 총 148채의 빌라와, 2개의 레스토랑, 2개의 바 & 스파, 아름다운 메인풀 등으로 구성되어 있습니다.
다양한 올인클루시브 혜택을 제공하고 있으며, 매일 스노쿨링 트립을 1회 제공하고 있습니다.','N','spring','01','tip004.jpg',null,to_date('18/12/13','RR/MM/DD'),null);
Insert into EDUC239.TA_BOARD (BOARD_IDX,TITLE,WRITER,WRITEDATE,CONTENT,IMPORTMANT,ID,BOARD_CODE,IMG,ANSWER,ANSWER_DATE,ANSWER_IDX) values (17,'내셔널 지오그래픽에서 추천한 행복한 여행지!',null,to_date('19/01/08','RR/MM/DD'),'1. 동유럽
3개국 아드리아해 남쪽의 알려지지 않은 작은 세나라, 알바니아, 마케도니아, 몬테네그로등
아름다운 자연경관을 자랑하는 곳입니다.  

2. 아이슬란드
''얼음 땅'' 아이슬란드는 북대서양 한가운데에 위치한 고립무원의 섬나라이며
불과 얼음의 아이슬란드.
빙하와 활화산을 동시에 볼수 있고 밤이면 오로라의 아름다움에 취할수 있는 아름다운 나라입니다.

3. 필리핀 "세부"
인천에서 약 4시간 20분 직항거리에 있는 지역~
아름다운 바다와 스파, 리조트, 마사지, 해양 액티비티등 일상의 스트레스를 해소하고
재충전 하기위한 모든것이 있는곳!

 4. 베트남
현재 동남아시아 저역에서 주목받고 있는 관광+휴양지.
이국적인 아름다운 절경과 풍경, 그리고 력셔리 리조트등이 모두 모여있는 곳.

5. 터키
동서양의 접점에 위치한 나라.유네스코 유산을 10곳이나 간직한 곳.
볼거리가 넘치는 이스탄불 환상의 카파토키아, 신비한 파묵칼레등 추억을 간직하고 이색적인
관광을 선호하시는 분들에게 적합한곳.

 6. 뉴질랜드
천혜의 아름다운 자연환경을 갖춘 나라.
영화 "반지의 제왕" 촬영지였던 곳이며, 영화에서 보듯이 아름답고 이색적인 뉴질랜드의
풍경과 액티비티등 모든것을 느끼고 체험하고 올수 있는곳.

7. 호주
세계 3대 미항인 시드니와 골드코스트~
유네스코에서 지정한 죽기전에 꼭! 가봐야 한다는 "그레이트 베리어 리프"(대산호초)등
진정한 대자연과 오페라 하우스등 관광을 모두 체험하는 곳.  ','N','spring','01','tip005.jpg',null,to_date('18/12/13','RR/MM/DD'),null);
Insert into EDUC239.TA_BOARD (BOARD_IDX,TITLE,WRITER,WRITEDATE,CONTENT,IMPORTMANT,ID,BOARD_CODE,IMG,ANSWER,ANSWER_DATE,ANSWER_IDX) values (19,'인천국제공항 이용 꿀팁!',null,to_date('19/01/08','RR/MM/DD'),'오늘은 어떤 정보를 올려드릴까 고민하다가 아직도 모르시는 분들을 위해
인천공항을 이용할 수 있는 꿀팁을 소개해드리려고 합니다
인천공항은 2001년 설립된 이후
세계공항서비스평가(ASQ)에서 2005년 이후 줄곧 1위를 차지했다는 점 다들 알고 계시나요?
또한 대한항공, 아시아나항공, 제주항공, 진에어, 이스타항공, 티웨이항공, 폴라에어 카고가
인천공항을 허브 공항으로 사용하고 있습니다.
이처럼 인천공항은 규모, 서비스, 시설면에서 절대 뒤떨어지지않는 세계 최고의 공항이라고 할만하네요~~
그럼 이쯤에서 인천공항에 편의시설에 대해서 알아볼까요?
해외 여행을 갈 때 대부분 거쳐가는 바로 그 곳!
인천국제공항!','N','spring','01','tip006.jpg',null,to_date('18/12/13','RR/MM/DD'),null);
Insert into EDUC239.TA_BOARD (BOARD_IDX,TITLE,WRITER,WRITEDATE,CONTENT,IMPORTMANT,ID,BOARD_CODE,IMG,ANSWER,ANSWER_DATE,ANSWER_IDX) values (26,'휴양형 허니문 BEST 4',null,to_date('19/01/08','RR/MM/DD'),'1. 멕시코 "칸쿤"
현대식 리조트와 브랜드 호텔, 이국적인 마야문명의 흔적을 한자리에 볼 수 있는 칸쿤은 이색적인
행을 꿈꾸는 모험심강한 신홍부부들이 가장 가고 싶어하는 곳입니다. 한가인 연정훈 부부가 다녀오
면서 알려지기 시작한 곳입니다.
인천에서 직항이 없기 때문에 뉴욕, 라스베가스등을 경유해서 가셔야합니다   

2.인도네시아 "발리"
조용한 휴양과, 마사지, 원주민 문화등을 체험할수 있고 청정한 자연과 색다른 문화를
접할수 있는 휴양+관광지 입니다.
영국 BBC 방송에서 지구상에 가장 아름다운 섬으로 선정되기도 했습니다.  
인천에서 직항으로 약 7시간 소요되며, 풀빌라를 선호하시는 허니무너 분들에게 력셔리 풀빌라가
많기로 유명한 지역입니다. 

 3.태국 "코사무이"
방콕에서 항공기로 1시간 거리에 위치한 섬입니다.
유럽여행객에게 인기가 많은 곳 입니다.
발리와 풀빌라 수준이 쌍벽을 이루며, 아름다운 해변과 화려한 밤문화를 자랑하는 곳입니다.  

4.인도양 "몰디브"
인도양에서 만날수 있는 럭셔리 휴양형 여행지입니다.!!
ONE 랜드, ONE 리조트 중심의 휴양지로 아름다운 바다와 함께하며, 휴양 및 해양 액티비티를
즐길수 있는 아름다운 신혼 여행지 입니다.   

참고하셔서 아름다운 허니문을 만들어보세요!!','N','spring','01','tip007.jpg',null,to_date('18/12/13','RR/MM/DD'),null);
Insert into EDUC239.TA_BOARD (BOARD_IDX,TITLE,WRITER,WRITEDATE,CONTENT,IMPORTMANT,ID,BOARD_CODE,IMG,ANSWER,ANSWER_DATE,ANSWER_IDX) values (5,'여행 일정 관련','진승현',to_date('18/12/08','RR/MM/DD'),'변경','N','spring','02',null,null,to_date('18/12/13','RR/MM/DD'),null);
Insert into EDUC239.TA_BOARD (BOARD_IDX,TITLE,WRITER,WRITEDATE,CONTENT,IMPORTMANT,ID,BOARD_CODE,IMG,ANSWER,ANSWER_DATE,ANSWER_IDX) values (9,'오사카 비행기 취소',null,to_date('18/12/08','RR/MM/DD'),'지진 발생으로 인한 취소','N','spring','02',null,null,to_date('18/12/13','RR/MM/DD'),null);
Insert into EDUC239.TA_BOARD (BOARD_IDX,TITLE,WRITER,WRITEDATE,CONTENT,IMPORTMANT,ID,BOARD_CODE,IMG,ANSWER,ANSWER_DATE,ANSWER_IDX) values (12,'예약 취소를 하고 싶어요','김지혜',to_date('18/12/10','RR/MM/DD'),'예약 한명만 취소하고 싶은데 어떻게 해야 하나요?','N','svn','03',null,null,to_date('18/12/13','RR/MM/DD'),1);
Insert into EDUC239.TA_BOARD (BOARD_IDX,TITLE,WRITER,WRITEDATE,CONTENT,IMPORTMANT,ID,BOARD_CODE,IMG,ANSWER,ANSWER_DATE,ANSWER_IDX) values (13,'취소하고 다른 카드로 결제하고 싶어요','이영태',to_date('18/12/12','RR/MM/DD'),'제 카드 취소하고 여자친구 카드로 결제하고 싶은데 어떻게 하나요?','N','svn','03',null,null,to_date('18/12/13','RR/MM/DD'),null);
Insert into EDUC239.TA_BOARD (BOARD_IDX,TITLE,WRITER,WRITEDATE,CONTENT,IMPORTMANT,ID,BOARD_CODE,IMG,ANSWER,ANSWER_DATE,ANSWER_IDX) values (2,'공지입니다','관리자테스트',to_date('19/01/01','RR/MM/DD'),'관리자는 자러갑니다','N','spring','02',null,null,to_date('18/12/13','RR/MM/DD'),null);
Insert into EDUC239.TA_BOARD (BOARD_IDX,TITLE,WRITER,WRITEDATE,CONTENT,IMPORTMANT,ID,BOARD_CODE,IMG,ANSWER,ANSWER_DATE,ANSWER_IDX) values (4,'군산 여행 일정 관련','김주성',to_date('18/12/08','RR/MM/DD'),'변경 상황','N','spring','02','change.jpg',null,to_date('18/12/13','RR/MM/DD'),null);
Insert into EDUC239.TA_BOARD (BOARD_IDX,TITLE,WRITER,WRITEDATE,CONTENT,IMPORTMANT,ID,BOARD_CODE,IMG,ANSWER,ANSWER_DATE,ANSWER_IDX) values (24,'일본 벚꽃 개화시기',null,to_date('19/01/08','RR/MM/DD'),'1. 후쿠오카 : 3/24 예정

2. 오사카/나라/교토 : 3/28~3/30 예정
*오사카 성

3.도쿄 : 3/26 예정
*신주쿠교엔, 우에노 공원 등

4. 북해도 : 4/25~4/30 예정
* 북해도 고료카쿠

*추천 벚꽃구경 관광지','N','spring','01','tip008.jpg',null,to_date('18/12/13','RR/MM/DD'),null);
Insert into EDUC239.TA_BOARD (BOARD_IDX,TITLE,WRITER,WRITEDATE,CONTENT,IMPORTMANT,ID,BOARD_CODE,IMG,ANSWER,ANSWER_DATE,ANSWER_IDX) values (27,'인천공항 잠정 페쇄',null,to_date('18/12/12','RR/MM/DD'),'그렇습니다','Y','spring','02',null,null,to_date('18/12/13','RR/MM/DD'),null);
Insert into EDUC239.TA_BOARD (BOARD_IDX,TITLE,WRITER,WRITEDATE,CONTENT,IMPORTMANT,ID,BOARD_CODE,IMG,ANSWER,ANSWER_DATE,ANSWER_IDX) values (18,'후쿠오카에 대한 모든 정보! 꿀팁!',null,to_date('19/01/08','RR/MM/DD'),'온천뿐만 아니라 다양한 먹거리와 아기자기한 볼거리가 가득한 곳입니다!
지루함없이 재미있게 떠나실 수 있을거에요~ ','N','spring','01','nabe.jpg',null,to_date('18/12/13','RR/MM/DD'),null);
Insert into EDUC239.TA_BOARD (BOARD_IDX,TITLE,WRITER,WRITEDATE,CONTENT,IMPORTMANT,ID,BOARD_CODE,IMG,ANSWER,ANSWER_DATE,ANSWER_IDX) values (20,'일본 JR 패스란?',null,to_date('19/01/08','RR/MM/DD'),'일본 JR 패스란?
유럽여행시 유레일 패스처럼외국인이 일본을 여행할때 정해진기간내 무제한으로 이용 가능한 철도패스이고 관광비자를 가지고 있는일본국민외 관광을 목적으로일본 방문하는 외국인을 위한 티켓입니다.
일본 여행객을 위한 패스라서 일본내에서는 구입할 수 없습니다.
"한국에서 반드시 구입해서 가는게 이익입니다"
미리 EXCHANGE ORDER 구입을해서 일본입국 후 JR미도리노마도구치가 있는지정된 JR역에서 JR패스를
교환해서 사용하면 끝입니다.
미리 EXCHANGE ORDER 구입을해서 일본입국 후JR미도리노마도구치가 있는 지정된 JR역에서 JR패스를
교환해서 사용하면 끝입니다.
JR 패스는 일본열도를 JR보통열차,JR쾌속열차,JR특급열차,JR신칸센(단 노조미,미즈호 탑승불가)
JR나리타 익스프레스,하루카의 특급열차등을정해진기간 동안 (7,14,21일간)거리,구간,이용횟수 상관없이 무제한 사용할 수 있는 저렴한 패스 승차권입니다.
오늘도 행복하시고 더운 여름에 건강들 잃지않게 유의하세요.

감사합니다.','Y','spring','01','tip009.jpg',null,to_date('18/12/13','RR/MM/DD'),null);
Insert into EDUC239.TA_BOARD (BOARD_IDX,TITLE,WRITER,WRITEDATE,CONTENT,IMPORTMANT,ID,BOARD_CODE,IMG,ANSWER,ANSWER_DATE,ANSWER_IDX) values (28,'[관광지] 드라마&영화 촬영지로 떠나는 특별한 여행!',null,to_date('19/01/08','RR/MM/DD'),'1. 황후의 품격 - 충청남도 부여

최근 방영하고 있는 드라마 중 높은 시청률을 자랑하는 드라마 황후의 품격! 이 드라마의 촬영지는 바로 우리나라 충청남도 부여에 위치하고 있는 백제문화단지입니다. 국내이기 때문에 주말에 시간을 내어 다녀올 수 있으며, 백제역사문화관이나 사비성 등 다양한 주요 시설과 볼거리 및 숙박시설이 있는 100만평의 구묘를 가진 장소라는 것! 백제문화단지는 과거 백제시대 때의 모습과 건축물을 재현해놓은 곳으로 그 시대의 역사와 문화를 엿볼 수 있어 과거로 돌아간 듯한 느낌에 어른 아이 할 것 없이 흥미를 느낄 수 있는 여행이 될 수 있습니다. 특히 밤에 보는 백제문화단지의 야경이 아름다워 야경여행으로도 추천합니다! 단, 현재 방영중인 드라마이기 때문에 촬영이 진행되어 일부 건물은 세트장으로 역사적인 사실과 다를 수 있다고 하니 참고해주세요~ :)

2. 태양의 후예 - 그리스 자킨토스 섬

엄청난 몰입도와 인기로 많은 사람들의 사랑을 받았던 태양의 후예의 배경이 된 촬영지는 바로 자킨토스 섬의 나바지오 해변입니다. 이곳은 세계 10대 해변으로 선정되었던 곳이며, 쓰레기와 오염 없이 깨끗하고 맑아 아름답고 신비로운 장소인데요. 태양의 후예의 명장면을 만든 곳으로써 많은 관광객들이 방문하고 있답니다. 자킨토스 섬에 방문하게 되면 푸른 바다 속에서 스쿠버다이빙이나 동굴탐험과 같은 액티비티도 즐길 수 있고 해변 절벽과 하얀 모래에서 소중한 추억을 남길 수 있는 인생사진도 남길 수 있답니다. 나바지오 해변의 명물인 오래된 난파선도 보고 푸르게 펼쳐진 바다를 보며 드라마의 주인공이 된 듯한 기분을 만끽해보세요~ :)','Y','svn','01','tip010.jpg',null,to_date('19/01/08','RR/MM/DD'),null);
REM INSERTING into EDUC239.TA_BOARD_INFO
SET DEFINE OFF;
Insert into EDUC239.TA_BOARD_INFO (BOARD_CODE,BOARD_NAME) values ('03','1대1문의');
Insert into EDUC239.TA_BOARD_INFO (BOARD_CODE,BOARD_NAME) values ('01','팁게시판');
Insert into EDUC239.TA_BOARD_INFO (BOARD_CODE,BOARD_NAME) values ('02','공지사항');
REM INSERTING into EDUC239.TA_CITY
SET DEFINE OFF;
Insert into EDUC239.TA_CITY (CITY_CODE,CITY_NAME,NATION_CODE) values ('OSA','오사카','JP');
Insert into EDUC239.TA_CITY (CITY_CODE,CITY_NAME,NATION_CODE) values ('ULN','울란바토르','MN');
Insert into EDUC239.TA_CITY (CITY_CODE,CITY_NAME,NATION_CODE) values ('ULY','울야노브스크','RU');
Insert into EDUC239.TA_CITY (CITY_CODE,CITY_NAME,NATION_CODE) values ('UMO','오스타예보','RU');
Insert into EDUC239.TA_CITY (CITY_CODE,CITY_NAME,NATION_CODE) values ('UMW','카우나스','RU');
Insert into EDUC239.TA_CITY (CITY_CODE,CITY_NAME,NATION_CODE) values ('URC','우르무치','CN');
Insert into EDUC239.TA_CITY (CITY_CODE,CITY_NAME,NATION_CODE) values ('URT','수라트타니','TH');
Insert into EDUC239.TA_CITY (CITY_CODE,CITY_NAME,NATION_CODE) values ('USN','울산','KR');
Insert into EDUC239.TA_CITY (CITY_CODE,CITY_NAME,NATION_CODE) values ('USQ','우샤크','TR');
Insert into EDUC239.TA_CITY (CITY_CODE,CITY_NAME,NATION_CODE) values ('UTP','우타파오','TH');
Insert into EDUC239.TA_CITY (CITY_CODE,CITY_NAME,NATION_CODE) values ('UUD','울란우태','RU');
Insert into EDUC239.TA_CITY (CITY_CODE,CITY_NAME,NATION_CODE) values ('UUS','사할린','RU');
Insert into EDUC239.TA_CITY (CITY_CODE,CITY_NAME,NATION_CODE) values ('VBS','브레시아','IT');
Insert into EDUC239.TA_CITY (CITY_CODE,CITY_NAME,NATION_CODE) values ('VCE','베니스','IT');
Insert into EDUC239.TA_CITY (CITY_CODE,CITY_NAME,NATION_CODE) values ('VCV','빅터빌','US');
Insert into EDUC239.TA_CITY (CITY_CODE,CITY_NAME,NATION_CODE) values ('VCX','브레시아','IT');
Insert into EDUC239.TA_CITY (CITY_CODE,CITY_NAME,NATION_CODE) values ('VIE','비엔나','AT');
Insert into EDUC239.TA_CITY (CITY_CODE,CITY_NAME,NATION_CODE) values ('VIT','빅토리아','ES');
Insert into EDUC239.TA_CITY (CITY_CODE,CITY_NAME,NATION_CODE) values ('VKO','모스코바(보누코보)','RU');
Insert into EDUC239.TA_CITY (CITY_CODE,CITY_NAME,NATION_CODE) values ('VLC','발렌시아','ES');
Insert into EDUC239.TA_CITY (CITY_CODE,CITY_NAME,NATION_CODE) values ('VNY','밴나이즈','US');
Insert into EDUC239.TA_CITY (CITY_CODE,CITY_NAME,NATION_CODE) values ('VPC','카터스빌','US');
Insert into EDUC239.TA_CITY (CITY_CODE,CITY_NAME,NATION_CODE) values ('VTE','빈탄','LA');
Insert into EDUC239.TA_CITY (CITY_CODE,CITY_NAME,NATION_CODE) values ('VVO','블라디보스톡','RU');
Insert into EDUC239.TA_CITY (CITY_CODE,CITY_NAME,NATION_CODE) values ('WAS','워싱턴','US');
Insert into EDUC239.TA_CITY (CITY_CODE,CITY_NAME,NATION_CODE) values ('WAW','바르샤바','PL');
Insert into EDUC239.TA_CITY (CITY_CODE,CITY_NAME,NATION_CODE) values ('WEH','웨이하이','CN');
Insert into EDUC239.TA_CITY (CITY_CODE,CITY_NAME,NATION_CODE) values ('WJU','원주','KR');
Insert into EDUC239.TA_CITY (CITY_CODE,CITY_NAME,NATION_CODE) values ('WKE','웨이크','US');
Insert into EDUC239.TA_CITY (CITY_CODE,CITY_NAME,NATION_CODE) values ('WKJ','와카나이','JP');
Insert into EDUC239.TA_CITY (CITY_CODE,CITY_NAME,NATION_CODE) values ('WRO','브로츠와프','PL');
Insert into EDUC239.TA_CITY (CITY_CODE,CITY_NAME,NATION_CODE) values ('WUH','유한','CN');
Insert into EDUC239.TA_CITY (CITY_CODE,CITY_NAME,NATION_CODE) values ('XCR','샤론스','FR');
Insert into EDUC239.TA_CITY (CITY_CODE,CITY_NAME,NATION_CODE) values ('XFW','함부르크','DE');
Insert into EDUC239.TA_CITY (CITY_CODE,CITY_NAME,NATION_CODE) values ('XIY','서안','CN');
Insert into EDUC239.TA_CITY (CITY_CODE,CITY_NAME,NATION_CODE) values ('XMN','샤먼','CN');
Insert into EDUC239.TA_CITY (CITY_CODE,CITY_NAME,NATION_CODE) values ('XNA','페이트빌','US');
Insert into EDUC239.TA_CITY (CITY_CODE,CITY_NAME,NATION_CODE) values ('XSP','셀레타','SG');
Insert into EDUC239.TA_CITY (CITY_CODE,CITY_NAME,NATION_CODE) values ('YCN','코흐레인','CA');
Insert into EDUC239.TA_CITY (CITY_CODE,CITY_NAME,NATION_CODE) values ('YEC','예천','KR');
Insert into EDUC239.TA_CITY (CITY_CODE,CITY_NAME,NATION_CODE) values ('YEG','에드먼튼','CA');
Insert into EDUC239.TA_CITY (CITY_CODE,CITY_NAME,NATION_CODE) values ('YGJ','요나고','JP');
Insert into EDUC239.TA_CITY (CITY_CODE,CITY_NAME,NATION_CODE) values ('YHZ','헬리팍스','CA');
Insert into EDUC239.TA_CITY (CITY_CODE,CITY_NAME,NATION_CODE) values ('YIP','윌로우런','US');
Insert into EDUC239.TA_CITY (CITY_CODE,CITY_NAME,NATION_CODE) values ('YKS','야쿠츠크','RU');
Insert into EDUC239.TA_CITY (CITY_CODE,CITY_NAME,NATION_CODE) values ('LGA','뉴욕 라과디아','US');
Insert into EDUC239.TA_CITY (CITY_CODE,CITY_NAME,NATION_CODE) values ('LGB','롱비치','US');
Insert into EDUC239.TA_CITY (CITY_CODE,CITY_NAME,NATION_CODE) values ('LGG','리에쥬 비어셋','BE');
Insert into EDUC239.TA_CITY (CITY_CODE,CITY_NAME,NATION_CODE) values ('LGK','랑카위','MY');
Insert into EDUC239.TA_CITY (CITY_CODE,CITY_NAME,NATION_CODE) values ('LGW','런던개트윅','GB');
Insert into EDUC239.TA_CITY (CITY_CODE,CITY_NAME,NATION_CODE) values ('LHE','라호르','PK');
Insert into EDUC239.TA_CITY (CITY_CODE,CITY_NAME,NATION_CODE) values ('LHR','런던히드로','GB');
Insert into EDUC239.TA_CITY (CITY_CODE,CITY_NAME,NATION_CODE) values ('LIH','리후에','US');
Insert into EDUC239.TA_CITY (CITY_CODE,CITY_NAME,NATION_CODE) values ('LIS','리스본','PT');
Insert into EDUC239.TA_CITY (CITY_CODE,CITY_NAME,NATION_CODE) values ('LIT','리틀락','US');
Insert into EDUC239.TA_CITY (CITY_CODE,CITY_NAME,NATION_CODE) values ('LKO','루크노','IO');
Insert into EDUC239.TA_CITY (CITY_CODE,CITY_NAME,NATION_CODE) values ('LLA','룰레오','SE');
Insert into EDUC239.TA_CITY (CITY_CODE,CITY_NAME,NATION_CODE) values ('LLU','나푸나푸','PH');
Insert into EDUC239.TA_CITY (CITY_CODE,CITY_NAME,NATION_CODE) values ('LON','런던','GB');
Insert into EDUC239.TA_CITY (CITY_CODE,CITY_NAME,NATION_CODE) values ('LOS','라고스','NG');
Insert into EDUC239.TA_CITY (CITY_CODE,CITY_NAME,NATION_CODE) values ('LTN','런던 루턴','GB');
Insert into EDUC239.TA_CITY (CITY_CODE,CITY_NAME,NATION_CODE) values ('LTS','오클라호마','US');
Insert into EDUC239.TA_CITY (CITY_CODE,CITY_NAME,NATION_CODE) values ('LUG','루가노','CH');
Insert into EDUC239.TA_CITY (CITY_CODE,CITY_NAME,NATION_CODE) values ('LUK','신시내티','US');
Insert into EDUC239.TA_CITY (CITY_CODE,CITY_NAME,NATION_CODE) values ('LUT','루톤','US');
Insert into EDUC239.TA_CITY (CITY_CODE,CITY_NAME,NATION_CODE) values ('LUX','룩셈부르크','LU');
Insert into EDUC239.TA_CITY (CITY_CODE,CITY_NAME,NATION_CODE) values ('LYG','라용','CN');
Insert into EDUC239.TA_CITY (CITY_CODE,CITY_NAME,NATION_CODE) values ('MAA','마드라스','IO');
Insert into EDUC239.TA_CITY (CITY_CODE,CITY_NAME,NATION_CODE) values ('MAD','마드리드','ES');
Insert into EDUC239.TA_CITY (CITY_CODE,CITY_NAME,NATION_CODE) values ('MAJ','마주로','MH');
Insert into EDUC239.TA_CITY (CITY_CODE,CITY_NAME,NATION_CODE) values ('MAN','맨체스터','GB');
Insert into EDUC239.TA_CITY (CITY_CODE,CITY_NAME,NATION_CODE) values ('MBB','메반베스','AU');
Insert into EDUC239.TA_CITY (CITY_CODE,CITY_NAME,NATION_CODE) values ('MBC','마나도','ID');
Insert into EDUC239.TA_CITY (CITY_CODE,CITY_NAME,NATION_CODE) values ('MBE','마쯔모도','JP');
Insert into EDUC239.TA_CITY (CITY_CODE,CITY_NAME,NATION_CODE) values ('MCI','켄사스','US');
Insert into EDUC239.TA_CITY (CITY_CODE,CITY_NAME,NATION_CODE) values ('MCO','울란도','US');
Insert into EDUC239.TA_CITY (CITY_CODE,CITY_NAME,NATION_CODE) values ('MCT','무스카트','OM');
Insert into EDUC239.TA_CITY (CITY_CODE,CITY_NAME,NATION_CODE) values ('MCX','마하츠칼라','RU');
Insert into EDUC239.TA_CITY (CITY_CODE,CITY_NAME,NATION_CODE) values ('MDC','마나도','ID');
Insert into EDUC239.TA_CITY (CITY_CODE,CITY_NAME,NATION_CODE) values ('MDG','무단지앙','CN');
Insert into EDUC239.TA_CITY (CITY_CODE,CITY_NAME,NATION_CODE) values ('MDT','메스베이트','PH');
Insert into EDUC239.TA_CITY (CITY_CODE,CITY_NAME,NATION_CODE) values ('MDW','미드웨이','US');
Insert into EDUC239.TA_CITY (CITY_CODE,CITY_NAME,NATION_CODE) values ('MDY','미드웨이나프','US');
Insert into EDUC239.TA_CITY (CITY_CODE,CITY_NAME,NATION_CODE) values ('MEB','멜보른','AU');
Insert into EDUC239.TA_CITY (CITY_CODE,CITY_NAME,NATION_CODE) values ('MEL','멜보른','AU');
Insert into EDUC239.TA_CITY (CITY_CODE,CITY_NAME,NATION_CODE) values ('MEM','멤피스','US');
Insert into EDUC239.TA_CITY (CITY_CODE,CITY_NAME,NATION_CODE) values ('MES','폴로니아','ID');
Insert into EDUC239.TA_CITY (CITY_CODE,CITY_NAME,NATION_CODE) values ('MEX','멕시코','MX');
Insert into EDUC239.TA_CITY (CITY_CODE,CITY_NAME,NATION_CODE) values ('MFM','마카오','MO');
Insert into EDUC239.TA_CITY (CITY_CODE,CITY_NAME,NATION_CODE) values ('MGF','마링가','BR');
Insert into EDUC239.TA_CITY (CITY_CODE,CITY_NAME,NATION_CODE) values ('MGM','몽고메리다넬리','US');
Insert into EDUC239.TA_CITY (CITY_CODE,CITY_NAME,NATION_CODE) values ('MGQ','모가디슈','SO');
Insert into EDUC239.TA_CITY (CITY_CODE,CITY_NAME,NATION_CODE) values ('MHD','마슈하드','IR');
Insert into EDUC239.TA_CITY (CITY_CODE,CITY_NAME,NATION_CODE) values ('MHR','사크라멘토','US');
Insert into EDUC239.TA_CITY (CITY_CODE,CITY_NAME,NATION_CODE) values ('MIA','마이애미','US');
Insert into EDUC239.TA_CITY (CITY_CODE,CITY_NAME,NATION_CODE) values ('MIC','마이크로네시아','US');
Insert into EDUC239.TA_CITY (CITY_CODE,CITY_NAME,NATION_CODE) values ('MIL','밀라노','IT');
Insert into EDUC239.TA_CITY (CITY_CODE,CITY_NAME,NATION_CODE) values ('MKC','캔사스시티','US');
Insert into EDUC239.TA_CITY (CITY_CODE,CITY_NAME,NATION_CODE) values ('MKE','밀워키','US');
Insert into EDUC239.TA_CITY (CITY_CODE,CITY_NAME,NATION_CODE) values ('MLA','몰타','MT');
Insert into EDUC239.TA_CITY (CITY_CODE,CITY_NAME,NATION_CODE) values ('MLE','말레','MV');
Insert into EDUC239.TA_CITY (CITY_CODE,CITY_NAME,NATION_CODE) values ('MMA','말모','SE');
Insert into EDUC239.TA_CITY (CITY_CODE,CITY_NAME,NATION_CODE) values ('MMB','메만베츠','JP');
Insert into EDUC239.TA_CITY (CITY_CODE,CITY_NAME,NATION_CODE) values ('MMJ','마쓰모또','JP');
Insert into EDUC239.TA_CITY (CITY_CODE,CITY_NAME,NATION_CODE) values ('MMK','물만스크','RU');
Insert into EDUC239.TA_CITY (CITY_CODE,CITY_NAME,NATION_CODE) values ('MMU','모리스타운','US');
Insert into EDUC239.TA_CITY (CITY_CODE,CITY_NAME,NATION_CODE) values ('MMX','말모','SE');
Insert into EDUC239.TA_CITY (CITY_CODE,CITY_NAME,NATION_CODE) values ('MNL','마닐라','PH');
Insert into EDUC239.TA_CITY (CITY_CODE,CITY_NAME,NATION_CODE) values ('MNS','마나스','RU');
Insert into EDUC239.TA_CITY (CITY_CODE,CITY_NAME,NATION_CODE) values ('MOK','목포','KR');
Insert into EDUC239.TA_CITY (CITY_CODE,CITY_NAME,NATION_CODE) values ('MOW','모스코바','RU');
Insert into EDUC239.TA_CITY (CITY_CODE,CITY_NAME,NATION_CODE) values ('MPK','목포','KR');
Insert into EDUC239.TA_CITY (CITY_CODE,CITY_NAME,NATION_CODE) values ('MQF','마크니토코르스크','RU');
Insert into EDUC239.TA_CITY (CITY_CODE,CITY_NAME,NATION_CODE) values ('MRG','마리바','AU');
Insert into EDUC239.TA_CITY (CITY_CODE,CITY_NAME,NATION_CODE) values ('MRS','마르세이유-프로방스','FR');
Insert into EDUC239.TA_CITY (CITY_CODE,CITY_NAME,NATION_CODE) values ('MRY','몬테레이','US');
Insert into EDUC239.TA_CITY (CITY_CODE,CITY_NAME,NATION_CODE) values ('MSJ','미자와','JP');
Insert into EDUC239.TA_CITY (CITY_CODE,CITY_NAME,NATION_CODE) values ('MSP','미네아폴리스','US');
Insert into EDUC239.TA_CITY (CITY_CODE,CITY_NAME,NATION_CODE) values ('MSQ','민스크','RU');
Insert into EDUC239.TA_CITY (CITY_CODE,CITY_NAME,NATION_CODE) values ('MSY','뉴올리안스','US');
Insert into EDUC239.TA_CITY (CITY_CODE,CITY_NAME,NATION_CODE) values ('MTJ','몬트로즈','US');
Insert into EDUC239.TA_CITY (CITY_CODE,CITY_NAME,NATION_CODE) values ('MUC','뮌헨','DE');
Insert into EDUC239.TA_CITY (CITY_CODE,CITY_NAME,NATION_CODE) values ('MWX','무안','KR');
Insert into EDUC239.TA_CITY (CITY_CODE,CITY_NAME,NATION_CODE) values ('MXP','밀라노','IT');
Insert into EDUC239.TA_CITY (CITY_CODE,CITY_NAME,NATION_CODE) values ('MYJ','마즈야마','JP');
Insert into EDUC239.TA_CITY (CITY_CODE,CITY_NAME,NATION_CODE) values ('MYP','마리','TM');
Insert into EDUC239.TA_CITY (CITY_CODE,CITY_NAME,NATION_CODE) values ('MYY','미리','MY');
Insert into EDUC239.TA_CITY (CITY_CODE,CITY_NAME,NATION_CODE) values ('MZG','마쿵','TW');
Insert into EDUC239.TA_CITY (CITY_CODE,CITY_NAME,NATION_CODE) values ('MZJ','마라나','US');
Insert into EDUC239.TA_CITY (CITY_CODE,CITY_NAME,NATION_CODE) values ('NAK','나콘라차시마','TH');
Insert into EDUC239.TA_CITY (CITY_CODE,CITY_NAME,NATION_CODE) values ('NAL','날칙','RU');
Insert into EDUC239.TA_CITY (CITY_CODE,CITY_NAME,NATION_CODE) values ('NAN','나디','FJ');
Insert into EDUC239.TA_CITY (CITY_CODE,CITY_NAME,NATION_CODE) values ('NBK','수완나품','TH');
Insert into EDUC239.TA_CITY (CITY_CODE,CITY_NAME,NATION_CODE) values ('NBO','나이로비','KE');
Insert into EDUC239.TA_CITY (CITY_CODE,CITY_NAME,NATION_CODE) values ('NCE','니스','FR');
Insert into EDUC239.TA_CITY (CITY_CODE,CITY_NAME,NATION_CODE) values ('NGB','닝보','CN');
Insert into EDUC239.TA_CITY (CITY_CODE,CITY_NAME,NATION_CODE) values ('NGF','카네오네','US');
Insert into EDUC239.TA_CITY (CITY_CODE,CITY_NAME,NATION_CODE) values ('NGO','나고야','JP');
Insert into EDUC239.TA_CITY (CITY_CODE,CITY_NAME,NATION_CODE) values ('NGS','나가사키','JP');
Insert into EDUC239.TA_CITY (CITY_CODE,CITY_NAME,NATION_CODE) values ('NGU','놀포크','US');
Insert into EDUC239.TA_CITY (CITY_CODE,CITY_NAME,NATION_CODE) values ('NHD','민하드(두바이)','AE');
Insert into EDUC239.TA_CITY (CITY_CODE,CITY_NAME,NATION_CODE) values ('NJA','아수끼','JP');
Insert into EDUC239.TA_CITY (CITY_CODE,CITY_NAME,NATION_CODE) values ('NJC','니쯔네바토브스크','RU');
Insert into EDUC239.TA_CITY (CITY_CODE,CITY_NAME,NATION_CODE) values ('NKG','난징','CN');
Insert into EDUC239.TA_CITY (CITY_CODE,CITY_NAME,NATION_CODE) values ('NKM','나고야/고마키','JP');
Insert into EDUC239.TA_CITY (CITY_CODE,CITY_NAME,NATION_CODE) values ('NKW','디에고 가르시아','US');
Insert into EDUC239.TA_CITY (CITY_CODE,CITY_NAME,NATION_CODE) values ('NMA','나망간','UZ');
Insert into EDUC239.TA_CITY (CITY_CODE,CITY_NAME,NATION_CODE) values ('NMG','나망간','UZ');
Insert into EDUC239.TA_CITY (CITY_CODE,CITY_NAME,NATION_CODE) values ('NNG','난링','CN');
Insert into EDUC239.TA_CITY (CITY_CODE,CITY_NAME,NATION_CODE) values ('NOM','노옴','US');
Insert into EDUC239.TA_CITY (CITY_CODE,CITY_NAME,NATION_CODE) values ('NOP','맥탄','PH');
Insert into EDUC239.TA_CITY (CITY_CODE,CITY_NAME,NATION_CODE) values ('NOU','누메아','NC');
Insert into EDUC239.TA_CITY (CITY_CODE,CITY_NAME,NATION_CODE) values ('NOZ','노보쿠즈네츠크','RU');
Insert into EDUC239.TA_CITY (CITY_CODE,CITY_NAME,NATION_CODE) values ('NRD','나리타','JP');
Insert into EDUC239.TA_CITY (CITY_CODE,CITY_NAME,NATION_CODE) values ('NRT','동경','JP');
Insert into EDUC239.TA_CITY (CITY_CODE,CITY_NAME,NATION_CODE) values ('NTQ','노도','JP');
Insert into EDUC239.TA_CITY (CITY_CODE,CITY_NAME,NATION_CODE) values ('NUE','뉘른베르크','DE');
Insert into EDUC239.TA_CITY (CITY_CODE,CITY_NAME,NATION_CODE) values ('NUW','휘드데이','US');
Insert into EDUC239.TA_CITY (CITY_CODE,CITY_NAME,NATION_CODE) values ('NVY','뉴텔리','IO');
Insert into EDUC239.TA_CITY (CITY_CODE,CITY_NAME,NATION_CODE) values ('NYC','뉴욕','US');
Insert into EDUC239.TA_CITY (CITY_CODE,CITY_NAME,NATION_CODE) values ('NYL','유마해병항공기','US');
Insert into EDUC239.TA_CITY (CITY_CODE,CITY_NAME,NATION_CODE) values ('NYO','스카브스타','SE');
Insert into EDUC239.TA_CITY (CITY_CODE,CITY_NAME,NATION_CODE) values ('NYU','바겐','MM');
Insert into EDUC239.TA_CITY (CITY_CODE,CITY_NAME,NATION_CODE) values ('OAK','오크랜드(미)','US');
Insert into EDUC239.TA_CITY (CITY_CODE,CITY_NAME,NATION_CODE) values ('OBO','오비히로','JP');
Insert into EDUC239.TA_CITY (CITY_CODE,CITY_NAME,NATION_CODE) values ('OCK','오크라호마','US');
Insert into EDUC239.TA_CITY (CITY_CODE,CITY_NAME,NATION_CODE) values ('ODM','오클랜드','NZ');
Insert into EDUC239.TA_CITY (CITY_CODE,CITY_NAME,NATION_CODE) values ('OGG','카울우이','US');
Insert into EDUC239.TA_CITY (CITY_CODE,CITY_NAME,NATION_CODE) values ('OHY','하다아바드','IO');
Insert into EDUC239.TA_CITY (CITY_CODE,CITY_NAME,NATION_CODE) values ('OIT','오이다','JP');
Insert into EDUC239.TA_CITY (CITY_CODE,CITY_NAME,NATION_CODE) values ('OKA','오끼나와','JP');
Insert into EDUC239.TA_CITY (CITY_CODE,CITY_NAME,NATION_CODE) values ('OKD','삿보로','JP');
Insert into EDUC239.TA_CITY (CITY_CODE,CITY_NAME,NATION_CODE) values ('OKI','오키','JP');
Insert into EDUC239.TA_CITY (CITY_CODE,CITY_NAME,NATION_CODE) values ('OKJ','오까야마','JP');
Insert into EDUC239.TA_CITY (CITY_CODE,CITY_NAME,NATION_CODE) values ('OKO','요꼬다','JP');
Insert into EDUC239.TA_CITY (CITY_CODE,CITY_NAME,NATION_CODE) values ('OMA','오마하','US');
Insert into EDUC239.TA_CITY (CITY_CODE,CITY_NAME,NATION_CODE) values ('OME','놈','US');
Insert into EDUC239.TA_CITY (CITY_CODE,CITY_NAME,NATION_CODE) values ('OMS','옴스크','RU');
Insert into EDUC239.TA_CITY (CITY_CODE,CITY_NAME,NATION_CODE) values ('ONJ','오다테','JP');
Insert into EDUC239.TA_CITY (CITY_CODE,CITY_NAME,NATION_CODE) values ('ONT','온타리오','US');
Insert into EDUC239.TA_CITY (CITY_CODE,CITY_NAME,NATION_CODE) values ('ORD','시카고','US');
Insert into EDUC239.TA_CITY (CITY_CODE,CITY_NAME,NATION_CODE) values ('ORL','올랜도','US');
Insert into EDUC239.TA_CITY (CITY_CODE,CITY_NAME,NATION_CODE) values ('ORY','오를리','FR');
Insert into EDUC239.TA_CITY (CITY_CODE,CITY_NAME,NATION_CODE) values ('PBI','웨스트팜비치','US');
Insert into EDUC239.TA_CITY (CITY_CODE,CITY_NAME,NATION_CODE) values ('PDX','포틀랜드','US');
Insert into EDUC239.TA_CITY (CITY_CODE,CITY_NAME,NATION_CODE) values ('PEC','펠리칸','US');
Insert into EDUC239.TA_CITY (CITY_CODE,CITY_NAME,NATION_CODE) values ('PEE','페름','RU');
Insert into EDUC239.TA_CITY (CITY_CODE,CITY_NAME,NATION_CODE) values ('PEK','북경','CN');
Insert into EDUC239.TA_CITY (CITY_CODE,CITY_NAME,NATION_CODE) values ('PEN','페낭','MY');
Insert into EDUC239.TA_CITY (CITY_CODE,CITY_NAME,NATION_CODE) values ('PES','페트로자보스크','RU');
Insert into EDUC239.TA_CITY (CITY_CODE,CITY_NAME,NATION_CODE) values ('PHC','포트하커트','NG');
Insert into EDUC239.TA_CITY (CITY_CODE,CITY_NAME,NATION_CODE) values ('PHI','시캠','BR');
Insert into EDUC239.TA_CITY (CITY_CODE,CITY_NAME,NATION_CODE) values ('PHL','필라델피아','US');
Insert into EDUC239.TA_CITY (CITY_CODE,CITY_NAME,NATION_CODE) values ('PHX','피닉스','US');
Insert into EDUC239.TA_CITY (CITY_CODE,CITY_NAME,NATION_CODE) values ('PIE','세인트 피터즈버그','US');
Insert into EDUC239.TA_CITY (CITY_CODE,CITY_NAME,NATION_CODE) values ('PIK','프레스트윅','GB');
Insert into EDUC239.TA_CITY (CITY_CODE,CITY_NAME,NATION_CODE) values ('PKC','페트로파블로브스키','RU');
Insert into EDUC239.TA_CITY (CITY_CODE,CITY_NAME,NATION_CODE) values ('PKO','코나','US');
Insert into EDUC239.TA_CITY (CITY_CODE,CITY_NAME,NATION_CODE) values ('PMI','팔마 라스팔마스','ES');
Insert into EDUC239.TA_CITY (CITY_CODE,CITY_NAME,NATION_CODE) values ('PNH','프롬펜','KH');
Insert into EDUC239.TA_CITY (CITY_CODE,CITY_NAME,NATION_CODE) values ('PNI','폼페이','FM');
Insert into EDUC239.TA_CITY (CITY_CODE,CITY_NAME,NATION_CODE) values ('POM','포트모레스비','PG');
Insert into EDUC239.TA_CITY (CITY_CODE,CITY_NAME,NATION_CODE) values ('PPS','프에프토프린세사','PH');
Insert into EDUC239.TA_CITY (CITY_CODE,CITY_NAME,NATION_CODE) values ('PPT','타히티','FR');
Insert into EDUC239.TA_CITY (CITY_CODE,CITY_NAME,NATION_CODE) values ('PRG','파라구에','CZ');
Insert into EDUC239.TA_CITY (CITY_CODE,CITY_NAME,NATION_CODE) values ('PSA','갈릴레오갈릴레이','IT');
Insert into EDUC239.TA_CITY (CITY_CODE,CITY_NAME,NATION_CODE) values ('PSP','팜스프링스','US');
Insert into EDUC239.TA_CITY (CITY_CODE,CITY_NAME,NATION_CODE) values ('DYR','아나드르','RU');
Insert into EDUC239.TA_CITY (CITY_CODE,CITY_NAME,NATION_CODE) values ('DYU','듀산베','RU');
Insert into EDUC239.TA_CITY (CITY_CODE,CITY_NAME,NATION_CODE) values ('EDF','엘멘도르프','US');
Insert into EDUC239.TA_CITY (CITY_CODE,CITY_NAME,NATION_CODE) values ('EDI','에덴버그','GB');
Insert into EDUC239.TA_CITY (CITY_CODE,CITY_NAME,NATION_CODE) values ('EIL','엘슨','US');
Insert into EDUC239.TA_CITY (CITY_CODE,CITY_NAME,NATION_CODE) values ('EIN','에인트호벤','NL');
Insert into EDUC239.TA_CITY (CITY_CODE,CITY_NAME,NATION_CODE) values ('EMA','노팅햄이스트미들랜드','GB');
Insert into EDUC239.TA_CITY (CITY_CODE,CITY_NAME,NATION_CODE) values ('ESB','TR','TR');
Insert into EDUC239.TA_CITY (CITY_CODE,CITY_NAME,NATION_CODE) values ('EVN','예레반','RU');
Insert into EDUC239.TA_CITY (CITY_CODE,CITY_NAME,NATION_CODE) values ('EWR','뉴왁','US');
Insert into EDUC239.TA_CITY (CITY_CODE,CITY_NAME,NATION_CODE) values ('FAB','판보로','GB');
Insert into EDUC239.TA_CITY (CITY_CODE,CITY_NAME,NATION_CODE) values ('FAI','페어뱅크스','US');
Insert into EDUC239.TA_CITY (CITY_CODE,CITY_NAME,NATION_CODE) values ('FCN','노트홀즈','DE');
Insert into EDUC239.TA_CITY (CITY_CODE,CITY_NAME,NATION_CODE) values ('FCO','로마','IT');
Insert into EDUC239.TA_CITY (CITY_CODE,CITY_NAME,NATION_CODE) values ('FEG','페르가나','RU');
Insert into EDUC239.TA_CITY (CITY_CODE,CITY_NAME,NATION_CODE) values ('FJR','푸자이라','AE');
Insert into EDUC239.TA_CITY (CITY_CODE,CITY_NAME,NATION_CODE) values ('FKB','칼스루헤','DE');
Insert into EDUC239.TA_CITY (CITY_CODE,CITY_NAME,NATION_CODE) values ('FKJ','후꾸이','JP');
Insert into EDUC239.TA_CITY (CITY_CODE,CITY_NAME,NATION_CODE) values ('FKS','후쿠시마','JP');
Insert into EDUC239.TA_CITY (CITY_CODE,CITY_NAME,NATION_CODE) values ('FLL','포트로더데일','US');
Insert into EDUC239.TA_CITY (CITY_CODE,CITY_NAME,NATION_CODE) values ('FNI','니메스','FR');
Insert into EDUC239.TA_CITY (CITY_CODE,CITY_NAME,NATION_CODE) values ('FNJ','평양','KP');
Insert into EDUC239.TA_CITY (CITY_CODE,CITY_NAME,NATION_CODE) values ('FOC','푸조우','CN');
Insert into EDUC239.TA_CITY (CITY_CODE,CITY_NAME,NATION_CODE) values ('FRA','프랑크푸르트','DE');
Insert into EDUC239.TA_CITY (CITY_CODE,CITY_NAME,NATION_CODE) values ('FRG','파밍데일','US');
Insert into EDUC239.TA_CITY (CITY_CODE,CITY_NAME,NATION_CODE) values ('FRU','마나스','RU');
Insert into EDUC239.TA_CITY (CITY_CODE,CITY_NAME,NATION_CODE) values ('FTM','후테마','JP');
Insert into EDUC239.TA_CITY (CITY_CODE,CITY_NAME,NATION_CODE) values ('FUK','후쿠오카','JP');
Insert into EDUC239.TA_CITY (CITY_CODE,CITY_NAME,NATION_CODE) values ('GAJ','야마가타','JP');
Insert into EDUC239.TA_CITY (CITY_CODE,CITY_NAME,NATION_CODE) values ('GDN','그다니스크','HU');
Insert into EDUC239.TA_CITY (CITY_CODE,CITY_NAME,NATION_CODE) values ('GDX','마가단','RU');
Insert into EDUC239.TA_CITY (CITY_CODE,CITY_NAME,NATION_CODE) values ('GIG','리오데자네이로','BR');
Insert into EDUC239.TA_CITY (CITY_CODE,CITY_NAME,NATION_CODE) values ('GML','호스토멜','UA');
Insert into EDUC239.TA_CITY (CITY_CODE,CITY_NAME,NATION_CODE) values ('GMP','김포','KR');
Insert into EDUC239.TA_CITY (CITY_CODE,CITY_NAME,NATION_CODE) values ('GNB','그렌노블','FR');
Insert into EDUC239.TA_CITY (CITY_CODE,CITY_NAME,NATION_CODE) values ('GOT','고테버그','SE');
Insert into EDUC239.TA_CITY (CITY_CODE,CITY_NAME,NATION_CODE) values ('GRR','그랜드래피즈','US');
Insert into EDUC239.TA_CITY (CITY_CODE,CITY_NAME,NATION_CODE) values ('GRU','상파울로','BR');
Insert into EDUC239.TA_CITY (CITY_CODE,CITY_NAME,NATION_CODE) values ('GTF','그레이트폴스','US');
Insert into EDUC239.TA_CITY (CITY_CODE,CITY_NAME,NATION_CODE) values ('GUA','과테말라시','GT');
Insert into EDUC239.TA_CITY (CITY_CODE,CITY_NAME,NATION_CODE) values ('GUM','괌','US');
Insert into EDUC239.TA_CITY (CITY_CODE,CITY_NAME,NATION_CODE) values ('GVA','제네바','CH');
Insert into EDUC239.TA_CITY (CITY_CODE,CITY_NAME,NATION_CODE) values ('GYD','아제르바이잔','AZ');
Insert into EDUC239.TA_CITY (CITY_CODE,CITY_NAME,NATION_CODE) values ('GZR','쿠르미토라','BD');
Insert into EDUC239.TA_CITY (CITY_CODE,CITY_NAME,NATION_CODE) values ('HAJ','하노버','DE');
Insert into EDUC239.TA_CITY (CITY_CODE,CITY_NAME,NATION_CODE) values ('HAK','하이커우','CN');
Insert into EDUC239.TA_CITY (CITY_CODE,CITY_NAME,NATION_CODE) values ('HAM','함브르크','DE');
Insert into EDUC239.TA_CITY (CITY_CODE,CITY_NAME,NATION_CODE) values ('HAN','하노이','VN');
Insert into EDUC239.TA_CITY (CITY_CODE,CITY_NAME,NATION_CODE) values ('HEL','헬싱키','FI');
Insert into EDUC239.TA_CITY (CITY_CODE,CITY_NAME,NATION_CODE) values ('HET','후허하오터','CN');
Insert into EDUC239.TA_CITY (CITY_CODE,CITY_NAME,NATION_CODE) values ('HFE','허폐','CN');
Insert into EDUC239.TA_CITY (CITY_CODE,CITY_NAME,NATION_CODE) values ('HGH','항조우','CN');
Insert into EDUC239.TA_CITY (CITY_CODE,CITY_NAME,NATION_CODE) values ('HGR','해거스타운','US');
Insert into EDUC239.TA_CITY (CITY_CODE,CITY_NAME,NATION_CODE) values ('HHA','후앙후아','CN');
Insert into EDUC239.TA_CITY (CITY_CODE,CITY_NAME,NATION_CODE) values ('HHH','힐튼 헤드 아일랜드','US');
Insert into EDUC239.TA_CITY (CITY_CODE,CITY_NAME,NATION_CODE) values ('HHN','한','DE');
Insert into EDUC239.TA_CITY (CITY_CODE,CITY_NAME,NATION_CODE) values ('HIJ','히로시마','JP');
Insert into EDUC239.TA_CITY (CITY_CODE,CITY_NAME,NATION_CODE) values ('HIK','히캄','US');
Insert into EDUC239.TA_CITY (CITY_CODE,CITY_NAME,NATION_CODE) values ('HIN','진주','KR');
Insert into EDUC239.TA_CITY (CITY_CODE,CITY_NAME,NATION_CODE) values ('HIO','힐스보로','US');
Insert into EDUC239.TA_CITY (CITY_CODE,CITY_NAME,NATION_CODE) values ('HKD','하꼬다데','JP');
Insert into EDUC239.TA_CITY (CITY_CODE,CITY_NAME,NATION_CODE) values ('HKG','홍콩','HK');
Insert into EDUC239.TA_CITY (CITY_CODE,CITY_NAME,NATION_CODE) values ('HKJ','아사히까와','JP');
Insert into EDUC239.TA_CITY (CITY_CODE,CITY_NAME,NATION_CODE) values ('HKT','푸켓','TH');
Insert into EDUC239.TA_CITY (CITY_CODE,CITY_NAME,NATION_CODE) values ('HLP','할림,자카르타','ID');
Insert into EDUC239.TA_CITY (CITY_CODE,CITY_NAME,NATION_CODE) values ('HMN','앨러머고도','US');
Insert into EDUC239.TA_CITY (CITY_CODE,CITY_NAME,NATION_CODE) values ('HNA','모리오카','JP');
Insert into EDUC239.TA_CITY (CITY_CODE,CITY_NAME,NATION_CODE) values ('HND','하네다','JP');
Insert into EDUC239.TA_CITY (CITY_CODE,CITY_NAME,NATION_CODE) values ('HNL','호놀루루','US');
Insert into EDUC239.TA_CITY (CITY_CODE,CITY_NAME,NATION_CODE) values ('HON','호른','US');
Insert into EDUC239.TA_CITY (CITY_CODE,CITY_NAME,NATION_CODE) values ('HOU','휴스톤','US');
Insert into EDUC239.TA_CITY (CITY_CODE,CITY_NAME,NATION_CODE) values ('HPN','웨스트체서','US');
Insert into EDUC239.TA_CITY (CITY_CODE,CITY_NAME,NATION_CODE) values ('HRB','하얼빈','CN');
Insert into EDUC239.TA_CITY (CITY_CODE,CITY_NAME,NATION_CODE) values ('HSG','사가','JP');
Insert into EDUC239.TA_CITY (CITY_CODE,CITY_NAME,NATION_CODE) values ('HSV','헌츠빌','US');
Insert into EDUC239.TA_CITY (CITY_CODE,CITY_NAME,NATION_CODE) values ('HTA','치타','RU');
Insert into EDUC239.TA_CITY (CITY_CODE,CITY_NAME,NATION_CODE) values ('HUI','휴이휴','VN');
Insert into EDUC239.TA_CITY (CITY_CODE,CITY_NAME,NATION_CODE) values ('HUN','화리엔','TW');
Insert into EDUC239.TA_CITY (CITY_CODE,CITY_NAME,NATION_CODE) values ('HYD','하이데라바드','IO');
Insert into EDUC239.TA_CITY (CITY_CODE,CITY_NAME,NATION_CODE) values ('IAB','US','US');
Insert into EDUC239.TA_CITY (CITY_CODE,CITY_NAME,NATION_CODE) values ('IAD','워싱턴 둘리스','US');
Insert into EDUC239.TA_CITY (CITY_CODE,CITY_NAME,NATION_CODE) values ('IAH','휴스턴','US');
Insert into EDUC239.TA_CITY (CITY_CODE,CITY_NAME,NATION_CODE) values ('IAI','코나','US');
Insert into EDUC239.TA_CITY (CITY_CODE,CITY_NAME,NATION_CODE) values ('ICN','인천','KR');
Insert into EDUC239.TA_CITY (CITY_CODE,CITY_NAME,NATION_CODE) values ('ICT','위치콘','US');
Insert into EDUC239.TA_CITY (CITY_CODE,CITY_NAME,NATION_CODE) values ('IEV','키에프','RU');
Insert into EDUC239.TA_CITY (CITY_CODE,CITY_NAME,NATION_CODE) values ('IFN','이스파한','IR');
Insert into EDUC239.TA_CITY (CITY_CODE,CITY_NAME,NATION_CODE) values ('IGU','이과수','BR');
Insert into EDUC239.TA_CITY (CITY_CODE,CITY_NAME,NATION_CODE) values ('IKN','이와쿠니','JP');
Insert into EDUC239.TA_CITY (CITY_CODE,CITY_NAME,NATION_CODE) values ('IKT','일크트스크','RU');
Insert into EDUC239.TA_CITY (CITY_CODE,CITY_NAME,NATION_CODE) values ('ILM','윌밍턴','US');
Insert into EDUC239.TA_CITY (CITY_CODE,CITY_NAME,NATION_CODE) values ('ILN','윌밍턴','US');
Insert into EDUC239.TA_CITY (CITY_CODE,CITY_NAME,NATION_CODE) values ('IND','인디아나폴리스','US');
Insert into EDUC239.TA_CITY (CITY_CODE,CITY_NAME,NATION_CODE) values ('IQN','퀸강장','CN');
Insert into EDUC239.TA_CITY (CITY_CODE,CITY_NAME,NATION_CODE) values ('ISB','이슬라마바드','PK');
Insert into EDUC239.TA_CITY (CITY_CODE,CITY_NAME,NATION_CODE) values ('IST','이스탄불','TR');
Insert into EDUC239.TA_CITY (CITY_CODE,CITY_NAME,NATION_CODE) values ('ITM','이따미','JP');
Insert into EDUC239.TA_CITY (CITY_CODE,CITY_NAME,NATION_CODE) values ('IWJ','이와미','JP');
Insert into EDUC239.TA_CITY (CITY_CODE,CITY_NAME,NATION_CODE) values ('IZO','이즈모','JP');
Insert into EDUC239.TA_CITY (CITY_CODE,CITY_NAME,NATION_CODE) values ('JAI','자이푸르','IO');
Insert into EDUC239.TA_CITY (CITY_CODE,CITY_NAME,NATION_CODE) values ('JAX','잭슨빌','US');
Insert into EDUC239.TA_CITY (CITY_CODE,CITY_NAME,NATION_CODE) values ('JDG','제동','KR');
Insert into EDUC239.TA_CITY (CITY_CODE,CITY_NAME,NATION_CODE) values ('JED','제다','SA');
Insert into EDUC239.TA_CITY (CITY_CODE,CITY_NAME,NATION_CODE) values ('JFK','뉴욕','US');
Insert into EDUC239.TA_CITY (CITY_CODE,CITY_NAME,NATION_CODE) values ('JHB','조호바루','MY');
Insert into EDUC239.TA_CITY (CITY_CODE,CITY_NAME,NATION_CODE) values ('JIB','지부티','DJ');
Insert into EDUC239.TA_CITY (CITY_CODE,CITY_NAME,NATION_CODE) values ('JKT','자카르타','ID');
Insert into EDUC239.TA_CITY (CITY_CODE,CITY_NAME,NATION_CODE) values ('JMK','미코노스','GR');
Insert into EDUC239.TA_CITY (CITY_CODE,CITY_NAME,NATION_CODE) values ('KAD','카두나','NG');
Insert into EDUC239.TA_CITY (CITY_CODE,CITY_NAME,NATION_CODE) values ('KAE','강원','KR');
Insert into EDUC239.TA_CITY (CITY_CODE,CITY_NAME,NATION_CODE) values ('KAG','강릉','KR');
Insert into EDUC239.TA_CITY (CITY_CODE,CITY_NAME,NATION_CODE) values ('KBL','카불 로워시','AF');
Insert into EDUC239.TA_CITY (CITY_CODE,CITY_NAME,NATION_CODE) values ('KBV','끄라비','TH');
Insert into EDUC239.TA_CITY (CITY_CODE,CITY_NAME,NATION_CODE) values ('KCH','쿠칭','MY');
Insert into EDUC239.TA_CITY (CITY_CODE,CITY_NAME,NATION_CODE) values ('KCZ','고찌','JP');
Insert into EDUC239.TA_CITY (CITY_CODE,CITY_NAME,NATION_CODE) values ('KEF','케프라비크','IS');
Insert into EDUC239.TA_CITY (CITY_CODE,CITY_NAME,NATION_CODE) values ('KEJ','케메로보','RU');
Insert into EDUC239.TA_CITY (CITY_CODE,CITY_NAME,NATION_CODE) values ('KGF','카라간다','KZ');
Insert into EDUC239.TA_CITY (CITY_CODE,CITY_NAME,NATION_CODE) values ('KHH','카오슝','TW');
Insert into EDUC239.TA_CITY (CITY_CODE,CITY_NAME,NATION_CODE) values ('KHI','카라치','PK');
Insert into EDUC239.TA_CITY (CITY_CODE,CITY_NAME,NATION_CODE) values ('KHN','난창','CN');
Insert into EDUC239.TA_CITY (CITY_CODE,CITY_NAME,NATION_CODE) values ('KHV','하바로보스크','RU');
Insert into EDUC239.TA_CITY (CITY_CODE,CITY_NAME,NATION_CODE) values ('KIJ','니이가타','JP');
Insert into EDUC239.TA_CITY (CITY_CODE,CITY_NAME,NATION_CODE) values ('KIV','키쉬네프','RU');
Insert into EDUC239.TA_CITY (CITY_CODE,CITY_NAME,NATION_CODE) values ('KIX','오사카','JP');
Insert into EDUC239.TA_CITY (CITY_CODE,CITY_NAME,NATION_CODE) values ('KJA','크라스노얄스크','RU');
Insert into EDUC239.TA_CITY (CITY_CODE,CITY_NAME,NATION_CODE) values ('KJG','고창','KR');
Insert into EDUC239.TA_CITY (CITY_CODE,CITY_NAME,NATION_CODE) values ('KKI','SPB','US');
Insert into EDUC239.TA_CITY (CITY_CODE,CITY_NAME,NATION_CODE) values ('KKJ','키타큐슈','JP');
Insert into EDUC239.TA_CITY (CITY_CODE,CITY_NAME,NATION_CODE) values ('KLD','미갈로프','RU');
Insert into EDUC239.TA_CITY (CITY_CODE,CITY_NAME,NATION_CODE) values ('KLO','칼리보','PH');
Insert into EDUC239.TA_CITY (CITY_CODE,CITY_NAME,NATION_CODE) values ('KMG','쿤밍','CN');
Insert into EDUC239.TA_CITY (CITY_CODE,CITY_NAME,NATION_CODE) values ('KMI','미와사키','JP');
Insert into EDUC239.TA_CITY (CITY_CODE,CITY_NAME,NATION_CODE) values ('KMJ','구마모도','JP');
Insert into EDUC239.TA_CITY (CITY_CODE,CITY_NAME,NATION_CODE) values ('KMQ','고마스','JP');
Insert into EDUC239.TA_CITY (CITY_CODE,CITY_NAME,NATION_CODE) values ('KOA','코나','US');
Insert into EDUC239.TA_CITY (CITY_CODE,CITY_NAME,NATION_CODE) values ('KOJ','카고시마','JP');
Insert into EDUC239.TA_CITY (CITY_CODE,CITY_NAME,NATION_CODE) values ('KOW','광조우','CN');
Insert into EDUC239.TA_CITY (CITY_CODE,CITY_NAME,NATION_CODE) values ('KPE','진해','KR');
Insert into EDUC239.TA_CITY (CITY_CODE,CITY_NAME,NATION_CODE) values ('KPO','포항','KR');
Insert into EDUC239.TA_CITY (CITY_CODE,CITY_NAME,NATION_CODE) values ('KRT','카툼','SD');
Insert into EDUC239.TA_CITY (CITY_CODE,CITY_NAME,NATION_CODE) values ('KSG','평택','KR');
Insert into EDUC239.TA_CITY (CITY_CODE,CITY_NAME,NATION_CODE) values ('KSK','수색','KR');
Insert into EDUC239.TA_CITY (CITY_CODE,CITY_NAME,NATION_CODE) values ('KSM','성남','KR');
Insert into EDUC239.TA_CITY (CITY_CODE,CITY_NAME,NATION_CODE) values ('KSW','수원','KR');
Insert into EDUC239.TA_CITY (CITY_CODE,CITY_NAME,NATION_CODE) values ('KTM','카투만두','NP');
Insert into EDUC239.TA_CITY (CITY_CODE,CITY_NAME,NATION_CODE) values ('KTP','해미(서산)','KR');
Insert into EDUC239.TA_CITY (CITY_CODE,CITY_NAME,NATION_CODE) values ('KUA','쿠안탄','MY');
Insert into EDUC239.TA_CITY (CITY_CODE,CITY_NAME,NATION_CODE) values ('KUF','사마라','RU');
Insert into EDUC239.TA_CITY (CITY_CODE,CITY_NAME,NATION_CODE) values ('KUH','구시로','JP');
Insert into EDUC239.TA_CITY (CITY_CODE,CITY_NAME,NATION_CODE) values ('KUL','쿠알라룸푸르','MY');
Insert into EDUC239.TA_CITY (CITY_CODE,CITY_NAME,NATION_CODE) values ('KUN','카우나스','RU');
Insert into EDUC239.TA_CITY (CITY_CODE,CITY_NAME,NATION_CODE) values ('KUV','군산','KR');
Insert into EDUC239.TA_CITY (CITY_CODE,CITY_NAME,NATION_CODE) values ('KWE','구이양','CN');
Insert into EDUC239.TA_CITY (CITY_CODE,CITY_NAME,NATION_CODE) values ('KWG','로조바트카','UA');
Insert into EDUC239.TA_CITY (CITY_CODE,CITY_NAME,NATION_CODE) values ('KWI','KW','KW');
Insert into EDUC239.TA_CITY (CITY_CODE,CITY_NAME,NATION_CODE) values ('KWJ','광주','KR');
Insert into EDUC239.TA_CITY (CITY_CODE,CITY_NAME,NATION_CODE) values ('KWL','계림','CN');
Insert into EDUC239.TA_CITY (CITY_CODE,CITY_NAME,NATION_CODE) values ('KXK','콤솜스크나무르','RU');
Insert into EDUC239.TA_CITY (CITY_CODE,CITY_NAME,NATION_CODE) values ('KZA','KZ','KZ');
Insert into EDUC239.TA_CITY (CITY_CODE,CITY_NAME,NATION_CODE) values ('KZK','콤퐁','KH');
Insert into EDUC239.TA_CITY (CITY_CODE,CITY_NAME,NATION_CODE) values ('KZN','카잔','RU');
Insert into EDUC239.TA_CITY (CITY_CODE,CITY_NAME,NATION_CODE) values ('LAD','르완다','CF');
Insert into EDUC239.TA_CITY (CITY_CODE,CITY_NAME,NATION_CODE) values ('LAH','라부하','ID');
Insert into EDUC239.TA_CITY (CITY_CODE,CITY_NAME,NATION_CODE) values ('LAO','라오아그','PH');
Insert into EDUC239.TA_CITY (CITY_CODE,CITY_NAME,NATION_CODE) values ('LAS','라스베가스','US');
Insert into EDUC239.TA_CITY (CITY_CODE,CITY_NAME,NATION_CODE) values ('LAX','로스앤젤레스','US');
Insert into EDUC239.TA_CITY (CITY_CODE,CITY_NAME,NATION_CODE) values ('LBG','파리 르부아르','FR');
Insert into EDUC239.TA_CITY (CITY_CODE,CITY_NAME,NATION_CODE) values ('LBU','라부안','MY');
Insert into EDUC239.TA_CITY (CITY_CODE,CITY_NAME,NATION_CODE) values ('LBV','리브르빌','GA');
Insert into EDUC239.TA_CITY (CITY_CODE,CITY_NAME,NATION_CODE) values ('LCA','라르나카','CY');
Insert into EDUC239.TA_CITY (CITY_CODE,CITY_NAME,NATION_CODE) values ('LCK','리켄백','US');
Insert into EDUC239.TA_CITY (CITY_CODE,CITY_NAME,NATION_CODE) values ('LED','레닌그라드','RU');
Insert into EDUC239.TA_CITY (CITY_CODE,CITY_NAME,NATION_CODE) values ('LEJ','라이프치히','DE');
Insert into EDUC239.TA_CITY (CITY_CODE,CITY_NAME,NATION_CODE) values ('AAN','알아인','AE');
Insert into EDUC239.TA_CITY (CITY_CODE,CITY_NAME,NATION_CODE) values ('ABA','아바칸','RU');
Insert into EDUC239.TA_CITY (CITY_CODE,CITY_NAME,NATION_CODE) values ('ABL','아발란','RU');
Insert into EDUC239.TA_CITY (CITY_CODE,CITY_NAME,NATION_CODE) values ('ACD','아칸디','CO');
Insert into EDUC239.TA_CITY (CITY_CODE,CITY_NAME,NATION_CODE) values ('ACY','아틀란타','US');
Insert into EDUC239.TA_CITY (CITY_CODE,CITY_NAME,NATION_CODE) values ('ADD','아디스아바바','ET');
Insert into EDUC239.TA_CITY (CITY_CODE,CITY_NAME,NATION_CODE) values ('ADE','예맨','YE');
Insert into EDUC239.TA_CITY (CITY_CODE,CITY_NAME,NATION_CODE) values ('ADK','애디악','US');
Insert into EDUC239.TA_CITY (CITY_CODE,CITY_NAME,NATION_CODE) values ('ADL','아드레이드','AU');
Insert into EDUC239.TA_CITY (CITY_CODE,CITY_NAME,NATION_CODE) values ('ADQ','코디악','US');
Insert into EDUC239.TA_CITY (CITY_CODE,CITY_NAME,NATION_CODE) values ('AKJ','아사이까와','JP');
Insert into EDUC239.TA_CITY (CITY_CODE,CITY_NAME,NATION_CODE) values ('AKL','오클랜드','NZ');
Insert into EDUC239.TA_CITY (CITY_CODE,CITY_NAME,NATION_CODE) values ('AKN','킹살몬','US');
Insert into EDUC239.TA_CITY (CITY_CODE,CITY_NAME,NATION_CODE) values ('AKX','악티유빈스크','KZ');
Insert into EDUC239.TA_CITY (CITY_CODE,CITY_NAME,NATION_CODE) values ('ALA','알마아타','KZ');
Insert into EDUC239.TA_CITY (CITY_CODE,CITY_NAME,NATION_CODE) values ('ALB','알바니','US');
Insert into EDUC239.TA_CITY (CITY_CODE,CITY_NAME,NATION_CODE) values ('ALG','알지에','DZ');
Insert into EDUC239.TA_CITY (CITY_CODE,CITY_NAME,NATION_CODE) values ('AMA','애머릴로','US');
Insert into EDUC239.TA_CITY (CITY_CODE,CITY_NAME,NATION_CODE) values ('AMD','아메다바드','IO');
Insert into EDUC239.TA_CITY (CITY_CODE,CITY_NAME,NATION_CODE) values ('AMM','암만','JO');
Insert into EDUC239.TA_CITY (CITY_CODE,CITY_NAME,NATION_CODE) values ('AMS','암스텔담','NL');
Insert into EDUC239.TA_CITY (CITY_CODE,CITY_NAME,NATION_CODE) values ('ANC','앵커리지','US');
Insert into EDUC239.TA_CITY (CITY_CODE,CITY_NAME,NATION_CODE) values ('AND','안데르센','US');
Insert into EDUC239.TA_CITY (CITY_CODE,CITY_NAME,NATION_CODE) values ('ANK','앙카라','TR');
Insert into EDUC239.TA_CITY (CITY_CODE,CITY_NAME,NATION_CODE) values ('AOJ','아오모리','JP');
Insert into EDUC239.TA_CITY (CITY_CODE,CITY_NAME,NATION_CODE) values ('AQJ','아카바','JO');
Insert into EDUC239.TA_CITY (CITY_CODE,CITY_NAME,NATION_CODE) values ('ARH','아르항겔스크','RU');
Insert into EDUC239.TA_CITY (CITY_CODE,CITY_NAME,NATION_CODE) values ('ARN','스톡홀름 알란다','SE');
Insert into EDUC239.TA_CITY (CITY_CODE,CITY_NAME,NATION_CODE) values ('ASB','아쉬가바트','TM');
Insert into EDUC239.TA_CITY (CITY_CODE,CITY_NAME,NATION_CODE) values ('ASC','데드호스','US');
Insert into EDUC239.TA_CITY (CITY_CODE,CITY_NAME,NATION_CODE) values ('ASP','엘리스 스프링스','AU');
Insert into EDUC239.TA_CITY (CITY_CODE,CITY_NAME,NATION_CODE) values ('ATH','아테네','GR');
Insert into EDUC239.TA_CITY (CITY_CODE,CITY_NAME,NATION_CODE) values ('ATL','아틀란타','US');
Insert into EDUC239.TA_CITY (CITY_CODE,CITY_NAME,NATION_CODE) values ('AUH','아부다비','AE');
Insert into EDUC239.TA_CITY (CITY_CODE,CITY_NAME,NATION_CODE) values ('AUS','오스틴','US');
Insert into EDUC239.TA_CITY (CITY_CODE,CITY_NAME,NATION_CODE) values ('AVV','아발론','RU');
Insert into EDUC239.TA_CITY (CITY_CODE,CITY_NAME,NATION_CODE) values ('AWA','아와사','ET');
Insert into EDUC239.TA_CITY (CITY_CODE,CITY_NAME,NATION_CODE) values ('AXT','아끼다','JP');
Insert into EDUC239.TA_CITY (CITY_CODE,CITY_NAME,NATION_CODE) values ('AYT','안탈야','TR');
Insert into EDUC239.TA_CITY (CITY_CODE,CITY_NAME,NATION_CODE) values ('AZN','안디잔','UZ');
Insert into EDUC239.TA_CITY (CITY_CODE,CITY_NAME,NATION_CODE) values ('BAH','BH','BH');
Insert into EDUC239.TA_CITY (CITY_CODE,CITY_NAME,NATION_CODE) values ('BAK','바쿠','RU');
Insert into EDUC239.TA_CITY (CITY_CODE,CITY_NAME,NATION_CODE) values ('BAS','부에노스아이레스','BR');
Insert into EDUC239.TA_CITY (CITY_CODE,CITY_NAME,NATION_CODE) values ('BAX','바르나욜','RU');
Insert into EDUC239.TA_CITY (CITY_CODE,CITY_NAME,NATION_CODE) values ('BBU','부카레스트','RO');
Insert into EDUC239.TA_CITY (CITY_CODE,CITY_NAME,NATION_CODE) values ('BCH','바카우','ID');
Insert into EDUC239.TA_CITY (CITY_CODE,CITY_NAME,NATION_CODE) values ('BCN','바로셀로나','ES');
Insert into EDUC239.TA_CITY (CITY_CODE,CITY_NAME,NATION_CODE) values ('BDA','버뮤다','GB');
Insert into EDUC239.TA_CITY (CITY_CODE,CITY_NAME,NATION_CODE) values ('BDL','브라들리(윈저락)','US');
Insert into EDUC239.TA_CITY (CITY_CODE,CITY_NAME,NATION_CODE) values ('OSC','오스코다','US');
Insert into EDUC239.TA_CITY (CITY_CODE,CITY_NAME,NATION_CODE) values ('OSK','오스카','SE');
Insert into EDUC239.TA_CITY (CITY_CODE,CITY_NAME,NATION_CODE) values ('OSL','오슬로','NO');
Insert into EDUC239.TA_CITY (CITY_CODE,CITY_NAME,NATION_CODE) values ('OSN','오산','KR');
Insert into EDUC239.TA_CITY (CITY_CODE,CITY_NAME,NATION_CODE) values ('OSS','오쉬','RU');
Insert into EDUC239.TA_CITY (CITY_CODE,CITY_NAME,NATION_CODE) values ('OTP','부쿠레슈티','RO');
Insert into EDUC239.TA_CITY (CITY_CODE,CITY_NAME,NATION_CODE) values ('OVB','노보시비르스크','RU');
Insert into EDUC239.TA_CITY (CITY_CODE,CITY_NAME,NATION_CODE) values ('OZI','오자르','IO');
Insert into EDUC239.TA_CITY (CITY_CODE,CITY_NAME,NATION_CODE) values ('PAE','에버레트','US');
Insert into EDUC239.TA_CITY (CITY_CODE,CITY_NAME,NATION_CODE) values ('PAR','파리','FR');
Insert into EDUC239.TA_CITY (CITY_CODE,CITY_NAME,NATION_CODE) values ('PBH','파로','BT');
Insert into EDUC239.TA_CITY (CITY_CODE,CITY_NAME,NATION_CODE) values ('BUS','부산','KR');
Insert into EDUC239.TA_CITY (CITY_CODE,CITY_NAME,NATION_CODE) values ('ASA','아산','KR');
Insert into EDUC239.TA_CITY (CITY_CODE,CITY_NAME,NATION_CODE) values ('GON','공주','KR');
Insert into EDUC239.TA_CITY (CITY_CODE,CITY_NAME,NATION_CODE) values ('BEG','베오그라드','RO');
Insert into EDUC239.TA_CITY (CITY_CODE,CITY_NAME,NATION_CODE) values ('BEN','벤하지-베니아','LY');
Insert into EDUC239.TA_CITY (CITY_CODE,CITY_NAME,NATION_CODE) values ('BER','베르린','DE');
Insert into EDUC239.TA_CITY (CITY_CODE,CITY_NAME,NATION_CODE) values ('BET','베델','US');
Insert into EDUC239.TA_CITY (CITY_CODE,CITY_NAME,NATION_CODE) values ('BEY','베이루트','LB');
Insert into EDUC239.TA_CITY (CITY_CODE,CITY_NAME,NATION_CODE) values ('BFI','보잉필드','US');
Insert into EDUC239.TA_CITY (CITY_CODE,CITY_NAME,NATION_CODE) values ('BFN','모빌','US');
Insert into EDUC239.TA_CITY (CITY_CODE,CITY_NAME,NATION_CODE) values ('BFS','벨패스트','GB');
Insert into EDUC239.TA_CITY (CITY_CODE,CITY_NAME,NATION_CODE) values ('BGR','반고르','US');
Insert into EDUC239.TA_CITY (CITY_CODE,CITY_NAME,NATION_CODE) values ('BHK','부하라','UZ');
Insert into EDUC239.TA_CITY (CITY_CODE,CITY_NAME,NATION_CODE) values ('BIE','비슈케크','KG');
Insert into EDUC239.TA_CITY (CITY_CODE,CITY_NAME,NATION_CODE) values ('BIK','비아크','ID');
Insert into EDUC239.TA_CITY (CITY_CODE,CITY_NAME,NATION_CODE) values ('BKA','모스코바 비코보','RU');
Insert into EDUC239.TA_CITY (CITY_CODE,CITY_NAME,NATION_CODE) values ('BKI','코타키나발루','MY');
Insert into EDUC239.TA_CITY (CITY_CODE,CITY_NAME,NATION_CODE) values ('BKK','방콕','TH');
Insert into EDUC239.TA_CITY (CITY_CODE,CITY_NAME,NATION_CODE) values ('BLL','빌란드','DK');
Insert into EDUC239.TA_CITY (CITY_CODE,CITY_NAME,NATION_CODE) values ('BLR','뱅갈로','ID');
Insert into EDUC239.TA_CITY (CITY_CODE,CITY_NAME,NATION_CODE) values ('BMA','스톡홀름','SE');
Insert into EDUC239.TA_CITY (CITY_CODE,CITY_NAME,NATION_CODE) values ('BMK','돈무앙','TH');
Insert into EDUC239.TA_CITY (CITY_CODE,CITY_NAME,NATION_CODE) values ('BNA','나쉬빌','US');
Insert into EDUC239.TA_CITY (CITY_CODE,CITY_NAME,NATION_CODE) values ('BNE','브리스번','AU');
Insert into EDUC239.TA_CITY (CITY_CODE,CITY_NAME,NATION_CODE) values ('BOM','뭄바이','IO');
Insert into EDUC239.TA_CITY (CITY_CODE,CITY_NAME,NATION_CODE) values ('BOS','보스톤','US');
Insert into EDUC239.TA_CITY (CITY_CODE,CITY_NAME,NATION_CODE) values ('BPN','발릭파판','ID');
Insert into EDUC239.TA_CITY (CITY_CODE,CITY_NAME,NATION_CODE) values ('BQH','비긴힐','GB');
Insert into EDUC239.TA_CITY (CITY_CODE,CITY_NAME,NATION_CODE) values ('BQS','블라고베첸스크','RU');
Insert into EDUC239.TA_CITY (CITY_CODE,CITY_NAME,NATION_CODE) values ('BRE','브레멘','DE');
Insert into EDUC239.TA_CITY (CITY_CODE,CITY_NAME,NATION_CODE) values ('BRU','브뤼셀','BE');
Insert into EDUC239.TA_CITY (CITY_CODE,CITY_NAME,NATION_CODE) values ('BSL','바젤','CH');
Insert into EDUC239.TA_CITY (CITY_CODE,CITY_NAME,NATION_CODE) values ('BST','보스트','AF');
Insert into EDUC239.TA_CITY (CITY_CODE,CITY_NAME,NATION_CODE) values ('BTH','바탐','ID');
Insert into EDUC239.TA_CITY (CITY_CODE,CITY_NAME,NATION_CODE) values ('BTK','브라츠크','RU');
Insert into EDUC239.TA_CITY (CITY_CODE,CITY_NAME,NATION_CODE) values ('BTU','빈투루','MY');
Insert into EDUC239.TA_CITY (CITY_CODE,CITY_NAME,NATION_CODE) values ('BUD','부다페스트','RO');
Insert into EDUC239.TA_CITY (CITY_CODE,CITY_NAME,NATION_CODE) values ('BUH','부쿠레스트','RO');
Insert into EDUC239.TA_CITY (CITY_CODE,CITY_NAME,NATION_CODE) values ('BUR','버뱅크','US');
Insert into EDUC239.TA_CITY (CITY_CODE,CITY_NAME,NATION_CODE) values ('BWI','볼티모어','US');
Insert into EDUC239.TA_CITY (CITY_CODE,CITY_NAME,NATION_CODE) values ('BWN','반다르세리베가완','BN');
Insert into EDUC239.TA_CITY (CITY_CODE,CITY_NAME,NATION_CODE) values ('BWT','BN','AU');
Insert into EDUC239.TA_CITY (CITY_CODE,CITY_NAME,NATION_CODE) values ('CAI','카이로','EG');
Insert into EDUC239.TA_CITY (CITY_CODE,CITY_NAME,NATION_CODE) values ('CAN','광저우','CN');
Insert into EDUC239.TA_CITY (CITY_CODE,CITY_NAME,NATION_CODE) values ('CBG','켐브리지','US');
Insert into EDUC239.TA_CITY (CITY_CODE,CITY_NAME,NATION_CODE) values ('CCK','캄차스키','RU');
Insert into EDUC239.TA_CITY (CITY_CODE,CITY_NAME,NATION_CODE) values ('CCU','캘커타','IO');
Insert into EDUC239.TA_CITY (CITY_CODE,CITY_NAME,NATION_CODE) values ('CDB','콜드베이','US');
Insert into EDUC239.TA_CITY (CITY_CODE,CITY_NAME,NATION_CODE) values ('CDG','파리','FR');
Insert into EDUC239.TA_CITY (CITY_CODE,CITY_NAME,NATION_CODE) values ('CEB','세부','PH');
Insert into EDUC239.TA_CITY (CITY_CODE,CITY_NAME,NATION_CODE) values ('CEI','치앙마이','TH');
Insert into EDUC239.TA_CITY (CITY_CODE,CITY_NAME,NATION_CODE) values ('CEK','쉘야빈스크','RU');
Insert into EDUC239.TA_CITY (CITY_CODE,CITY_NAME,NATION_CODE) values ('CGK','자카르타','ID');
Insert into EDUC239.TA_CITY (CITY_CODE,CITY_NAME,NATION_CODE) values ('CGN','퀼른','DE');
Insert into EDUC239.TA_CITY (CITY_CODE,CITY_NAME,NATION_CODE) values ('CGO','정주','CN');
Insert into EDUC239.TA_CITY (CITY_CODE,CITY_NAME,NATION_CODE) values ('CGP','치타공','BD');
Insert into EDUC239.TA_CITY (CITY_CODE,CITY_NAME,NATION_CODE) values ('CGQ','장춘','CN');
Insert into EDUC239.TA_CITY (CITY_CODE,CITY_NAME,NATION_CODE) values ('CHC','크리스트처칠','NZ');
Insert into EDUC239.TA_CITY (CITY_CODE,CITY_NAME,NATION_CODE) values ('CHI','시카고','US');
Insert into EDUC239.TA_CITY (CITY_CODE,CITY_NAME,NATION_CODE) values ('CHR','샤토루','FR');
Insert into EDUC239.TA_CITY (CITY_CODE,CITY_NAME,NATION_CODE) values ('CHS','찰스턴 뮤니시플','US');
Insert into EDUC239.TA_CITY (CITY_CODE,CITY_NAME,NATION_CODE) values ('CIA','로마','IT');
Insert into EDUC239.TA_CITY (CITY_CODE,CITY_NAME,NATION_CODE) values ('CIT','침켄트','KZ');
Insert into EDUC239.TA_CITY (CITY_CODE,CITY_NAME,NATION_CODE) values ('CJJ','청주','KR');
Insert into EDUC239.TA_CITY (CITY_CODE,CITY_NAME,NATION_CODE) values ('CJU','제주','KR');
Insert into EDUC239.TA_CITY (CITY_CODE,CITY_NAME,NATION_CODE) values ('CKG','총킹(중경)','CN');
Insert into EDUC239.TA_CITY (CITY_CODE,CITY_NAME,NATION_CODE) values ('CKL','체칼로브스키','RU');
Insert into EDUC239.TA_CITY (CITY_CODE,CITY_NAME,NATION_CODE) values ('CKT','침켄트','RU');
Insert into EDUC239.TA_CITY (CITY_CODE,CITY_NAME,NATION_CODE) values ('CLT','샤롯테','US');
Insert into EDUC239.TA_CITY (CITY_CODE,CITY_NAME,NATION_CODE) values ('CMB','콜롬보','LK');
Insert into EDUC239.TA_CITY (CITY_CODE,CITY_NAME,NATION_CODE) values ('CMF','쳄버리','FR');
Insert into EDUC239.TA_CITY (CITY_CODE,CITY_NAME,NATION_CODE) values ('CMH','콜롬부스','US');
Insert into EDUC239.TA_CITY (CITY_CODE,CITY_NAME,NATION_CODE) values ('CNS','캐언스','AU');
Insert into EDUC239.TA_CITY (CITY_CODE,CITY_NAME,NATION_CODE) values ('CNX','치앙마이','TH');
Insert into EDUC239.TA_CITY (CITY_CODE,CITY_NAME,NATION_CODE) values ('CPH','코펜하겐','DK');
Insert into EDUC239.TA_CITY (CITY_CODE,CITY_NAME,NATION_CODE) values ('CPM','콤프톤','US');
Insert into EDUC239.TA_CITY (CITY_CODE,CITY_NAME,NATION_CODE) values ('CPT','케이프타운','ZA');
Insert into EDUC239.TA_CITY (CITY_CODE,CITY_NAME,NATION_CODE) values ('CRK','클라크 필드','PH');
Insert into EDUC239.TA_CITY (CITY_CODE,CITY_NAME,NATION_CODE) values ('CRZ','차조우','TM');
Insert into EDUC239.TA_CITY (CITY_CODE,CITY_NAME,NATION_CODE) values ('CSX','창사','CN');
Insert into EDUC239.TA_CITY (CITY_CODE,CITY_NAME,NATION_CODE) values ('CTI','쿠이토쿠아나발레','AO');
Insert into EDUC239.TA_CITY (CITY_CODE,CITY_NAME,NATION_CODE) values ('CTS','삿보로(치토세)','JP');
Insert into EDUC239.TA_CITY (CITY_CODE,CITY_NAME,NATION_CODE) values ('CTU','청두','CN');
Insert into EDUC239.TA_CITY (CITY_CODE,CITY_NAME,NATION_CODE) values ('CVG','신시내티','US');
Insert into EDUC239.TA_CITY (CITY_CODE,CITY_NAME,NATION_CODE) values ('CYI','치아이','TH');
Insert into EDUC239.TA_CITY (CITY_CODE,CITY_NAME,NATION_CODE) values ('CZX','창저우','CN');
Insert into EDUC239.TA_CITY (CITY_CODE,CITY_NAME,NATION_CODE) values ('DAC','다카','BD');
Insert into EDUC239.TA_CITY (CITY_CODE,CITY_NAME,NATION_CODE) values ('DAD','다낭','VN');
Insert into EDUC239.TA_CITY (CITY_CODE,CITY_NAME,NATION_CODE) values ('DAL','달라스','US');
Insert into EDUC239.TA_CITY (CITY_CODE,CITY_NAME,NATION_CODE) values ('DAR','다르에스 살람','TZ');
Insert into EDUC239.TA_CITY (CITY_CODE,CITY_NAME,NATION_CODE) values ('DAY','데이톤','US');
Insert into EDUC239.TA_CITY (CITY_CODE,CITY_NAME,NATION_CODE) values ('DBV','두브로브니크','HR');
Insert into EDUC239.TA_CITY (CITY_CODE,CITY_NAME,NATION_CODE) values ('DCA','와싱턴 국립','US');
Insert into EDUC239.TA_CITY (CITY_CODE,CITY_NAME,NATION_CODE) values ('DDG','단동','CN');
Insert into EDUC239.TA_CITY (CITY_CODE,CITY_NAME,NATION_CODE) values ('DDJ','마즈야마','JP');
Insert into EDUC239.TA_CITY (CITY_CODE,CITY_NAME,NATION_CODE) values ('DEL','델리','IO');
Insert into EDUC239.TA_CITY (CITY_CODE,CITY_NAME,NATION_CODE) values ('DEN','덴버','US');
Insert into EDUC239.TA_CITY (CITY_CODE,CITY_NAME,NATION_CODE) values ('DET','디트로이트','US');
Insert into EDUC239.TA_CITY (CITY_CODE,CITY_NAME,NATION_CODE) values ('DFW','달라스','US');
Insert into EDUC239.TA_CITY (CITY_CODE,CITY_NAME,NATION_CODE) values ('DGO','도루카','MX');
Insert into EDUC239.TA_CITY (CITY_CODE,CITY_NAME,NATION_CODE) values ('DHA','다란','SA');
Insert into EDUC239.TA_CITY (CITY_CODE,CITY_NAME,NATION_CODE) values ('DJE','제르바','TN');
Insert into EDUC239.TA_CITY (CITY_CODE,CITY_NAME,NATION_CODE) values ('DKR','다카르','SN');
Insert into EDUC239.TA_CITY (CITY_CODE,CITY_NAME,NATION_CODE) values ('DLC','대련','CN');
Insert into EDUC239.TA_CITY (CITY_CODE,CITY_NAME,NATION_CODE) values ('DLH','덜루스','US');
Insert into EDUC239.TA_CITY (CITY_CODE,CITY_NAME,NATION_CODE) values ('DMB','잠불','RU');
Insert into EDUC239.TA_CITY (CITY_CODE,CITY_NAME,NATION_CODE) values ('DME','도모데도보','RU');
Insert into EDUC239.TA_CITY (CITY_CODE,CITY_NAME,NATION_CODE) values ('DMK','돈무앙','TH');
Insert into EDUC239.TA_CITY (CITY_CODE,CITY_NAME,NATION_CODE) values ('DMM','담맘','SA');
Insert into EDUC239.TA_CITY (CITY_CODE,CITY_NAME,NATION_CODE) values ('DNA','오디나와','JP');
Insert into EDUC239.TA_CITY (CITY_CODE,CITY_NAME,NATION_CODE) values ('DOH','도하','QA');
Insert into EDUC239.TA_CITY (CITY_CODE,CITY_NAME,NATION_CODE) values ('DOV','도버체스올드','US');
Insert into EDUC239.TA_CITY (CITY_CODE,CITY_NAME,NATION_CODE) values ('DPS','덴파사','ID');
Insert into EDUC239.TA_CITY (CITY_CODE,CITY_NAME,NATION_CODE) values ('DRS','드레스덴','DE');
Insert into EDUC239.TA_CITY (CITY_CODE,CITY_NAME,NATION_CODE) values ('DRW','다윈','AU');
Insert into EDUC239.TA_CITY (CITY_CODE,CITY_NAME,NATION_CODE) values ('DSM','디모인','US');
Insert into EDUC239.TA_CITY (CITY_CODE,CITY_NAME,NATION_CODE) values ('DTT','디트로잇','US');
Insert into EDUC239.TA_CITY (CITY_CODE,CITY_NAME,NATION_CODE) values ('DTW','디트로이트','US');
Insert into EDUC239.TA_CITY (CITY_CODE,CITY_NAME,NATION_CODE) values ('DUB','더블린','IE');
Insert into EDUC239.TA_CITY (CITY_CODE,CITY_NAME,NATION_CODE) values ('DVO','다바오','PH');
Insert into EDUC239.TA_CITY (CITY_CODE,CITY_NAME,NATION_CODE) values ('DWF','데이톤','US');
Insert into EDUC239.TA_CITY (CITY_CODE,CITY_NAME,NATION_CODE) values ('DWN','브루나이','BN');
Insert into EDUC239.TA_CITY (CITY_CODE,CITY_NAME,NATION_CODE) values ('DXB','두바이','AE');
Insert into EDUC239.TA_CITY (CITY_CODE,CITY_NAME,NATION_CODE) values ('DYG','장가계(대용)','CN');
Insert into EDUC239.TA_CITY (CITY_CODE,CITY_NAME,NATION_CODE) values ('YMX','몬트리얼','CA');
Insert into EDUC239.TA_CITY (CITY_CODE,CITY_NAME,NATION_CODE) values ('YNJ','연길','CN');
Insert into EDUC239.TA_CITY (CITY_CODE,CITY_NAME,NATION_CODE) values ('YNT','연대','CN');
Insert into EDUC239.TA_CITY (CITY_CODE,CITY_NAME,NATION_CODE) values ('YNY','양양','KR');
Insert into EDUC239.TA_CITY (CITY_CODE,CITY_NAME,NATION_CODE) values ('YNZ','염성','CN');
Insert into EDUC239.TA_CITY (CITY_CODE,CITY_NAME,NATION_CODE) values ('YOK','요코하마','JP');
Insert into EDUC239.TA_CITY (CITY_CODE,CITY_NAME,NATION_CODE) values ('YQG','윈저락','CA');
Insert into EDUC239.TA_CITY (CITY_CODE,CITY_NAME,NATION_CODE) values ('YQX','세인트토마스','CA');
Insert into EDUC239.TA_CITY (CITY_CODE,CITY_NAME,NATION_CODE) values ('YTO','토론토','CA');
Insert into EDUC239.TA_CITY (CITY_CODE,CITY_NAME,NATION_CODE) values ('YUL','몬트리올','CA');
Insert into EDUC239.TA_CITY (CITY_CODE,CITY_NAME,NATION_CODE) values ('YVR','뱅쿠버','CA');
Insert into EDUC239.TA_CITY (CITY_CODE,CITY_NAME,NATION_CODE) values ('YWG','위니펙','CA');
Insert into EDUC239.TA_CITY (CITY_CODE,CITY_NAME,NATION_CODE) values ('YXX','애보츠포드','CA');
Insert into EDUC239.TA_CITY (CITY_CODE,CITY_NAME,NATION_CODE) values ('YXY','화이트호스','CA');
Insert into EDUC239.TA_CITY (CITY_CODE,CITY_NAME,NATION_CODE) values ('YYC','캘거리','CA');
Insert into EDUC239.TA_CITY (CITY_CODE,CITY_NAME,NATION_CODE) values ('YYZ','토론토','CA');
Insert into EDUC239.TA_CITY (CITY_CODE,CITY_NAME,NATION_CODE) values ('YZD','다운스비위','CA');
Insert into EDUC239.TA_CITY (CITY_CODE,CITY_NAME,NATION_CODE) values ('YZF','옐로우나이프','CA');
Insert into EDUC239.TA_CITY (CITY_CODE,CITY_NAME,NATION_CODE) values ('ZRH','취리히','CH');
Insert into EDUC239.TA_CITY (CITY_CODE,CITY_NAME,NATION_CODE) values ('SSC','쇼우공군비행장','US');
Insert into EDUC239.TA_CITY (CITY_CODE,CITY_NAME,NATION_CODE) values ('HMA','칸티-만시스크','RU');
Insert into EDUC239.TA_CITY (CITY_CODE,CITY_NAME,NATION_CODE) values ('RJO','이와쿠니','JP');
Insert into EDUC239.TA_CITY (CITY_CODE,CITY_NAME,NATION_CODE) values ('PVU','유니시펄공항','US');
Insert into EDUC239.TA_CITY (CITY_CODE,CITY_NAME,NATION_CODE) values ('CLD','칼스바드','US');
Insert into EDUC239.TA_CITY (CITY_CODE,CITY_NAME,NATION_CODE) values ('IUD','알우데이드','QA');
Insert into EDUC239.TA_CITY (CITY_CODE,CITY_NAME,NATION_CODE) values ('LIN','밀라노','IT');
Insert into EDUC239.TA_CITY (CITY_CODE,CITY_NAME,NATION_CODE) values ('GUW','아테라우','KZ');
Insert into EDUC239.TA_CITY (CITY_CODE,CITY_NAME,NATION_CODE) values ('FEZ','페스사이스','MA');
Insert into EDUC239.TA_CITY (CITY_CODE,CITY_NAME,NATION_CODE) values ('CHO','초후','JP');
Insert into EDUC239.TA_CITY (CITY_CODE,CITY_NAME,NATION_CODE) values ('CCS','카라카스','VE');
Insert into EDUC239.TA_CITY (CITY_CODE,CITY_NAME,NATION_CODE) values ('MHV','모하비','US');
Insert into EDUC239.TA_CITY (CITY_CODE,CITY_NAME,NATION_CODE) values ('ASR','케이세리','TR');
Insert into EDUC239.TA_CITY (CITY_CODE,CITY_NAME,NATION_CODE) values ('IKA','테헤란','IR');
Insert into EDUC239.TA_CITY (CITY_CODE,CITY_NAME,NATION_CODE) values ('UJN','울진','KR');
Insert into EDUC239.TA_CITY (CITY_CODE,CITY_NAME,NATION_CODE) values ('TSJ','쓰시마','JP');
Insert into EDUC239.TA_CITY (CITY_CODE,CITY_NAME,NATION_CODE) values ('UUB','라멘스쿠예','RU');
Insert into EDUC239.TA_CITY (CITY_CODE,CITY_NAME,NATION_CODE) values ('KBP','보리스필','UA');
Insert into EDUC239.TA_CITY (CITY_CODE,CITY_NAME,NATION_CODE) values ('UUR','타간로크','RU');
Insert into EDUC239.TA_CITY (CITY_CODE,CITY_NAME,NATION_CODE) values ('ABZ','에버딘','GB');
Insert into EDUC239.TA_CITY (CITY_CODE,CITY_NAME,NATION_CODE) values ('CRQ','칼스바드','US');
Insert into EDUC239.TA_CITY (CITY_CODE,CITY_NAME,NATION_CODE) values ('AGR','아그라','IO');
Insert into EDUC239.TA_CITY (CITY_CODE,CITY_NAME,NATION_CODE) values ('NVI','나보이','UZ');
Insert into EDUC239.TA_CITY (CITY_CODE,CITY_NAME,NATION_CODE) values ('OAA','바그람','AF');
Insert into EDUC239.TA_CITY (CITY_CODE,CITY_NAME,NATION_CODE) values ('MYZ','마츠야마','JP');
Insert into EDUC239.TA_CITY (CITY_CODE,CITY_NAME,NATION_CODE) values ('AER','소치','RU');
Insert into EDUC239.TA_CITY (CITY_CODE,CITY_NAME,NATION_CODE) values ('YQB','퀴백','CA');
Insert into EDUC239.TA_CITY (CITY_CODE,CITY_NAME,NATION_CODE) values ('VCP','브라코프스','BR');
Insert into EDUC239.TA_CITY (CITY_CODE,CITY_NAME,NATION_CODE) values ('BTS','브라티슬로바','SK');
Insert into EDUC239.TA_CITY (CITY_CODE,CITY_NAME,NATION_CODE) values ('UKB','고베','JP');
Insert into EDUC239.TA_CITY (CITY_CODE,CITY_NAME,NATION_CODE) values ('LIM','리마','PE');
Insert into EDUC239.TA_CITY (CITY_CODE,CITY_NAME,NATION_CODE) values ('RGT','남투','MM');
Insert into EDUC239.TA_CITY (CITY_CODE,CITY_NAME,NATION_CODE) values ('PTK','폰티악','US');
Insert into EDUC239.TA_CITY (CITY_CODE,CITY_NAME,NATION_CODE) values ('PTN','핑퉁','TW');
Insert into EDUC239.TA_CITY (CITY_CODE,CITY_NAME,NATION_CODE) values ('PTY','토쿠멘','PA');
Insert into EDUC239.TA_CITY (CITY_CODE,CITY_NAME,NATION_CODE) values ('PUS','김해','KR');
Insert into EDUC239.TA_CITY (CITY_CODE,CITY_NAME,NATION_CODE) values ('PUY','풀라','HR');
Insert into EDUC239.TA_CITY (CITY_CODE,CITY_NAME,NATION_CODE) values ('PVG','푸동','CN');
Insert into EDUC239.TA_CITY (CITY_CODE,CITY_NAME,NATION_CODE) values ('PWK','시카코','US');
Insert into EDUC239.TA_CITY (CITY_CODE,CITY_NAME,NATION_CODE) values ('PWQ','파블로다','KZ');
Insert into EDUC239.TA_CITY (CITY_CODE,CITY_NAME,NATION_CODE) values ('QOM','오미야','JP');
Insert into EDUC239.TA_CITY (CITY_CODE,CITY_NAME,NATION_CODE) values ('QPG','파야레버','SG');
Insert into EDUC239.TA_CITY (CITY_CODE,CITY_NAME,NATION_CODE) values ('RAM','라밍닝','AU');
Insert into EDUC239.TA_CITY (CITY_CODE,CITY_NAME,NATION_CODE) values ('REK','레이퀘빅','GB');
Insert into EDUC239.TA_CITY (CITY_CODE,CITY_NAME,NATION_CODE) values ('REP','씨엠립','KH');
Insert into EDUC239.TA_CITY (CITY_CODE,CITY_NAME,NATION_CODE) values ('RGN','랑군','MM');
Insert into EDUC239.TA_CITY (CITY_CODE,CITY_NAME,NATION_CODE) values ('RIO','리오데자네이로','BR');
Insert into EDUC239.TA_CITY (CITY_CODE,CITY_NAME,NATION_CODE) values ('RIV','캘리포니아','US');
Insert into EDUC239.TA_CITY (CITY_CODE,CITY_NAME,NATION_CODE) values ('RIX','리가','LV');
Insert into EDUC239.TA_CITY (CITY_CODE,CITY_NAME,NATION_CODE) values ('RMQ','따이쭝','TW');
Insert into EDUC239.TA_CITY (CITY_CODE,CITY_NAME,NATION_CODE) values ('RMS','램스타인','DE');
Insert into EDUC239.TA_CITY (CITY_CODE,CITY_NAME,NATION_CODE) values ('RNO','리노','US');
Insert into EDUC239.TA_CITY (CITY_CODE,CITY_NAME,NATION_CODE) values ('ROG','로저스','US');
Insert into EDUC239.TA_CITY (CITY_CODE,CITY_NAME,NATION_CODE) values ('ROK','록햄튼','AU');
Insert into EDUC239.TA_CITY (CITY_CODE,CITY_NAME,NATION_CODE) values ('ROM','로마','IT');
Insert into EDUC239.TA_CITY (CITY_CODE,CITY_NAME,NATION_CODE) values ('ROR','코로르','US');
Insert into EDUC239.TA_CITY (CITY_CODE,CITY_NAME,NATION_CODE) values ('ROV','로스토프','RU');
Insert into EDUC239.TA_CITY (CITY_CODE,CITY_NAME,NATION_CODE) values ('ROW','로스웰','US');
Insert into EDUC239.TA_CITY (CITY_CODE,CITY_NAME,NATION_CODE) values ('RSU','여수','KR');
Insert into EDUC239.TA_CITY (CITY_CODE,CITY_NAME,NATION_CODE) values ('RUH','리야드','SA');
Insert into EDUC239.TA_CITY (CITY_CODE,CITY_NAME,NATION_CODE) values ('SAK','사카린스크','RU');
Insert into EDUC239.TA_CITY (CITY_CODE,CITY_NAME,NATION_CODE) values ('SAN','샌디아고','US');
Insert into EDUC239.TA_CITY (CITY_CODE,CITY_NAME,NATION_CODE) values ('SAT','산안티노','US');
Insert into EDUC239.TA_CITY (CITY_CODE,CITY_NAME,NATION_CODE) values ('SAW','사비하','TR');
Insert into EDUC239.TA_CITY (CITY_CODE,CITY_NAME,NATION_CODE) values ('SBA','산타바바라','US');
Insert into EDUC239.TA_CITY (CITY_CODE,CITY_NAME,NATION_CODE) values ('SCL','산티아고','CL');
Insert into EDUC239.TA_CITY (CITY_CODE,CITY_NAME,NATION_CODE) values ('SCW','식팁카르','RU');
Insert into EDUC239.TA_CITY (CITY_CODE,CITY_NAME,NATION_CODE) values ('SDA','바그다드','IQ');
Insert into EDUC239.TA_CITY (CITY_CODE,CITY_NAME,NATION_CODE) values ('SDJ','센다이','JP');
Insert into EDUC239.TA_CITY (CITY_CODE,CITY_NAME,NATION_CODE) values ('SDN','샌다인','NO');
Insert into EDUC239.TA_CITY (CITY_CODE,CITY_NAME,NATION_CODE) values ('SEA','시애틀','US');
Insert into EDUC239.TA_CITY (CITY_CODE,CITY_NAME,NATION_CODE) values ('SEL','서울','KR');
Insert into EDUC239.TA_CITY (CITY_CODE,CITY_NAME,NATION_CODE) values ('SFO','샌프란시스코','US');
Insert into EDUC239.TA_CITY (CITY_CODE,CITY_NAME,NATION_CODE) values ('SFS','슈빅','PH');
Insert into EDUC239.TA_CITY (CITY_CODE,CITY_NAME,NATION_CODE) values ('SGF','스프링필드','US');
Insert into EDUC239.TA_CITY (CITY_CODE,CITY_NAME,NATION_CODE) values ('SGN','호치민','VN');
Insert into EDUC239.TA_CITY (CITY_CODE,CITY_NAME,NATION_CODE) values ('SHA','홍차오','CN');
Insert into EDUC239.TA_CITY (CITY_CODE,CITY_NAME,NATION_CODE) values ('SHB','나카시베츠','JP');
Insert into EDUC239.TA_CITY (CITY_CODE,CITY_NAME,NATION_CODE) values ('SHD','스타운톤','US');
Insert into EDUC239.TA_CITY (CITY_CODE,CITY_NAME,NATION_CODE) values ('SHE','심양','CN');
Insert into EDUC239.TA_CITY (CITY_CODE,CITY_NAME,NATION_CODE) values ('SHJ','샤자르','AE');
Insert into EDUC239.TA_CITY (CITY_CODE,CITY_NAME,NATION_CODE) values ('SHM','시라하마','JP');
Insert into EDUC239.TA_CITY (CITY_CODE,CITY_NAME,NATION_CODE) values ('SHO','속초','KR');
Insert into EDUC239.TA_CITY (CITY_CODE,CITY_NAME,NATION_CODE) values ('SIA','시안','CN');
Insert into EDUC239.TA_CITY (CITY_CODE,CITY_NAME,NATION_CODE) values ('SIN','싱가폴','SG');
Insert into EDUC239.TA_CITY (CITY_CODE,CITY_NAME,NATION_CODE) values ('SJC','산호세','US');
Insert into EDUC239.TA_CITY (CITY_CODE,CITY_NAME,NATION_CODE) values ('SJW','쉬지아쭈앙(석가장)','CN');
Insert into EDUC239.TA_CITY (CITY_CODE,CITY_NAME,NATION_CODE) values ('SKA','스포캐인','US');
Insert into EDUC239.TA_CITY (CITY_CODE,CITY_NAME,NATION_CODE) values ('SKD','사마르칸드','UZ');
Insert into EDUC239.TA_CITY (CITY_CODE,CITY_NAME,NATION_CODE) values ('SLC','솔트레이크시티','US');
Insert into EDUC239.TA_CITY (CITY_CODE,CITY_NAME,NATION_CODE) values ('SMF','사크라멘토','US');
Insert into EDUC239.TA_CITY (CITY_CODE,CITY_NAME,NATION_CODE) values ('SMX','산타마리아','US');
Insert into EDUC239.TA_CITY (CITY_CODE,CITY_NAME,NATION_CODE) values ('SNK','선덕','KP');
Insert into EDUC239.TA_CITY (CITY_CODE,CITY_NAME,NATION_CODE) values ('SNN','샤논','IE');
Insert into EDUC239.TA_CITY (CITY_CODE,CITY_NAME,NATION_CODE) values ('SNP','세인트폴아이랜드','US');
Insert into EDUC239.TA_CITY (CITY_CODE,CITY_NAME,NATION_CODE) values ('SOF','소피아','BG');
Insert into EDUC239.TA_CITY (CITY_CODE,CITY_NAME,NATION_CODE) values ('SOU','사우샘프턴','GB');
Insert into EDUC239.TA_CITY (CITY_CODE,CITY_NAME,NATION_CODE) values ('SPK','삿보로','JP');
Insert into EDUC239.TA_CITY (CITY_CODE,CITY_NAME,NATION_CODE) values ('SPL','스키폴','NL');
Insert into EDUC239.TA_CITY (CITY_CODE,CITY_NAME,NATION_CODE) values ('SPN','사이판','US');
Insert into EDUC239.TA_CITY (CITY_CODE,CITY_NAME,NATION_CODE) values ('SPS','위치타','US');
Insert into EDUC239.TA_CITY (CITY_CODE,CITY_NAME,NATION_CODE) values ('SSN','성남(서울공항)','KR');
Insert into EDUC239.TA_CITY (CITY_CODE,CITY_NAME,NATION_CODE) values ('STL','세인트루이스','US');
Insert into EDUC239.TA_CITY (CITY_CODE,CITY_NAME,NATION_CODE) values ('STN','스텐스테드','GB');
Insert into EDUC239.TA_CITY (CITY_CODE,CITY_NAME,NATION_CODE) values ('STO','스톡홀룸','SE');
Insert into EDUC239.TA_CITY (CITY_CODE,CITY_NAME,NATION_CODE) values ('STP','세인트폴','US');
Insert into EDUC239.TA_CITY (CITY_CODE,CITY_NAME,NATION_CODE) values ('STR','슈투트가르트','DE');
Insert into EDUC239.TA_CITY (CITY_CODE,CITY_NAME,NATION_CODE) values ('SUB','수라바야','ID');
Insert into EDUC239.TA_CITY (CITY_CODE,CITY_NAME,NATION_CODE) values ('SUU','트라비스','US');
Insert into EDUC239.TA_CITY (CITY_CODE,CITY_NAME,NATION_CODE) values ('SUW','수원','KR');
Insert into EDUC239.TA_CITY (CITY_CODE,CITY_NAME,NATION_CODE) values ('SVO','모스코바','RU');
Insert into EDUC239.TA_CITY (CITY_CODE,CITY_NAME,NATION_CODE) values ('SVX','에카테린버그','RU');
Insert into EDUC239.TA_CITY (CITY_CODE,CITY_NAME,NATION_CODE) values ('SWA','산토우','CN');
Insert into EDUC239.TA_CITY (CITY_CODE,CITY_NAME,NATION_CODE) values ('SWF','뉴버그','US');
Insert into EDUC239.TA_CITY (CITY_CODE,CITY_NAME,NATION_CODE) values ('SWU','수원','KR');
Insert into EDUC239.TA_CITY (CITY_CODE,CITY_NAME,NATION_CODE) values ('SYA','쉠마','US');
Insert into EDUC239.TA_CITY (CITY_CODE,CITY_NAME,NATION_CODE) values ('SYD','시드니','AU');
Insert into EDUC239.TA_CITY (CITY_CODE,CITY_NAME,NATION_CODE) values ('SYO','쇼나이','JP');
Insert into EDUC239.TA_CITY (CITY_CODE,CITY_NAME,NATION_CODE) values ('SYX','산야','CN');
Insert into EDUC239.TA_CITY (CITY_CODE,CITY_NAME,NATION_CODE) values ('SZB','술탄압둘아지즈','MY');
Insert into EDUC239.TA_CITY (CITY_CODE,CITY_NAME,NATION_CODE) values ('SZG','찰스부르크','AT');
Insert into EDUC239.TA_CITY (CITY_CODE,CITY_NAME,NATION_CODE) values ('SZX','센젠','CN');
Insert into EDUC239.TA_CITY (CITY_CODE,CITY_NAME,NATION_CODE) values ('TAE','대구','KR');
Insert into EDUC239.TA_CITY (CITY_CODE,CITY_NAME,NATION_CODE) values ('TAK','다가마스','JP');
Insert into EDUC239.TA_CITY (CITY_CODE,CITY_NAME,NATION_CODE) values ('TAN','태안','KR');
Insert into EDUC239.TA_CITY (CITY_CODE,CITY_NAME,NATION_CODE) values ('TAO','청도','CN');
Insert into EDUC239.TA_CITY (CITY_CODE,CITY_NAME,NATION_CODE) values ('TAS','타쉬켄트','UZ');
Insert into EDUC239.TA_CITY (CITY_CODE,CITY_NAME,NATION_CODE) values ('TCM','맥코드공군기지','US');
Insert into EDUC239.TA_CITY (CITY_CODE,CITY_NAME,NATION_CODE) values ('TEB','티터보로','US');
Insert into EDUC239.TA_CITY (CITY_CODE,CITY_NAME,NATION_CODE) values ('THR','테헤란','IR');
Insert into EDUC239.TA_CITY (CITY_CODE,CITY_NAME,NATION_CODE) values ('TIJ','티주아나','MX');
Insert into EDUC239.TA_CITY (CITY_CODE,CITY_NAME,NATION_CODE) values ('TIN','타이난','TW');
Insert into EDUC239.TA_CITY (CITY_CODE,CITY_NAME,NATION_CODE) values ('TIP','트리폴리','LY');
Insert into EDUC239.TA_CITY (CITY_CODE,CITY_NAME,NATION_CODE) values ('TJH','토요오카','JP');
Insert into EDUC239.TA_CITY (CITY_CODE,CITY_NAME,NATION_CODE) values ('TJM','티우멘','CN');
Insert into EDUC239.TA_CITY (CITY_CODE,CITY_NAME,NATION_CODE) values ('TKK','트럭','US');
Insert into EDUC239.TA_CITY (CITY_CODE,CITY_NAME,NATION_CODE) values ('TKS','도쿠시마','JP');
Insert into EDUC239.TA_CITY (CITY_CODE,CITY_NAME,NATION_CODE) values ('TLC','톨루카','MX');
Insert into EDUC239.TA_CITY (CITY_CODE,CITY_NAME,NATION_CODE) values ('TLL','탈린','EE');
Insert into EDUC239.TA_CITY (CITY_CODE,CITY_NAME,NATION_CODE) values ('TLS','툴루즈','FR');
Insert into EDUC239.TA_CITY (CITY_CODE,CITY_NAME,NATION_CODE) values ('TLV','텔아비브','IL');
Insert into EDUC239.TA_CITY (CITY_CODE,CITY_NAME,NATION_CODE) values ('TNA','지난','CN');
Insert into EDUC239.TA_CITY (CITY_CODE,CITY_NAME,NATION_CODE) values ('TNN','타이난','TW');
Insert into EDUC239.TA_CITY (CITY_CODE,CITY_NAME,NATION_CODE) values ('TOF','톰스크','RU');
Insert into EDUC239.TA_CITY (CITY_CODE,CITY_NAME,NATION_CODE) values ('TOJ','마드리드','ES');
Insert into EDUC239.TA_CITY (CITY_CODE,CITY_NAME,NATION_CODE) values ('TOL','톨레도','US');
Insert into EDUC239.TA_CITY (CITY_CODE,CITY_NAME,NATION_CODE) values ('TOY','도야마','JP');
Insert into EDUC239.TA_CITY (CITY_CODE,CITY_NAME,NATION_CODE) values ('TPE','대북','TW');
Insert into EDUC239.TA_CITY (CITY_CODE,CITY_NAME,NATION_CODE) values ('TRG','타우란자','NZ');
Insert into EDUC239.TA_CITY (CITY_CODE,CITY_NAME,NATION_CODE) values ('TSE','아스타나','KZ');
Insert into EDUC239.TA_CITY (CITY_CODE,CITY_NAME,NATION_CODE) values ('TSN','천진','CN');
Insert into EDUC239.TA_CITY (CITY_CODE,CITY_NAME,NATION_CODE) values ('TTJ','토토리','JP');
Insert into EDUC239.TA_CITY (CITY_CODE,CITY_NAME,NATION_CODE) values ('TTT','타이둥','TW');
Insert into EDUC239.TA_CITY (CITY_CODE,CITY_NAME,NATION_CODE) values ('TUL','털사','US');
Insert into EDUC239.TA_CITY (CITY_CODE,CITY_NAME,NATION_CODE) values ('TUN','튀니즈','TN');
Insert into EDUC239.TA_CITY (CITY_CODE,CITY_NAME,NATION_CODE) values ('TUS','툭슨','US');
Insert into EDUC239.TA_CITY (CITY_CODE,CITY_NAME,NATION_CODE) values ('TXG','타이쭝','TW');
Insert into EDUC239.TA_CITY (CITY_CODE,CITY_NAME,NATION_CODE) values ('TXL','테겔(베를린)','DE');
Insert into EDUC239.TA_CITY (CITY_CODE,CITY_NAME,NATION_CODE) values ('TXN','퉁치','CN');
Insert into EDUC239.TA_CITY (CITY_CODE,CITY_NAME,NATION_CODE) values ('TYN','타이유안','CN');
Insert into EDUC239.TA_CITY (CITY_CODE,CITY_NAME,NATION_CODE) values ('TYO','동경','JP');
Insert into EDUC239.TA_CITY (CITY_CODE,CITY_NAME,NATION_CODE) values ('UAB','인커릭','TR');
Insert into EDUC239.TA_CITY (CITY_CODE,CITY_NAME,NATION_CODE) values ('UAM','앤더슨공군기지','US');
Insert into EDUC239.TA_CITY (CITY_CODE,CITY_NAME,NATION_CODE) values ('UBJ','우베','JP');
Insert into EDUC239.TA_CITY (CITY_CODE,CITY_NAME,NATION_CODE) values ('UFA','우파','RU');
Insert into EDUC239.TA_CITY (CITY_CODE,CITY_NAME,NATION_CODE) values ('UKC','페트로로파블로브스크','RU');
REM INSERTING into EDUC239.TA_COUPON
SET DEFINE OFF;
REM INSERTING into EDUC239.TA_COUPON_RECODE
SET DEFINE OFF;
REM INSERTING into EDUC239.TA_FAQ
SET DEFINE OFF;
Insert into EDUC239.TA_FAQ (FAQ_IDX,CATEGORIZATION,TITLE,WRITEDATE,CONTENT) values (1,'orderpay','입금확인은 언제 하나요?',to_date('16/12/06','RR/MM/DD'),'카드결제의 경우 주문과 동시에 입금확인되어 주문이 배송요청 단계로 접수됩니다. 가상계좌의 경우 부여받으신 계좌로 입금하시면 자동으로 입금확인 처리되며 주문이 배송요청 단계로 변경됩니다.');
Insert into EDUC239.TA_FAQ (FAQ_IDX,CATEGORIZATION,TITLE,WRITEDATE,CONTENT) values (2,'orderpay','출발일을 변경하거나 인원을 추가하고 싶은데요.',to_date('16/12/06','RR/MM/DD'),'상품을 변경하거나 출발일 변경, 인원추가의 경우 여행도우미를 통하여 예약변경이 가능합니다. 
하나투어 닷컴(온라인) 상에서는예약자의 여행자 정보(영문철자, 전화번호 등)만 수정이 가능합니다.');
Insert into EDUC239.TA_FAQ (FAQ_IDX,CATEGORIZATION,TITLE,WRITEDATE,CONTENT) values (3,'orderpay','여행상품 변경이나 취소는 어떻게 하나요?',to_date('16/12/06','RR/MM/DD'),'도우미 여행사를 통해 상품 변경 및 취소가 가능합니다.
단 상품 특성에 따라 여행 취소 요청일과 출국일을 기준으로 취소 수수료가 부과될 수 있습니다.
자세한 사항은 도우미 여행사와 상담을 진행해주시면 됩니다.

여행상품마다 특별약관 또는 표준약관 적용 됩니다.
여행 상품의 특성에 따라 여행 취소 요청일과 출국일을 기준으로하여 취소료가 부과됩니다.
상품별로 상이하므로 예약했던 여행 일정표의 취소 약관을 확인하여 주십시요.
여행 일정의 변경은  동일한 상품인 경우도 출국일을 변경하거나 여행 목적지를 변경하면
해당 상품의 취소로 간주되어 취소료가 부과 될 수 있습니다.
항공 좌석의 잔여석 유무와 호텔의 잔여 객실 유무에 따라 변경이 가능 혹은 불가능 할 수 있으니
변경하고자 하는 상품의 잔여석, 출발 가능한 취소 인원 등을 반드시 확인 후 변경하여 주시길 바랍니다.');
Insert into EDUC239.TA_FAQ (FAQ_IDX,CATEGORIZATION,TITLE,WRITEDATE,CONTENT) values (4,'orderpay','결제를 했는데 현지에서 또 지불 할 게 있나요?',to_date('16/12/06','RR/MM/DD'),'숙박요금에 대하여는 현지에서 결제를 하실 필요가 없습니다. 
다만, 추가비용(부대시설 이용료, 인원추가, 침구추가, 기타시설물 이용료)에 대해서는 현지에 이용 후 결제 하시면 됩니다.');
Insert into EDUC239.TA_FAQ (FAQ_IDX,CATEGORIZATION,TITLE,WRITEDATE,CONTENT) values (5,'orderpay','결제 취소 후 환불절차는 어떻게 되나요?',to_date('16/12/06','RR/MM/DD'),'일반적으로 현금의 경우 2~3일, 카드의 경우 3~4일 후에 환불 완료 됩니다.
간혹 카드사에 요청이 들어갔다고 하더라도 취소 시점에 따라 차이가 있으므로 일주일까지 걸릴 수 도 있습니다.');
Insert into EDUC239.TA_FAQ (FAQ_IDX,CATEGORIZATION,TITLE,WRITEDATE,CONTENT) values (6,'orderpay','예약 후 예약한 본인이 아닌 가족이 이용가능한가요?',to_date('16/12/06','RR/MM/DD'),'예약하신 건에 대해 예약자가 이용 못 하실 경우 가족분이 이용가능하며, 프론트에 체크인시 예약자 성함, 예약번호를 정확히
이야기 하셔야 합니다
다만, 부도덕한 방법으로 타인에게 양도(객실 재 판매)한 경우 이용이 제한이 될 수 있습니다.');
Insert into EDUC239.TA_FAQ (FAQ_IDX,CATEGORIZATION,TITLE,WRITEDATE,CONTENT) values (7,'orderpay','예약 건에 탑승자 추가 예약 가능한가요?',to_date('16/12/06','RR/MM/DD'),'탑승자 일행 추가는 온라인 상에서 별도 구입부탁드립니다.
추가 예약 시 처음 예약한 금액과 금액차가 있을 수 있는 점 참고 부탁드립니다.');
Insert into EDUC239.TA_FAQ (FAQ_IDX,CATEGORIZATION,TITLE,WRITEDATE,CONTENT) values (8,'orderpay','항공시간 및 출발지 변경이 가능할까요?',to_date('16/12/06','RR/MM/DD'),'항공시간 및 출발지 변경은 가능하며 항공요금 차액으로 인해 상품가가 변동될 수 있습니다. 
리턴 항공은 20시경으로 작업해야 일정을 소화하는데 무리가 없으며 
첫날 일정이 있는 상품의 경우 다른 분들과 비슷하게 첫날 항공시간을 작업해야 첫날 일정을 무리없이 소화하실 수 있습니다.');
Insert into EDUC239.TA_FAQ (FAQ_IDX,CATEGORIZATION,TITLE,WRITEDATE,CONTENT) values (9,'orderpay','서울출발 상품은 있는데 그외 지방출발은 불가능한가요?',to_date('16/12/06','RR/MM/DD'),'물론 지방출발도 가능합니다. 담당자에게 가능 항공시간 체크하시고 견적 받으시기 바랍니다. 
단, 서울출발은 그룹할인항공 사용이기 때문에 지방출발시 지역에 따라 서울보다 요금이 추가 될 수 있습니다.');
Insert into EDUC239.TA_FAQ (FAQ_IDX,CATEGORIZATION,TITLE,WRITEDATE,CONTENT) values (10,'orderpay','자유여행 확정 일정은 언제 나오나요?',to_date('16/12/06','RR/MM/DD'),'그룹항공시간이 확정되는 출발 2-3일전에 안내되며, 확정안내문은 E-MAIL로 발송드립니다.   
확정일정표에는 출,도착 항공시간 및 항공예약번호, 렌트카 업체명, 픽업장소, 입장권 수령방법 등이 기재됩니다. 
일정표에 기재된 예정항공시간대로 진행되나 모객인원에 따라 변동될 수 있습니다.');
REM INSERTING into EDUC239.TA_MEMBER
SET DEFINE OFF;
Insert into EDUC239.TA_MEMBER (ID,NAME,PASSWD,BIRTH,PHONE,EMAIL,SEX,GRADE,GET_MILEAGE,LEAVE,SESSIONKEY,SESSIONLIMIT) values ('svn','회원테스트','1234',null,null,null,null,null,0,'N','149D8F38731FB8EA27574D52F948B4F2',to_timestamp('19/01/15 15:15:47.504000000','RR/MM/DD HH24:MI:SSXFF'));
Insert into EDUC239.TA_MEMBER (ID,NAME,PASSWD,BIRTH,PHONE,EMAIL,SEX,GRADE,GET_MILEAGE,LEAVE,SESSIONKEY,SESSIONLIMIT) values ('admin','홍길동','1234','19900801','010-3355-8855','admin@ync.ac.kr',null,'A',0,'N','65E1EB98D7A6470808E5B063D44151A6',to_timestamp('19/01/02 03:28:37.240000000','RR/MM/DD HH24:MI:SSXFF'));
Insert into EDUC239.TA_MEMBER (ID,NAME,PASSWD,BIRTH,PHONE,EMAIL,SEX,GRADE,GET_MILEAGE,LEAVE,SESSIONKEY,SESSIONLIMIT) values ('leegd','이길동','1234','19900901','010-5566-8877','leegd@ync.ac.kr',null,'A',0,'N','none',null);
Insert into EDUC239.TA_MEMBER (ID,NAME,PASSWD,BIRTH,PHONE,EMAIL,SEX,GRADE,GET_MILEAGE,LEAVE,SESSIONKEY,SESSIONLIMIT) values ('1111','1111','1111','1111','1111','1111@1111.com',null,null,0,'N','none',null);
Insert into EDUC239.TA_MEMBER (ID,NAME,PASSWD,BIRTH,PHONE,EMAIL,SEX,GRADE,GET_MILEAGE,LEAVE,SESSIONKEY,SESSIONLIMIT) values ('spring','관리자테스트','1234','19900701','010-5588-8877','spring@ync.ac.kr',null,'A',0,'N','none',null);
Insert into EDUC239.TA_MEMBER (ID,NAME,PASSWD,BIRTH,PHONE,EMAIL,SEX,GRADE,GET_MILEAGE,LEAVE,SESSIONKEY,SESSIONLIMIT) values ('qew123','test','12345','19990101','010-1111-2222','ync123@naver.com',null,null,0,'N','3440D8CAA15448E3AB480B8FC989597C',to_timestamp('18/12/13 17:40:24.725000000','RR/MM/DD HH24:MI:SSXFF'));
REM INSERTING into EDUC239.TA_MILEAGE
SET DEFINE OFF;
REM INSERTING into EDUC239.TA_NATION
SET DEFINE OFF;
Insert into EDUC239.TA_NATION (NATION_CODE,NATION_NAME) values ('GH','가나');
Insert into EDUC239.TA_NATION (NATION_CODE,NATION_NAME) values ('GA','가봉');
Insert into EDUC239.TA_NATION (NATION_CODE,NATION_NAME) values ('GY','가이아나');
Insert into EDUC239.TA_NATION (NATION_CODE,NATION_NAME) values ('GM','감비아');
Insert into EDUC239.TA_NATION (NATION_CODE,NATION_NAME) values ('GG','건지 섬');
Insert into EDUC239.TA_NATION (NATION_CODE,NATION_NAME) values ('GP','과들루프');
Insert into EDUC239.TA_NATION (NATION_CODE,NATION_NAME) values ('GT','과테말라');
Insert into EDUC239.TA_NATION (NATION_CODE,NATION_NAME) values ('GU','괌');
Insert into EDUC239.TA_NATION (NATION_CODE,NATION_NAME) values ('GD','그레나다');
Insert into EDUC239.TA_NATION (NATION_CODE,NATION_NAME) values ('GR','그리스');
Insert into EDUC239.TA_NATION (NATION_CODE,NATION_NAME) values ('GL','그린란드');
Insert into EDUC239.TA_NATION (NATION_CODE,NATION_NAME) values ('GN','기니');
Insert into EDUC239.TA_NATION (NATION_CODE,NATION_NAME) values ('GW','기니비사우');
Insert into EDUC239.TA_NATION (NATION_CODE,NATION_NAME) values ('NA','나미비아');
Insert into EDUC239.TA_NATION (NATION_CODE,NATION_NAME) values ('NR','나우루');
Insert into EDUC239.TA_NATION (NATION_CODE,NATION_NAME) values ('NG','나이지리아');
Insert into EDUC239.TA_NATION (NATION_CODE,NATION_NAME) values ('AQ','남극');
Insert into EDUC239.TA_NATION (NATION_CODE,NATION_NAME) values ('SS','남수단');
Insert into EDUC239.TA_NATION (NATION_CODE,NATION_NAME) values ('ZA','남아프리카 공화국');
Insert into EDUC239.TA_NATION (NATION_CODE,NATION_NAME) values ('NL','네덜란드');
Insert into EDUC239.TA_NATION (NATION_CODE,NATION_NAME) values ('AN','네덜란드령 안틸레스');
Insert into EDUC239.TA_NATION (NATION_CODE,NATION_NAME) values ('NP','네팔');
Insert into EDUC239.TA_NATION (NATION_CODE,NATION_NAME) values ('NO','노르웨이');
Insert into EDUC239.TA_NATION (NATION_CODE,NATION_NAME) values ('NF','노퍽 섬');
Insert into EDUC239.TA_NATION (NATION_CODE,NATION_NAME) values ('NC','누벨칼레도니');
Insert into EDUC239.TA_NATION (NATION_CODE,NATION_NAME) values ('NZ','뉴질랜드');
Insert into EDUC239.TA_NATION (NATION_CODE,NATION_NAME) values ('NU','니우에');
Insert into EDUC239.TA_NATION (NATION_CODE,NATION_NAME) values ('NE','니제르');
Insert into EDUC239.TA_NATION (NATION_CODE,NATION_NAME) values ('NI','니카라과');
Insert into EDUC239.TA_NATION (NATION_CODE,NATION_NAME) values ('KR','대한민국');
Insert into EDUC239.TA_NATION (NATION_CODE,NATION_NAME) values ('DK','덴마크');
Insert into EDUC239.TA_NATION (NATION_CODE,NATION_NAME) values ('DO','도미니카 공화국');
Insert into EDUC239.TA_NATION (NATION_CODE,NATION_NAME) values ('DM','도미니카 연방');
Insert into EDUC239.TA_NATION (NATION_CODE,NATION_NAME) values ('DE','독일');
Insert into EDUC239.TA_NATION (NATION_CODE,NATION_NAME) values ('TL','동티모르');
Insert into EDUC239.TA_NATION (NATION_CODE,NATION_NAME) values ('LA','라오스');
Insert into EDUC239.TA_NATION (NATION_CODE,NATION_NAME) values ('LR','라이베리아');
Insert into EDUC239.TA_NATION (NATION_CODE,NATION_NAME) values ('LV','라트비아');
Insert into EDUC239.TA_NATION (NATION_CODE,NATION_NAME) values ('RU','러시아');
Insert into EDUC239.TA_NATION (NATION_CODE,NATION_NAME) values ('LB','레바논');
Insert into EDUC239.TA_NATION (NATION_CODE,NATION_NAME) values ('LS','레소토');
Insert into EDUC239.TA_NATION (NATION_CODE,NATION_NAME) values ('RE','레위니옹');
Insert into EDUC239.TA_NATION (NATION_CODE,NATION_NAME) values ('RO','루마니아');
Insert into EDUC239.TA_NATION (NATION_CODE,NATION_NAME) values ('LU','룩셈부르크');
Insert into EDUC239.TA_NATION (NATION_CODE,NATION_NAME) values ('RW','르완다');
Insert into EDUC239.TA_NATION (NATION_CODE,NATION_NAME) values ('LY','리비아');
Insert into EDUC239.TA_NATION (NATION_CODE,NATION_NAME) values ('LT','리투아니아');
Insert into EDUC239.TA_NATION (NATION_CODE,NATION_NAME) values ('LI','리히텐슈타인');
Insert into EDUC239.TA_NATION (NATION_CODE,NATION_NAME) values ('MG','마다가스카르');
Insert into EDUC239.TA_NATION (NATION_CODE,NATION_NAME) values ('MQ','마르티니크');
Insert into EDUC239.TA_NATION (NATION_CODE,NATION_NAME) values ('MH','마셜 제도');
Insert into EDUC239.TA_NATION (NATION_CODE,NATION_NAME) values ('YT','마요트');
Insert into EDUC239.TA_NATION (NATION_CODE,NATION_NAME) values ('MO','마카오');
Insert into EDUC239.TA_NATION (NATION_CODE,NATION_NAME) values ('MK','마케도니아 공화국');
Insert into EDUC239.TA_NATION (NATION_CODE,NATION_NAME) values ('MW','말라위');
Insert into EDUC239.TA_NATION (NATION_CODE,NATION_NAME) values ('MY','말레이시아');
Insert into EDUC239.TA_NATION (NATION_CODE,NATION_NAME) values ('ML','말리');
Insert into EDUC239.TA_NATION (NATION_CODE,NATION_NAME) values ('IM','맨 섬');
Insert into EDUC239.TA_NATION (NATION_CODE,NATION_NAME) values ('MX','멕시코');
Insert into EDUC239.TA_NATION (NATION_CODE,NATION_NAME) values ('MC','모나코');
Insert into EDUC239.TA_NATION (NATION_CODE,NATION_NAME) values ('MA','모로코');
Insert into EDUC239.TA_NATION (NATION_CODE,NATION_NAME) values ('MU','모리셔스');
Insert into EDUC239.TA_NATION (NATION_CODE,NATION_NAME) values ('MR','모리타니');
Insert into EDUC239.TA_NATION (NATION_CODE,NATION_NAME) values ('MZ','모잠비크');
Insert into EDUC239.TA_NATION (NATION_CODE,NATION_NAME) values ('ME','몬테네그로');
Insert into EDUC239.TA_NATION (NATION_CODE,NATION_NAME) values ('MS','몬트세랫');
Insert into EDUC239.TA_NATION (NATION_CODE,NATION_NAME) values ('MD','몰도바');
Insert into EDUC239.TA_NATION (NATION_CODE,NATION_NAME) values ('MV','몰디브');
Insert into EDUC239.TA_NATION (NATION_CODE,NATION_NAME) values ('MT','몰타');
Insert into EDUC239.TA_NATION (NATION_CODE,NATION_NAME) values ('MN','몽골');
Insert into EDUC239.TA_NATION (NATION_CODE,NATION_NAME) values ('US','미국');
Insert into EDUC239.TA_NATION (NATION_CODE,NATION_NAME) values ('UM','미국령 군소 제도');
Insert into EDUC239.TA_NATION (NATION_CODE,NATION_NAME) values ('VI','미국령 버진아일랜드');
Insert into EDUC239.TA_NATION (NATION_CODE,NATION_NAME) values ('MM','미얀마');
Insert into EDUC239.TA_NATION (NATION_CODE,NATION_NAME) values ('FM','미크로네시아 연방');
Insert into EDUC239.TA_NATION (NATION_CODE,NATION_NAME) values ('VU','바누아투');
Insert into EDUC239.TA_NATION (NATION_CODE,NATION_NAME) values ('BH','바레인');
Insert into EDUC239.TA_NATION (NATION_CODE,NATION_NAME) values ('BB','바베이도스');
Insert into EDUC239.TA_NATION (NATION_CODE,NATION_NAME) values ('VA','바티칸 시국');
Insert into EDUC239.TA_NATION (NATION_CODE,NATION_NAME) values ('BS','바하마');
Insert into EDUC239.TA_NATION (NATION_CODE,NATION_NAME) values ('BD','방글라데시');
Insert into EDUC239.TA_NATION (NATION_CODE,NATION_NAME) values ('BM','버뮤다');
Insert into EDUC239.TA_NATION (NATION_CODE,NATION_NAME) values ('BJ','베냉');
Insert into EDUC239.TA_NATION (NATION_CODE,NATION_NAME) values ('VE','베네수엘라');
Insert into EDUC239.TA_NATION (NATION_CODE,NATION_NAME) values ('VN','베트남');
Insert into EDUC239.TA_NATION (NATION_CODE,NATION_NAME) values ('BE','벨기에');
Insert into EDUC239.TA_NATION (NATION_CODE,NATION_NAME) values ('BY','벨라루스');
Insert into EDUC239.TA_NATION (NATION_CODE,NATION_NAME) values ('BZ','벨리즈');
Insert into EDUC239.TA_NATION (NATION_CODE,NATION_NAME) values ('BA','보스니아 헤르체고비나');
Insert into EDUC239.TA_NATION (NATION_CODE,NATION_NAME) values ('BW','보츠와나');
Insert into EDUC239.TA_NATION (NATION_CODE,NATION_NAME) values ('BO','볼리비아');
Insert into EDUC239.TA_NATION (NATION_CODE,NATION_NAME) values ('BI','부룬디');
Insert into EDUC239.TA_NATION (NATION_CODE,NATION_NAME) values ('BF','부르키나파소');
Insert into EDUC239.TA_NATION (NATION_CODE,NATION_NAME) values ('BV','부베 섬');
Insert into EDUC239.TA_NATION (NATION_CODE,NATION_NAME) values ('BT','부탄');
Insert into EDUC239.TA_NATION (NATION_CODE,NATION_NAME) values ('MP','북마리아나 제도');
Insert into EDUC239.TA_NATION (NATION_CODE,NATION_NAME) values ('BG','불가리아');
Insert into EDUC239.TA_NATION (NATION_CODE,NATION_NAME) values ('BR','브라질');
Insert into EDUC239.TA_NATION (NATION_CODE,NATION_NAME) values ('BN','브루나이');
Insert into EDUC239.TA_NATION (NATION_CODE,NATION_NAME) values ('WS','사모아');
Insert into EDUC239.TA_NATION (NATION_CODE,NATION_NAME) values ('SA','사우디아라비아');
Insert into EDUC239.TA_NATION (NATION_CODE,NATION_NAME) values ('GS','사우스조지아 사우스샌드위치 제도');
Insert into EDUC239.TA_NATION (NATION_CODE,NATION_NAME) values ('SM','산마리노');
Insert into EDUC239.TA_NATION (NATION_CODE,NATION_NAME) values ('ST','상투메 프린시페');
Insert into EDUC239.TA_NATION (NATION_CODE,NATION_NAME) values ('PM','생피에르 미클롱');
Insert into EDUC239.TA_NATION (NATION_CODE,NATION_NAME) values ('EH','서사하라');
Insert into EDUC239.TA_NATION (NATION_CODE,NATION_NAME) values ('SN','세네갈');
Insert into EDUC239.TA_NATION (NATION_CODE,NATION_NAME) values ('RS','세르비아');
Insert into EDUC239.TA_NATION (NATION_CODE,NATION_NAME) values ('SC','세이셸');
Insert into EDUC239.TA_NATION (NATION_CODE,NATION_NAME) values ('LC','세인트루시아');
Insert into EDUC239.TA_NATION (NATION_CODE,NATION_NAME) values ('VC','세인트빈센트 그레나딘');
Insert into EDUC239.TA_NATION (NATION_CODE,NATION_NAME) values ('KN','세인트키츠 네비스');
Insert into EDUC239.TA_NATION (NATION_CODE,NATION_NAME) values ('SH','세인트헬레나');
Insert into EDUC239.TA_NATION (NATION_CODE,NATION_NAME) values ('SO','소말리아');
Insert into EDUC239.TA_NATION (NATION_CODE,NATION_NAME) values ('SB','솔로몬 제도');
Insert into EDUC239.TA_NATION (NATION_CODE,NATION_NAME) values ('SD','수단');
Insert into EDUC239.TA_NATION (NATION_CODE,NATION_NAME) values ('SR','수리남');
Insert into EDUC239.TA_NATION (NATION_CODE,NATION_NAME) values ('LK','스리랑카');
Insert into EDUC239.TA_NATION (NATION_CODE,NATION_NAME) values ('SJ','스발바르 얀마옌');
Insert into EDUC239.TA_NATION (NATION_CODE,NATION_NAME) values ('SZ','스와질란드');
Insert into EDUC239.TA_NATION (NATION_CODE,NATION_NAME) values ('SE','스웨덴');
Insert into EDUC239.TA_NATION (NATION_CODE,NATION_NAME) values ('CH','스위스');
Insert into EDUC239.TA_NATION (NATION_CODE,NATION_NAME) values ('ES','스페인');
Insert into EDUC239.TA_NATION (NATION_CODE,NATION_NAME) values ('SK','슬로바키아');
Insert into EDUC239.TA_NATION (NATION_CODE,NATION_NAME) values ('SI','슬로베니아');
Insert into EDUC239.TA_NATION (NATION_CODE,NATION_NAME) values ('SY','시리아');
Insert into EDUC239.TA_NATION (NATION_CODE,NATION_NAME) values ('SL','시에라리온');
Insert into EDUC239.TA_NATION (NATION_CODE,NATION_NAME) values ('SG','싱가포르');
Insert into EDUC239.TA_NATION (NATION_CODE,NATION_NAME) values ('AE','아랍에미리트');
Insert into EDUC239.TA_NATION (NATION_CODE,NATION_NAME) values ('AW','아루바');
Insert into EDUC239.TA_NATION (NATION_CODE,NATION_NAME) values ('AM','아르메니아');
Insert into EDUC239.TA_NATION (NATION_CODE,NATION_NAME) values ('AR','아르헨티나');
Insert into EDUC239.TA_NATION (NATION_CODE,NATION_NAME) values ('AS','아메리칸사모아');
Insert into EDUC239.TA_NATION (NATION_CODE,NATION_NAME) values ('IS','아이슬란드');
Insert into EDUC239.TA_NATION (NATION_CODE,NATION_NAME) values ('HT','아이티');
Insert into EDUC239.TA_NATION (NATION_CODE,NATION_NAME) values ('IE','아일랜드');
Insert into EDUC239.TA_NATION (NATION_CODE,NATION_NAME) values ('AZ','아제르바이잔');
Insert into EDUC239.TA_NATION (NATION_CODE,NATION_NAME) values ('AF','아프가니스탄');
Insert into EDUC239.TA_NATION (NATION_CODE,NATION_NAME) values ('AD','안도라');
Insert into EDUC239.TA_NATION (NATION_CODE,NATION_NAME) values ('AL','알바니아');
Insert into EDUC239.TA_NATION (NATION_CODE,NATION_NAME) values ('DZ','알제리');
Insert into EDUC239.TA_NATION (NATION_CODE,NATION_NAME) values ('AO','앙골라');
Insert into EDUC239.TA_NATION (NATION_CODE,NATION_NAME) values ('AG','앤티가 바부다');
Insert into EDUC239.TA_NATION (NATION_CODE,NATION_NAME) values ('AI','앵귈라');
Insert into EDUC239.TA_NATION (NATION_CODE,NATION_NAME) values ('ER','에리트레아');
Insert into EDUC239.TA_NATION (NATION_CODE,NATION_NAME) values ('EE','에스토니아');
Insert into EDUC239.TA_NATION (NATION_CODE,NATION_NAME) values ('EC','에콰도르');
Insert into EDUC239.TA_NATION (NATION_CODE,NATION_NAME) values ('ET','에티오피아');
Insert into EDUC239.TA_NATION (NATION_CODE,NATION_NAME) values ('SV','엘살바도르');
Insert into EDUC239.TA_NATION (NATION_CODE,NATION_NAME) values ('GB','영국');
Insert into EDUC239.TA_NATION (NATION_CODE,NATION_NAME) values ('VG','영국령 버진아일랜드');
Insert into EDUC239.TA_NATION (NATION_CODE,NATION_NAME) values ('IO','영국령 인도양 지역');
Insert into EDUC239.TA_NATION (NATION_CODE,NATION_NAME) values ('YE','예멘');
Insert into EDUC239.TA_NATION (NATION_CODE,NATION_NAME) values ('OM','오만');
Insert into EDUC239.TA_NATION (NATION_CODE,NATION_NAME) values ('AU','오스트레일리아');
Insert into EDUC239.TA_NATION (NATION_CODE,NATION_NAME) values ('AT','오스트리아');
Insert into EDUC239.TA_NATION (NATION_CODE,NATION_NAME) values ('HN','온두라스');
Insert into EDUC239.TA_NATION (NATION_CODE,NATION_NAME) values ('AX','올란드 제도');
Insert into EDUC239.TA_NATION (NATION_CODE,NATION_NAME) values ('WF','왈리스 퓌튀나');
Insert into EDUC239.TA_NATION (NATION_CODE,NATION_NAME) values ('JO','요르단');
Insert into EDUC239.TA_NATION (NATION_CODE,NATION_NAME) values ('UG','우간다');
Insert into EDUC239.TA_NATION (NATION_CODE,NATION_NAME) values ('UY','우루과이');
Insert into EDUC239.TA_NATION (NATION_CODE,NATION_NAME) values ('UZ','우즈베키스탄');
Insert into EDUC239.TA_NATION (NATION_CODE,NATION_NAME) values ('UA','우크라이나');
Insert into EDUC239.TA_NATION (NATION_CODE,NATION_NAME) values ('IQ','이라크');
Insert into EDUC239.TA_NATION (NATION_CODE,NATION_NAME) values ('IR','이란');
Insert into EDUC239.TA_NATION (NATION_CODE,NATION_NAME) values ('IL','이스라엘');
Insert into EDUC239.TA_NATION (NATION_CODE,NATION_NAME) values ('EG','이집트');
Insert into EDUC239.TA_NATION (NATION_CODE,NATION_NAME) values ('IT','이탈리아');
Insert into EDUC239.TA_NATION (NATION_CODE,NATION_NAME) values ('IN','인도');
Insert into EDUC239.TA_NATION (NATION_CODE,NATION_NAME) values ('ID','인도네시아');
Insert into EDUC239.TA_NATION (NATION_CODE,NATION_NAME) values ('JP','일본');
Insert into EDUC239.TA_NATION (NATION_CODE,NATION_NAME) values ('JM','자메이카');
Insert into EDUC239.TA_NATION (NATION_CODE,NATION_NAME) values ('ZM','잠비아');
Insert into EDUC239.TA_NATION (NATION_CODE,NATION_NAME) values ('JE','저지 섬');
Insert into EDUC239.TA_NATION (NATION_CODE,NATION_NAME) values ('GQ','적도 기니');
Insert into EDUC239.TA_NATION (NATION_CODE,NATION_NAME) values ('KP','조선민주주의인민공화국');
Insert into EDUC239.TA_NATION (NATION_CODE,NATION_NAME) values ('GE','조지아');
Insert into EDUC239.TA_NATION (NATION_CODE,NATION_NAME) values ('CF','중앙아프리카 공화국');
Insert into EDUC239.TA_NATION (NATION_CODE,NATION_NAME) values ('TW','중화민국');
Insert into EDUC239.TA_NATION (NATION_CODE,NATION_NAME) values ('CN','중화인민공화국');
Insert into EDUC239.TA_NATION (NATION_CODE,NATION_NAME) values ('DJ','지부티');
Insert into EDUC239.TA_NATION (NATION_CODE,NATION_NAME) values ('GI','지브롤터');
Insert into EDUC239.TA_NATION (NATION_CODE,NATION_NAME) values ('ZW','짐바브웨');
Insert into EDUC239.TA_NATION (NATION_CODE,NATION_NAME) values ('TD','차드');
Insert into EDUC239.TA_NATION (NATION_CODE,NATION_NAME) values ('CZ','체코');
Insert into EDUC239.TA_NATION (NATION_CODE,NATION_NAME) values ('CL','칠레');
Insert into EDUC239.TA_NATION (NATION_CODE,NATION_NAME) values ('CM','카메룬');
Insert into EDUC239.TA_NATION (NATION_CODE,NATION_NAME) values ('CV','카보베르데');
Insert into EDUC239.TA_NATION (NATION_CODE,NATION_NAME) values ('KZ','카자흐스탄');
Insert into EDUC239.TA_NATION (NATION_CODE,NATION_NAME) values ('QA','카타르');
Insert into EDUC239.TA_NATION (NATION_CODE,NATION_NAME) values ('KH','캄보디아');
Insert into EDUC239.TA_NATION (NATION_CODE,NATION_NAME) values ('CA','캐나다');
Insert into EDUC239.TA_NATION (NATION_CODE,NATION_NAME) values ('KE','케냐');
Insert into EDUC239.TA_NATION (NATION_CODE,NATION_NAME) values ('KY','케이맨 제도');
Insert into EDUC239.TA_NATION (NATION_CODE,NATION_NAME) values ('KM','코모로');
Insert into EDUC239.TA_NATION (NATION_CODE,NATION_NAME) values ('CR','코스타리카');
Insert into EDUC239.TA_NATION (NATION_CODE,NATION_NAME) values ('CC','코코스 제도');
Insert into EDUC239.TA_NATION (NATION_CODE,NATION_NAME) values ('CI','코트디부아르');
Insert into EDUC239.TA_NATION (NATION_CODE,NATION_NAME) values ('CO','콜롬비아');
Insert into EDUC239.TA_NATION (NATION_CODE,NATION_NAME) values ('CG','콩고 공화국');
Insert into EDUC239.TA_NATION (NATION_CODE,NATION_NAME) values ('CD','콩고 민주 공화국');
Insert into EDUC239.TA_NATION (NATION_CODE,NATION_NAME) values ('CU','쿠바');
Insert into EDUC239.TA_NATION (NATION_CODE,NATION_NAME) values ('KW','쿠웨이트');
Insert into EDUC239.TA_NATION (NATION_CODE,NATION_NAME) values ('CK','쿡 제도');
Insert into EDUC239.TA_NATION (NATION_CODE,NATION_NAME) values ('HR','크로아티아');
Insert into EDUC239.TA_NATION (NATION_CODE,NATION_NAME) values ('CX','크리스마스 섬');
Insert into EDUC239.TA_NATION (NATION_CODE,NATION_NAME) values ('KG','키르기스스탄');
Insert into EDUC239.TA_NATION (NATION_CODE,NATION_NAME) values ('KI','키리바시');
Insert into EDUC239.TA_NATION (NATION_CODE,NATION_NAME) values ('CY','키프로스');
Insert into EDUC239.TA_NATION (NATION_CODE,NATION_NAME) values ('TH','타이');
Insert into EDUC239.TA_NATION (NATION_CODE,NATION_NAME) values ('TJ','타지키스탄');
Insert into EDUC239.TA_NATION (NATION_CODE,NATION_NAME) values ('TZ','탄자니아');
Insert into EDUC239.TA_NATION (NATION_CODE,NATION_NAME) values ('TC','터크스 케이커스 제도');
Insert into EDUC239.TA_NATION (NATION_CODE,NATION_NAME) values ('TR','터키');
Insert into EDUC239.TA_NATION (NATION_CODE,NATION_NAME) values ('TG','토고');
Insert into EDUC239.TA_NATION (NATION_CODE,NATION_NAME) values ('TK','토켈라우');
Insert into EDUC239.TA_NATION (NATION_CODE,NATION_NAME) values ('TO','통가');
Insert into EDUC239.TA_NATION (NATION_CODE,NATION_NAME) values ('TM','투르크메니스탄');
Insert into EDUC239.TA_NATION (NATION_CODE,NATION_NAME) values ('TV','투발루');
Insert into EDUC239.TA_NATION (NATION_CODE,NATION_NAME) values ('TN','튀니지');
Insert into EDUC239.TA_NATION (NATION_CODE,NATION_NAME) values ('TT','트리니다드 토바고');
Insert into EDUC239.TA_NATION (NATION_CODE,NATION_NAME) values ('PA','파나마');
Insert into EDUC239.TA_NATION (NATION_CODE,NATION_NAME) values ('PY','파라과이');
Insert into EDUC239.TA_NATION (NATION_CODE,NATION_NAME) values ('PK','파키스탄');
Insert into EDUC239.TA_NATION (NATION_CODE,NATION_NAME) values ('PG','파푸아 뉴기니');
Insert into EDUC239.TA_NATION (NATION_CODE,NATION_NAME) values ('PW','팔라우');
Insert into EDUC239.TA_NATION (NATION_CODE,NATION_NAME) values ('PS','팔레스타인');
Insert into EDUC239.TA_NATION (NATION_CODE,NATION_NAME) values ('FO','페로 제도');
Insert into EDUC239.TA_NATION (NATION_CODE,NATION_NAME) values ('PE','페루');
Insert into EDUC239.TA_NATION (NATION_CODE,NATION_NAME) values ('PT','포르투갈');
Insert into EDUC239.TA_NATION (NATION_CODE,NATION_NAME) values ('FK','포클랜드 제도');
Insert into EDUC239.TA_NATION (NATION_CODE,NATION_NAME) values ('PL','폴란드');
Insert into EDUC239.TA_NATION (NATION_CODE,NATION_NAME) values ('PR','푸에르토리코');
Insert into EDUC239.TA_NATION (NATION_CODE,NATION_NAME) values ('FR','프랑스');
Insert into EDUC239.TA_NATION (NATION_CODE,NATION_NAME) values ('GF','프랑스령 기아나');
Insert into EDUC239.TA_NATION (NATION_CODE,NATION_NAME) values ('TF','프랑스령 남부와 남극 지역');
Insert into EDUC239.TA_NATION (NATION_CODE,NATION_NAME) values ('PF','프랑스령 폴리네시아');
Insert into EDUC239.TA_NATION (NATION_CODE,NATION_NAME) values ('FJ','피지');
Insert into EDUC239.TA_NATION (NATION_CODE,NATION_NAME) values ('FI','핀란드');
Insert into EDUC239.TA_NATION (NATION_CODE,NATION_NAME) values ('PH','필리핀');
Insert into EDUC239.TA_NATION (NATION_CODE,NATION_NAME) values ('PN','핏케언 제도');
Insert into EDUC239.TA_NATION (NATION_CODE,NATION_NAME) values ('HM','허드 맥도널드 제도');
Insert into EDUC239.TA_NATION (NATION_CODE,NATION_NAME) values ('HU','헝가리');
Insert into EDUC239.TA_NATION (NATION_CODE,NATION_NAME) values ('HK','홍콩');
REM INSERTING into EDUC239.TA_ORDER
SET DEFINE OFF;
Insert into EDUC239.TA_ORDER (ORDER_CODE,ORDER_DATE,ORDER_MEANS,ORDER_PRICE,STATUS,CARD_COMPANY,CARD_NUMBER,BANK,BANK_NUMBER,RE_IDX,USE_MILEAGE,USE_COUPON) values (1,to_date('18/12/13','RR/MM/DD'),'신용카드',900000,'01','신한','1234567812345678',null,null,1,0,null);
Insert into EDUC239.TA_ORDER (ORDER_CODE,ORDER_DATE,ORDER_MEANS,ORDER_PRICE,STATUS,CARD_COMPANY,CARD_NUMBER,BANK,BANK_NUMBER,RE_IDX,USE_MILEAGE,USE_COUPON) values (2,to_date('18/12/15','RR/MM/DD'),'신용카드',1800000,'02','우리','5687123456781234',null,null,24,0,null);
REM INSERTING into EDUC239.TA_POP
SET DEFINE OFF;
REM INSERTING into EDUC239.TA_PRODUCT
SET DEFINE OFF;
Insert into EDUC239.TA_PRODUCT (PRODUCT_CODE,PRODUCT_NAME,THENUMBER,DEPARTURE_DATE,ARRIVAL_DATE,TRANSPORTATION,THEME,CATEGORIZATION,ADULT_PRICE,CHILD_PRICE,BABY_PRICE,COSTPRICE,ITINERARY,HOTEL_TOUR,OPTIONAL_TOUR,SALES,NATION_CODE,CITY_CODE,MILEAGE_PERCENT) values ('FRMRS-01130700','[파리 깊게보기] 프랑스 일주 7박 9일',30,to_date('19/01/13','RR/MM/DD'),to_date('19/01/21','RR/MM/DD'),'대한항공','예술/문화/역사','인기상품',1999000,1980000,1800000,1900000,'프랑스가자','프랑스 유명 호텔     ','베르사유 ','Y','FR','MRS',null);
Insert into EDUC239.TA_PRODUCT (PRODUCT_CODE,PRODUCT_NAME,THENUMBER,DEPARTURE_DATE,ARRIVAL_DATE,TRANSPORTATION,THEME,CATEGORIZATION,ADULT_PRICE,CHILD_PRICE,BABY_PRICE,COSTPRICE,ITINERARY,HOTEL_TOUR,OPTIONAL_TOUR,SALES,NATION_CODE,CITY_CODE,MILEAGE_PERCENT) values ('AEDXB-01172350','남미&아프리카 그리고 두바이 20일-노 옵션',10,to_date('19/01/17','RR/MM/DD'),to_date('19/02/05','RR/MM/DD'),'에미레이트항공','체험','특가상품',12929900,12929900,12469900,13329000,'두바이-케이프타운','홀리데이 인 샌톤 호텔
HOLIDAY INN SANDTON-RIVONIA ROAD

HOLIDAY INN SANDTON-RIVONIA ROAD는(은) 노스 요하네스버그, 요하네스버그 (Bus station - N/A) 에 위치한 4성 급 호텔입니다. 이 호텔은(는) 2008년에 건축 되었습니다. 이 호텔은(는) 7 층 건물에 301 객실을 보유하고 있습니다. 이 호텔의 객실시설로는 텔레비전,에어컨디셔너,무선인터넷 사용 가능,미니 바 ,커피메이커,안전금고,헤어드라이어,다리미, 등이 있습니다. 이 호텔의 부대시설 및 서비스로는 바,레스토랑,연회장,선물용품점,비즈니스센터,수영장,실외수영장,골프시설,휘트니스 센터,투어데스크,컨시어지,장애인시설,룸서비스,세탁시설,엘리베이터,주차서비스,아기돌봄이,애완동물동반가능 등이 있습니다. ','MACUCO SAFARI ( 마꾸꼬 사파리 )

사파리 투어와 보트관광이 접목된 투어로 보트를 타고 폭포 아래를 지나 이과수 폭포의 물보라를 흠뻑 뒤집어 쓰게 됩니다. 폭포의 웅장함을 가장 가까이서 볼 수 있는 투어입니다.','Y','ZA','CPT',null);
Insert into EDUC239.TA_PRODUCT (PRODUCT_CODE,PRODUCT_NAME,THENUMBER,DEPARTURE_DATE,ARRIVAL_DATE,TRANSPORTATION,THEME,CATEGORIZATION,ADULT_PRICE,CHILD_PRICE,BABY_PRICE,COSTPRICE,ITINERARY,HOTEL_TOUR,OPTIONAL_TOUR,SALES,NATION_CODE,CITY_CODE,MILEAGE_PERCENT) values ('JPNGS-01151200','일본 도쿄 & 후지산 둘레길 하이킹',30,to_date('19/01/15','RR/MM/DD'),to_date('19/01/18','RR/MM/DD'),'에어서울','트래킹/스포츠','인기상품',1080600,1079600,1070600,1079600,'골프 3일 동안 어캐쳐','하우스텐보스 옆 호텔','골프 도구는 자기꺼 들고오기','Y','JP','NGS',null);
Insert into EDUC239.TA_PRODUCT (PRODUCT_CODE,PRODUCT_NAME,THENUMBER,DEPARTURE_DATE,ARRIVAL_DATE,TRANSPORTATION,THEME,CATEGORIZATION,ADULT_PRICE,CHILD_PRICE,BABY_PRICE,COSTPRICE,ITINERARY,HOTEL_TOUR,OPTIONAL_TOUR,SALES,NATION_CODE,CITY_CODE,MILEAGE_PERCENT) values ('AEDXB-01182355','아프리카 4개국+두바이 9일 ★폭포 헬기투어/전망대★',8,to_date('19/01/18','RR/MM/DD'),to_date('19/01/26','RR/MM/DD'),'에미레이트항공','이벤트','인기상품',12959900,12959900,1249900,12959900,'두바이-요하네스버그','MONDIOR HOTEL

4성급의 Peermont Mondior 호텔에서 우아함의 매력에 빠져보십시오. 세계급의 비즈니스설비와 컨퍼런스룸, 레저시설 등이 모두 다양하게 갖춰져 있습니다. 객실은 총 150여개로 모든 편의시설을 완벽히 갖추고 있습니다. O.R. Tambo International Airport와 매우 가깝게 위치하여 비즈니스를 목적으로 또는 여행,관광을 목적으로 모두 적합한 위치입니다.  ','버즈칼리파 124층 전망대

세계에서 가장 높은 빌딩, 버즈칼리파는 총 830M 163층 건물입니다. 전망대는 125층에 위치하고 있으며, 황무지였던 사막 ''두바이''의 경제 성장을 한 눈에 볼 수 있습니다. * 프라임 시간 [15:00~18:30] : USD90 / 이외 시간 : USD70 * 예약 가능 시간 : 현지사정에 따라 달라지실수 있습니다. * 여권 지참 필수입니다. * 티켓은 선착순 마감되므로 현장에서 가능한 시간대 확인 후, 예약이 가능합니다.','Y','ZA','CPT',null);
Insert into EDUC239.TA_PRODUCT (PRODUCT_CODE,PRODUCT_NAME,THENUMBER,DEPARTURE_DATE,ARRIVAL_DATE,TRANSPORTATION,THEME,CATEGORIZATION,ADULT_PRICE,CHILD_PRICE,BABY_PRICE,COSTPRICE,ITINERARY,HOTEL_TOUR,OPTIONAL_TOUR,SALES,NATION_CODE,CITY_CODE,MILEAGE_PERCENT) values ('AEDXB-03251245','두바이/아부다비 6일♠미슐랭/사막사파리/루브르박물관',18,to_date('19/03/25','RR/MM/DD'),to_date('19/03/30','RR/MM/DD'),'대한항공','예술/문화/역사','인기상품',3029900,2739150,290750,3029900,'두바이-아부다비','쉐라톤 두바이 크릭 호텔 앤드 타워스
SHERATON DUBAI CREEK HOTEL AND TOWERS

쉐라톤 두바이 크릭 호텔 앤드 타워스(SHERATON DUBAI CREEK HOTEL AND TOWERS)는 두바이의 크릭둑에 있는 고급스러운 호텔로 두바이 국제공항에서 5.6km, 샤르자 공항에서 30km 거리에 있습니다. 이 호텔에서는 두바이 국립 박물관, Gold Souk, Dubai Creek 골프 & 요트 클럽과 같은 주요 관광지들로 이동이 편리합니다. ','LA PERLE SHOW (라 펄 쇼)

라스베이거스를 뛰어넘는, 세계 그 어느 곳에서도 볼 수 없는 두바이만의 독특한 쇼를 만들겠다는 계획 하에 만들어진 LA PERLE SHOW는 AL HSBTOOL CITY의 심장부에 위치한 W호텔의 전용 무대에서 펼쳐지는 쇼입니다. 이탈리아의 거장 FRANCO DRAGONE이 지휘를 맡아 23개국에서 온 130명이 넘는 세계적인 수준의 예술, 기술 팀원들과 65명의 아티스트, 270만 리터의 물이 함께 공연하는 초대형 쇼입니다. 아티스트 각각의 장기가 압도적인 영상과 어우러지며, 공연의 재미를 더할 대형 장치들은 무대장치 과학의 진수를 볼 수 있게 해줍니다. **공연시간** 화요일 - 오후 7시 / 수~금 - 오후 7시, 9시 30분 토요일 - 오후 4시, 7시 / 일요일 - 오후 4시 ※ BRONZE 좌석을 기준으로 배정되며 이보다 상위의 등급인 SILVER / GOLD / VIP 좌석을 요청하실 경우, 추가 비용이 발생할 수 있습니다. ※ 현지 사정에 따라 공연 진행 / 좌석 업그레이드가 불가할 수 있습니다. ※ 월별 공연 일정이 상이하기 때문에 상기 내용과 다를 수 있습니다.','Y','ZA','CPT',null);
Insert into EDUC239.TA_PRODUCT (PRODUCT_CODE,PRODUCT_NAME,THENUMBER,DEPARTURE_DATE,ARRIVAL_DATE,TRANSPORTATION,THEME,CATEGORIZATION,ADULT_PRICE,CHILD_PRICE,BABY_PRICE,COSTPRICE,ITINERARY,HOTEL_TOUR,OPTIONAL_TOUR,SALES,NATION_CODE,CITY_CODE,MILEAGE_PERCENT) values ('KRCJU-12171435','생생 웰빙투어(일,월,화출발)/삼해인호텔',6,to_date('18/12/17','RR/MM/DD'),to_date('18/12/19','RR/MM/DD'),'LCC항공','체험',null,192600,175600,0,192600,'김포->제주-용담해안도로','삼해인(관광급)호텔 ','[쇼핑센터] 상황버섯 재배현장 제주농원 방문 후, 

♡서귀포 칠십리 해상,해저관광♡ (둘 중 하나만 선택가능하십니다.)','Y','KR','CJU',null);
Insert into EDUC239.TA_PRODUCT (PRODUCT_CODE,PRODUCT_NAME,THENUMBER,DEPARTURE_DATE,ARRIVAL_DATE,TRANSPORTATION,THEME,CATEGORIZATION,ADULT_PRICE,CHILD_PRICE,BABY_PRICE,COSTPRICE,ITINERARY,HOTEL_TOUR,OPTIONAL_TOUR,SALES,NATION_CODE,CITY_CODE,MILEAGE_PERCENT) values ('KRCJU-12191540','제주3일|[실속]생생 웰빙투어/세계자연유산',10,to_date('18/12/19','RR/MM/DD'),to_date('18/12/21','RR/MM/DD'),'대한항공','트래킹/스포츠',null,296600,260600,0,296600,'김포->제주-용담해안도로','제주시호텔','아이스뮤지엄!
힐링을 해보자. 무더위와 지루함을 얼려버릴 얼음 마음탐험! 차가운 얼음이 따스한 예술로 승화된 얼음조각상을 만나 볼 수 있는 곳이다.
승마체험
천혜의 자연조건속에 가을에는 갈대가 흔들리는 언덕을 오르내리며 말을 달리며, 가슴까지 시원해지는 곳이다.
멀리 바다가 아스라히 보이고, 드넓은 목초지가 눈앞에 펼쳐져 있는 모습은 생각만 해도  
가슴설레이는 정경이다.','Y','KR','CJU',null);
Insert into EDUC239.TA_PRODUCT (PRODUCT_CODE,PRODUCT_NAME,THENUMBER,DEPARTURE_DATE,ARRIVAL_DATE,TRANSPORTATION,THEME,CATEGORIZATION,ADULT_PRICE,CHILD_PRICE,BABY_PRICE,COSTPRICE,ITINERARY,HOTEL_TOUR,OPTIONAL_TOUR,SALES,NATION_CODE,CITY_CODE,MILEAGE_PERCENT) values ('KRCJU-12301515','제주3일|◐해맞이이벤트◑ 섬속의島 우도와 제주일주',8,to_date('18/12/30','RR/MM/DD'),to_date('19/01/01','RR/MM/DD'),'아시아나항공','음식','특가상품',510200,403200,0,510200,'김포->제주','제주시호텔','★2019년 새해 해맞이 일출감상(도두봉)★
아름다운 제주 대표적인 오름 도두봉에서 2019년 새해 해맞이 일출감상!!
한해의 시작을 잊지못할 일출을 바라보며 특별한 추억을 만드세요♥ ','Y','KR','CJU',null);
Insert into EDUC239.TA_PRODUCT (PRODUCT_CODE,PRODUCT_NAME,THENUMBER,DEPARTURE_DATE,ARRIVAL_DATE,TRANSPORTATION,THEME,CATEGORIZATION,ADULT_PRICE,CHILD_PRICE,BABY_PRICE,COSTPRICE,ITINERARY,HOTEL_TOUR,OPTIONAL_TOUR,SALES,NATION_CODE,CITY_CODE,MILEAGE_PERCENT) values ('KRCJU-01010900','제주1일|[ONE DAY 버스투어] 자연과 함께하는 오름투어',4,to_date('19/01/01','RR/MM/DD'),to_date('19/01/01','RR/MM/DD'),'버스','체험','특가상품',69000,69000,0,69000,'제주-용눈이오름 또는 다랑쉬오름',null,'족욕체험
여행의 피로를 풀어주는 족욕체험! 
여행의 고단함을 싹 날려보세요~','Y','KR','CJU',null);
Insert into EDUC239.TA_PRODUCT (PRODUCT_CODE,PRODUCT_NAME,THENUMBER,DEPARTURE_DATE,ARRIVAL_DATE,TRANSPORTATION,THEME,CATEGORIZATION,ADULT_PRICE,CHILD_PRICE,BABY_PRICE,COSTPRICE,ITINERARY,HOTEL_TOUR,OPTIONAL_TOUR,SALES,NATION_CODE,CITY_CODE,MILEAGE_PERCENT) values ('CNXIY-02231010','서안/화산 5일 온천리조트1박, 온천2회, 북봉왕복',20,to_date('19/02/23','RR/MM/DD'),to_date('19/02/27','RR/MM/DD'),'아시아나항공','체험','특가상품',889900,805890,150000,889900,'서안 투어','여행 일정 중 혹은 일정 후 호텔에서 온천이나 스파를 즐길 수 있는 상품입니다','온천','Y','CN','XIY',null);
Insert into EDUC239.TA_PRODUCT (PRODUCT_CODE,PRODUCT_NAME,THENUMBER,DEPARTURE_DATE,ARRIVAL_DATE,TRANSPORTATION,THEME,CATEGORIZATION,ADULT_PRICE,CHILD_PRICE,BABY_PRICE,COSTPRICE,ITINERARY,HOTEL_TOUR,OPTIONAL_TOUR,SALES,NATION_CODE,CITY_CODE,MILEAGE_PERCENT) values ('ESMAD-01101410','스페인 일주 7~9일',20,to_date('19/01/10','RR/MM/DD'),to_date('19/01/18','RR/MM/DD'),'대한항공','트래킹/스포츠',null,2899900,2809900,2509900,2899900,'라리가경기 직관','호텔 ','라리가경기','Y','FR','MRS',null);
Insert into EDUC239.TA_PRODUCT (PRODUCT_CODE,PRODUCT_NAME,THENUMBER,DEPARTURE_DATE,ARRIVAL_DATE,TRANSPORTATION,THEME,CATEGORIZATION,ADULT_PRICE,CHILD_PRICE,BABY_PRICE,COSTPRICE,ITINERARY,HOTEL_TOUR,OPTIONAL_TOUR,SALES,NATION_CODE,CITY_CODE,MILEAGE_PERCENT) values ('FRPAR-01081400','EPL직관 영국+프랑스 8일 [토트넘vs맨체스터 UTD',31,to_date('19/01/08','RR/MM/DD'),to_date('19/01/15','RR/MM/DD'),'대한항공','트래킹/스포츠',null,3859900,3670750,370870,3859900,'파리-베르사유-파리-런던','야구, 농구 등 프로스포츠 구단의 전지훈련지를 방문하거나 프로스포츠 경기를 관람하는 상품입니다','현지합류','Y','FR','PAR',null);
Insert into EDUC239.TA_PRODUCT (PRODUCT_CODE,PRODUCT_NAME,THENUMBER,DEPARTURE_DATE,ARRIVAL_DATE,TRANSPORTATION,THEME,CATEGORIZATION,ADULT_PRICE,CHILD_PRICE,BABY_PRICE,COSTPRICE,ITINERARY,HOTEL_TOUR,OPTIONAL_TOUR,SALES,NATION_CODE,CITY_CODE,MILEAGE_PERCENT) values ('RUVKO-01221305','러시아 예술기행 6일★마린스키 & 볼쇼이 공연관람',20,to_date('19/01/22','RR/MM/DD'),to_date('19/01/27','RR/MM/DD'),'대한항공','예술/문화/역사','특가상품',2119900,2012900,199000,2119900,'모스크바-상트페테르부르크','클래식, 콘서트, 오페라 등 유명 공연을 관람하거나 유명 음악가와 관련된 명소를 방문하는 등 음악 애호가를 위한 상품입니다. ','관람','Y','FR','MRS',null);
Insert into EDUC239.TA_PRODUCT (PRODUCT_CODE,PRODUCT_NAME,THENUMBER,DEPARTURE_DATE,ARRIVAL_DATE,TRANSPORTATION,THEME,CATEGORIZATION,ADULT_PRICE,CHILD_PRICE,BABY_PRICE,COSTPRICE,ITINERARY,HOTEL_TOUR,OPTIONAL_TOUR,SALES,NATION_CODE,CITY_CODE,MILEAGE_PERCENT) values ('ITROM-01221235',' 이태리 9일 친퀘테레,베니스,아씨시',28,to_date('19/01/22','RR/MM/DD'),to_date('19/01/30','RR/MM/DD'),null,'체험','추천상품',3548500,3378320,340350,3548500,'로마-오르비에토-아씨시-피렌체-베로나-베네치아-밀라노-친퀘테레-피렌체-로마-폼페이/나폴리/소렌토-로마','유네스코한국위원회 주관 교육을 이수한 인솔자가 유네스코유산 관광지를 안내하는 상품입니다. ','로마','Y','FR','MRS',null);
Insert into EDUC239.TA_PRODUCT (PRODUCT_CODE,PRODUCT_NAME,THENUMBER,DEPARTURE_DATE,ARRIVAL_DATE,TRANSPORTATION,THEME,CATEGORIZATION,ADULT_PRICE,CHILD_PRICE,BABY_PRICE,COSTPRICE,ITINERARY,HOTEL_TOUR,OPTIONAL_TOUR,SALES,NATION_CODE,CITY_CODE,MILEAGE_PERCENT) values ('GBLON-01211255','[테마in유럽:미식][준특급+노팁+3대특전]4국 10일 TGV1등석',20,to_date('19/01/21','RR/MM/DD'),to_date('19/01/30','RR/MM/DD'),'대한항공','음식','추천상품',5149900,4891700,499000,5149900,'런던-파리-인터라켄-밀라노-베니스-피렌체-로마-나폴리/폼페이/소렌토-로마','먹거리 필수템? 맛10 하나면 돼! 
지역에서 반드시 먹어봐야 할 먹거리 10가지를 모두 담은 상품입니다. ','음식','Y','FR','MRS',null);
Insert into EDUC239.TA_PRODUCT (PRODUCT_CODE,PRODUCT_NAME,THENUMBER,DEPARTURE_DATE,ARRIVAL_DATE,TRANSPORTATION,THEME,CATEGORIZATION,ADULT_PRICE,CHILD_PRICE,BABY_PRICE,COSTPRICE,ITINERARY,HOTEL_TOUR,OPTIONAL_TOUR,SALES,NATION_CODE,CITY_CODE,MILEAGE_PERCENT) values ('CNTAO-01232000','청도 미식기행 6일',20,to_date('19/01/23','RR/MM/DD'),to_date('19/01/28','RR/MM/DD'),'아시아나항공','음식','인기상품',599900,544890,100000,699900,'인천-청도(4)-인천','음식',null,'Y','CN','TAO',null);
Insert into EDUC239.TA_PRODUCT (PRODUCT_CODE,PRODUCT_NAME,THENUMBER,DEPARTURE_DATE,ARRIVAL_DATE,TRANSPORTATION,THEME,CATEGORIZATION,ADULT_PRICE,CHILD_PRICE,BABY_PRICE,COSTPRICE,ITINERARY,HOTEL_TOUR,OPTIONAL_TOUR,SALES,NATION_CODE,CITY_CODE,MILEAGE_PERCENT) values ('CNNKG-02051110','이봉주선수와 함께하는 마카오 마라톤 4일 축제 + 투어',20,to_date('19/02/05','RR/MM/DD'),to_date('19/02/08','RR/MM/DD'),'대한항공','x','추천상품',889900,805890,150000,889900,'마라톤 축제','호텔','마라톤 ','Y','CN','NKG',null);
Insert into EDUC239.TA_PRODUCT (PRODUCT_CODE,PRODUCT_NAME,THENUMBER,DEPARTURE_DATE,ARRIVAL_DATE,TRANSPORTATION,THEME,CATEGORIZATION,ADULT_PRICE,CHILD_PRICE,BABY_PRICE,COSTPRICE,ITINERARY,HOTEL_TOUR,OPTIONAL_TOUR,SALES,NATION_CODE,CITY_CODE,MILEAGE_PERCENT) values ('CNPEK-03031020','[북경 깊게보기]북경 7박 9일일',20,to_date('19/03/03','RR/MM/DD'),to_date('19/03/12','RR/MM/DD'),'아시아나항공','x','특가상품',2239200,2809900,2509900,2139200,'북경 관광','호텔','북경 요리 ','Y','CN','PEK',null);
Insert into EDUC239.TA_PRODUCT (PRODUCT_CODE,PRODUCT_NAME,THENUMBER,DEPARTURE_DATE,ARRIVAL_DATE,TRANSPORTATION,THEME,CATEGORIZATION,ADULT_PRICE,CHILD_PRICE,BABY_PRICE,COSTPRICE,ITINERARY,HOTEL_TOUR,OPTIONAL_TOUR,SALES,NATION_CODE,CITY_CODE,MILEAGE_PERCENT) values ('HKHKG-03230845',' 홍콩 3일◈얌차식/소호거리/빅토리아피크◈',20,to_date('19/03/23','RR/MM/DD'),to_date('19/03/25','RR/MM/DD'),' 캐세이패시픽','이벤트','특가상품',719900,652070,135660,719900,'빅토리아피크','호텔 ','자유일정','Y','CN','TAO',null);
Insert into EDUC239.TA_PRODUCT (PRODUCT_CODE,PRODUCT_NAME,THENUMBER,DEPARTURE_DATE,ARRIVAL_DATE,TRANSPORTATION,THEME,CATEGORIZATION,ADULT_PRICE,CHILD_PRICE,BABY_PRICE,COSTPRICE,ITINERARY,HOTEL_TOUR,OPTIONAL_TOUR,SALES,NATION_CODE,CITY_CODE,MILEAGE_PERCENT) values ('CNTAO-01162345','저녁출발 캐슬렉스 G.C 4일-ALL포함',8,to_date('19/01/16','RR/MM/DD'),to_date('19/01/19','RR/MM/DD'),'SHANDONG','골프','추천상품',757600,757600,200000,769000,'골프','호텔','골프','Y','CN','TAO',null);
Insert into EDUC239.TA_PRODUCT (PRODUCT_CODE,PRODUCT_NAME,THENUMBER,DEPARTURE_DATE,ARRIVAL_DATE,TRANSPORTATION,THEME,CATEGORIZATION,ADULT_PRICE,CHILD_PRICE,BABY_PRICE,COSTPRICE,ITINERARY,HOTEL_TOUR,OPTIONAL_TOUR,SALES,NATION_CODE,CITY_CODE,MILEAGE_PERCENT) values ('AUSYD-01191845','호주 시드니/뉴질랜드 남북섬 10일-와이토모 반딧불동굴',8,to_date('19/01/19','RR/MM/DD'),to_date('19/01/28','RR/MM/DD'),'대한항공','체험','추천상품',3859000,3302830,300000,3859000,'인천-기내(1)-시드니(2)-크라이스트처치-마운트쿡(1)-테아나우(1)-퀸스타운(1)-오클랜드-로토루아(2)-오클랜드(1)-인천','호텔',null,'Y','AU','SYD',null);
Insert into EDUC239.TA_PRODUCT (PRODUCT_CODE,PRODUCT_NAME,THENUMBER,DEPARTURE_DATE,ARRIVAL_DATE,TRANSPORTATION,THEME,CATEGORIZATION,ADULT_PRICE,CHILD_PRICE,BABY_PRICE,COSTPRICE,ITINERARY,HOTEL_TOUR,OPTIONAL_TOUR,SALES,NATION_CODE,CITY_CODE,MILEAGE_PERCENT) values ('AUSYD-01151845','시드니 일주 6일＃포트스티븐스+팜투어+제트보트',13,to_date('19/01/15','RR/MM/DD'),to_date('19/01/20','RR/MM/DD'),'대한항공','트래킹/스포츠','특가상품',2079000,1784390,200000,2079000,'시드니','팜투어, 제트보트','제트보트','Y','AU','SYD',null);
Insert into EDUC239.TA_PRODUCT (PRODUCT_CODE,PRODUCT_NAME,THENUMBER,DEPARTURE_DATE,ARRIVAL_DATE,TRANSPORTATION,THEME,CATEGORIZATION,ADULT_PRICE,CHILD_PRICE,BABY_PRICE,COSTPRICE,ITINERARY,HOTEL_TOUR,OPTIONAL_TOUR,SALES,NATION_CODE,CITY_CODE,MILEAGE_PERCENT) values ('USSPN-01262020','사이판 5일하얏트 오션뷰★매력만점 관광지+맛집탐방',18,to_date('19/01/26','RR/MM/DD'),to_date('19/01/30','RR/MM/DD'),'아시아나항공','음식','특가상품',1909000,1110200,200000,1909000,'인천/사이판/인천','호텔 ','맛집탐방','Y','AU','SYD',null);
Insert into EDUC239.TA_PRODUCT (PRODUCT_CODE,PRODUCT_NAME,THENUMBER,DEPARTURE_DATE,ARRIVAL_DATE,TRANSPORTATION,THEME,CATEGORIZATION,ADULT_PRICE,CHILD_PRICE,BABY_PRICE,COSTPRICE,ITINERARY,HOTEL_TOUR,OPTIONAL_TOUR,SALES,NATION_CODE,CITY_CODE,MILEAGE_PERCENT) values ('USGUM-01161935','괌 3박 5일 닛코 ★[조식+리티디안비치+WIFI]',2,to_date('19/01/16','RR/MM/DD'),to_date('19/01/20','RR/MM/DD'),'대한항공','허니문','인기상품',1209000,843400,150000,1209000,'[미팅 일자 12월 16일] [미팅 시간 오후 17:05] 
인천공항 제2여객터미널 3층 출국장 H카운터 옆 여행사 미팅장소 하나투어 테이블','호텔 닛코 괌(HOTEL NIKKO GUAM)은 마치 새가 날개짓을 하듯 우아하고 수려한 외관을 자랑합니다. 이 호텔은 총 460개의 오션프론트 객실을 보유하고 있으며, 객실에서 찬란한 에메랄드빛 투몬비치와 건비치의 바다 전망을 즐기실 수 있습니다. 안락하고 편안한 분위기의 넓은 객실너머로 최상의 바다 경관을 선보이고 있는 호텔 닛코 괌은 정기적인 레노베이션으로 언제나 청결함과 고급스러움을 보존하고 있어 세계인들의 사랑을 받고 있습니다. ','괌 드림크루즈, 괌 샌드캐슬 매직쇼','Y','AU','SYD',null);
Insert into EDUC239.TA_PRODUCT (PRODUCT_CODE,PRODUCT_NAME,THENUMBER,DEPARTURE_DATE,ARRIVAL_DATE,TRANSPORTATION,THEME,CATEGORIZATION,ADULT_PRICE,CHILD_PRICE,BABY_PRICE,COSTPRICE,ITINERARY,HOTEL_TOUR,OPTIONAL_TOUR,SALES,NATION_CODE,CITY_CODE,MILEAGE_PERCENT) values ('AUSYD-12241845','호주품격항공일주┃시드니/멜버른/골드코스트 9일',4,to_date('18/12/24','RR/MM/DD'),to_date('19/01/01','RR/MM/DD'),'대한항공','이벤트','특가상품',3659000,3113050,300000,3659000,'미팅 일자 12월 24일] [미팅 시간 오후 15:45] 
인천공항 제2여객터미널 3층 출국장 H카운터 옆 여행사 미팅장소 하나투어 테이블','젠 호텔
HOTEL JEN BRISBANE (EX. TRADERS HOTEL)

이 호텔은 브리즈번에 위치한 호텔로 브리즈번 시청, 로마 스트리트 파크랜드 등이 도보 이동 가능한 거리에 있습니다. 이 호텔은 레스토랑, 카페, 바/ 라운지, 회의실, 비즈니스센터, 엘리베이터 등의 부대시설을 갖추고 있으며, 각 객실에는 텔레비전, 전화, 티/ 커피 메이커, 다리미/ 다리미 판 등의 편의시설이 마련되어 있습니다.','그레이트 오션로드 헬기 투어

그레이트 오션로드를 하늘에서 내려다 보는 특별한 체험
상공 300미터에서 평생 잊지 못할 광경을 선물합니다. 
자유로운 사진촬영으로 엽서사진을 만들어보세요.
- 미참여시 추가적인 비용이나 일정상 불이익 없음','Y','AU','SYD',null);
Insert into EDUC239.TA_PRODUCT (PRODUCT_CODE,PRODUCT_NAME,THENUMBER,DEPARTURE_DATE,ARRIVAL_DATE,TRANSPORTATION,THEME,CATEGORIZATION,ADULT_PRICE,CHILD_PRICE,BABY_PRICE,COSTPRICE,ITINERARY,HOTEL_TOUR,OPTIONAL_TOUR,SALES,NATION_CODE,CITY_CODE,MILEAGE_PERCENT) values ('AUCNS-12261935','[KE연합]시드니/케언즈/브리즈번 9일',8,to_date('18/12/26','RR/MM/DD'),to_date('19/01/03','RR/MM/DD'),null,'체험','추천상품',4012400,4012400,300000,4012400,'[미팅 일자 12월 26일] [미팅 시간 오후 16:35] 
인천공항 제2여객터미널 3층 출국장 H카운터 옆 여행사 미팅장소 하나투어 테이블','노보텔 시드니 파라마타
NOVOTEL SYDNEY PARRAMATTA

- NOVOTEL SYDNEY PARRAMATTA 는 12층 194 객실을 갖추고 있는 4성급 호텔입니다. 이 호텔의 부대시설로는 레스토랑, 수영장, 바/라운지 및 컨퍼런스 센터 등이 갖추어져 있습니다. 이 호텔의 객실시설로는 TV, 초고속 유선 인터넷(요금 별도), 에어컨 및 미니바 등이 마련되어 있습니다','골드코스트 헬기투어[연합]

한 폭의 그림처럼 57KM 펼쳐진 골드코스트 해변과 거미줄처럼 연결되어진 도시안의 수로를 푸른 창공에서 보는 환상적인 골드코스트 헬기투어 일정 최소 2명 이상 시 진행 가능 (성인기준)','Y','AU','CNS',null);
Insert into EDUC239.TA_PRODUCT (PRODUCT_CODE,PRODUCT_NAME,THENUMBER,DEPARTURE_DATE,ARRIVAL_DATE,TRANSPORTATION,THEME,CATEGORIZATION,ADULT_PRICE,CHILD_PRICE,BABY_PRICE,COSTPRICE,ITINERARY,HOTEL_TOUR,OPTIONAL_TOUR,SALES,NATION_CODE,CITY_CODE,MILEAGE_PERCENT) values ('JPOS-01011200','[3일 단독특가] 오사카/교토 2박 3일',30,to_date('19/01/01','RR/MM/DD'),to_date('19/01/03','RR/MM/DD'),'제주항공','허니문','특가상품',500000,300000,100000,400000,'오사카','료칸','음식','Y','JP','OSA',null);
Insert into EDUC239.TA_PRODUCT (PRODUCT_CODE,PRODUCT_NAME,THENUMBER,DEPARTURE_DATE,ARRIVAL_DATE,TRANSPORTATION,THEME,CATEGORIZATION,ADULT_PRICE,CHILD_PRICE,BABY_PRICE,COSTPRICE,ITINERARY,HOTEL_TOUR,OPTIONAL_TOUR,SALES,NATION_CODE,CITY_CODE,MILEAGE_PERCENT) values ('IDDAD-01220900','다낭*호이안*후에 4박5일 ★특급 5성호텔★',20,to_date('19/01/22','RR/MM/DD'),to_date('19/01/26','RR/MM/DD'),'진에어',null,'특가상품',749900,674900,150000,694900,'조식 (호텔식), 오전 리조트 부대시설 이용 및 자유시간, 중식 (현지식)','예정 베트남(호이안) 호텔 로얄 호이안 엠갤러리 바이 소피텔 HOTEL ROYAL HOI AN MGALLERY BY SOFITEL','바나산 테마파크

기네스북에 등재된 케이블카를 타고 울창한 밀림과 산을 만끽할 수 있습니다. 바나산 관광은 약 2~3시간 소요됩니다. (해발 1500M 놀이동산 입장료 포함)','Y','ID','DAD',null);
Insert into EDUC239.TA_PRODUCT (PRODUCT_CODE,PRODUCT_NAME,THENUMBER,DEPARTURE_DATE,ARRIVAL_DATE,TRANSPORTATION,THEME,CATEGORIZATION,ADULT_PRICE,CHILD_PRICE,BABY_PRICE,COSTPRICE,ITINERARY,HOTEL_TOUR,OPTIONAL_TOUR,SALES,NATION_CODE,CITY_CODE,MILEAGE_PERCENT) values ('IDDAD-01051900','[자유허니문]다낭 5/6일_둘만의 완벽한 자유일정 가능!',2,to_date('19/01/05','RR/MM/DD'),to_date('19/03/10','RR/MM/DD'),'아시아나항공','허니문','추천상품',1610200,1410200,1310200,1510200,'자유여행','호텔','자유','Y','ID','DAD',null);
Insert into EDUC239.TA_PRODUCT (PRODUCT_CODE,PRODUCT_NAME,THENUMBER,DEPARTURE_DATE,ARRIVAL_DATE,TRANSPORTATION,THEME,CATEGORIZATION,ADULT_PRICE,CHILD_PRICE,BABY_PRICE,COSTPRICE,ITINERARY,HOTEL_TOUR,OPTIONAL_TOUR,SALES,NATION_CODE,CITY_CODE,MILEAGE_PERCENT) values ('KRICN-12271330','[섬여행] 서해끝단 지킴이 대청도와 백령도 2박3일',30,to_date('18/12/27','RR/MM/DD'),to_date('18/12/30','RR/MM/DD'),'유람선',null,'추천상품',265000,210000,110000,220000,'민박식장급여관','민박식장급여관','두무진유람선','Y','KR','ICN',null);
Insert into EDUC239.TA_PRODUCT (PRODUCT_CODE,PRODUCT_NAME,THENUMBER,DEPARTURE_DATE,ARRIVAL_DATE,TRANSPORTATION,THEME,CATEGORIZATION,ADULT_PRICE,CHILD_PRICE,BABY_PRICE,COSTPRICE,ITINERARY,HOTEL_TOUR,OPTIONAL_TOUR,SALES,NATION_CODE,CITY_CODE,MILEAGE_PERCENT) values ('IDDAD-01270900','다낭 3박4일 ★특급 5성호텔★',20,to_date('19/01/27','RR/MM/DD'),to_date('19/01/30','RR/MM/DD'),'진에어',null,'추천상품',749900,674900,150000,694900,'조식 (호텔식), 오전 리조트 부대시설 이용 및 자유시간, 중식 (현지식)','예정 베트남(호이안) 호텔 로얄 호이안 엠갤러리 바이 소피텔 HOTEL ROYAL HOI AN MGALLERY BY SOFITEL','바나산 테마파크

기네스북에 등재된 케이블카를 타고 울창한 밀림과 산을 만끽할 수 있습니다. 바나산 관광은 약 2~3시간 소요됩니다. (해발 1500M 놀이동산 입장료 포함)','Y','ID','DAD',null);
Insert into EDUC239.TA_PRODUCT (PRODUCT_CODE,PRODUCT_NAME,THENUMBER,DEPARTURE_DATE,ARRIVAL_DATE,TRANSPORTATION,THEME,CATEGORIZATION,ADULT_PRICE,CHILD_PRICE,BABY_PRICE,COSTPRICE,ITINERARY,HOTEL_TOUR,OPTIONAL_TOUR,SALES,NATION_CODE,CITY_CODE,MILEAGE_PERCENT) values ('JPNGS-01181200','일본 도쿄 투어',30,to_date('19/01/18','RR/MM/DD'),to_date('19/01/21','RR/MM/DD'),'에어부산','예술/문화/역사','인기상품',1080600,1079600,1070600,1079600,'도쿄 좋아~!','게스트하우스에서 잘까?','맛집은 소개해드려요','Y','JP','NGS',null);
Insert into EDUC239.TA_PRODUCT (PRODUCT_CODE,PRODUCT_NAME,THENUMBER,DEPARTURE_DATE,ARRIVAL_DATE,TRANSPORTATION,THEME,CATEGORIZATION,ADULT_PRICE,CHILD_PRICE,BABY_PRICE,COSTPRICE,ITINERARY,HOTEL_TOUR,OPTIONAL_TOUR,SALES,NATION_CODE,CITY_CODE,MILEAGE_PERCENT) values ('JPOSA-01111200','오사카 4일○도톤보리夜 산책',10,null,null,'아시아나항공','체험','추천상품',880300,796130,84170,880300,'인천-오사카',' 이비스 스타일스 오사카
IBIS STYLES OSAKA HOTEL

2016년 1월에 오픈한 이비스 스타일스 오사카(IBIS STYLES OSAKA HOTEL)는 도톰보리, 신사이바시, 난바, 요츠바시 등을 즐길 수 있는 최상의 위치로 비즈니스급 가격으로 숙박할 수 있는 호텔입니다. 옆에 24시간 편의점(세븐 일레븐)이 있어 편리하며 호텔에서 차량으로 15분 이내 거리에 오사카 성, 오사카 과학박물관 등이 있습니다. 모든 객실에는 냉장고, 고급 침구, WiFi 등이 제공됩니다.','없음','Y','JP','OSA',null);
Insert into EDUC239.TA_PRODUCT (PRODUCT_CODE,PRODUCT_NAME,THENUMBER,DEPARTURE_DATE,ARRIVAL_DATE,TRANSPORTATION,THEME,CATEGORIZATION,ADULT_PRICE,CHILD_PRICE,BABY_PRICE,COSTPRICE,ITINERARY,HOTEL_TOUR,OPTIONAL_TOUR,SALES,NATION_CODE,CITY_CODE,MILEAGE_PERCENT) values ('JPOSA-01011200',' 오사카/규슈 4일 [미인온천 우레시노 숙박♨]',10,null,null,'에어서울','체험','추천상품',939900,848630,91270,939900,'인천-오사카',' 우레시노칸
[ONSEN HOTEL] URESHINOKAN

우레시노 온천으로 유명한 마을입구에 조용하고 일본풍의 아기자기한 모습으로 자리하고 있는 료칸이다. 일본 온천료칸의 묘미를 느낄 수 있다.','없음','Y','JP','OSA',null);
Insert into EDUC239.TA_PRODUCT (PRODUCT_CODE,PRODUCT_NAME,THENUMBER,DEPARTURE_DATE,ARRIVAL_DATE,TRANSPORTATION,THEME,CATEGORIZATION,ADULT_PRICE,CHILD_PRICE,BABY_PRICE,COSTPRICE,ITINERARY,HOTEL_TOUR,OPTIONAL_TOUR,SALES,NATION_CODE,CITY_CODE,MILEAGE_PERCENT) values ('PHCRK-01012225','클락 골프│온라인 박람회 전용상품',20,to_date('19/01/01','RR/MM/DD'),to_date('19/01/05','RR/MM/DD'),'제주항공','골프',null,504000,484000,474000,494000,'필리핀','호텔 ','골프체는 본인 것을 사용','Y','ID','DAD',null);
Insert into EDUC239.TA_PRODUCT (PRODUCT_CODE,PRODUCT_NAME,THENUMBER,DEPARTURE_DATE,ARRIVAL_DATE,TRANSPORTATION,THEME,CATEGORIZATION,ADULT_PRICE,CHILD_PRICE,BABY_PRICE,COSTPRICE,ITINERARY,HOTEL_TOUR,OPTIONAL_TOUR,SALES,NATION_CODE,CITY_CODE,MILEAGE_PERCENT) values ('SGSIN-02181420','[드림크루즈] 싱가포르/말레이시아/인도네시아 크루즈',20,to_date('19/02/18','RR/MM/DD'),to_date('19/02/22','RR/MM/DD'),'대한항공','크루즈','인기상품',2239200,2039200,1939200,2139200,'싱가포르/말레이시아/인도네시아','크루즈 ','수영장','Y','ID','DAD',null);
Insert into EDUC239.TA_PRODUCT (PRODUCT_CODE,PRODUCT_NAME,THENUMBER,DEPARTURE_DATE,ARRIVAL_DATE,TRANSPORTATION,THEME,CATEGORIZATION,ADULT_PRICE,CHILD_PRICE,BABY_PRICE,COSTPRICE,ITINERARY,HOTEL_TOUR,OPTIONAL_TOUR,SALES,NATION_CODE,CITY_CODE,MILEAGE_PERCENT) values ('SGSIN-04101445','[다이나믹팩] 싱가포르 요트 전시회 / 3박 5일 / #공항픽업+샌딩 #1일관광',4,to_date('19/04/10','RR/MM/DD'),to_date('19/04/14','RR/MM/DD'),'대한항공','예술/문화/역사','인기상품',1510000,1510000,302000,1510000,'싱가포르 요트 전시회','전시회 근처 호텔 ','전시회','Y','ID','DAD',null);
Insert into EDUC239.TA_PRODUCT (PRODUCT_CODE,PRODUCT_NAME,THENUMBER,DEPARTURE_DATE,ARRIVAL_DATE,TRANSPORTATION,THEME,CATEGORIZATION,ADULT_PRICE,CHILD_PRICE,BABY_PRICE,COSTPRICE,ITINERARY,HOTEL_TOUR,OPTIONAL_TOUR,SALES,NATION_CODE,CITY_CODE,MILEAGE_PERCENT) values ('USHNL-01222020','하와이 특급 하얏트리젠시 6일- 빅아일랜드 일일관광 포함',2,to_date('19/01/22','RR/MM/DD'),to_date('19/01/27','RR/MM/DD'),'아시아나항공','허니문','특가상품',3249900,2780770,625500,3249900,'[미팅 일자 12월 22일] [미팅 시간 17:20] 
인천공항 제1여객터미널 3층 출국장 중앙 8번 출입구 앞 하나투어 6번~10번 미팅테이블','하얏트 리젠시 와이키키 비치 리조트 앤 스파
HYATT REGENCY WAIKIKI BEACH RESORT AND SPA

하얏트 리젠시 와이키키 비치 리조트 앤드 스파(HYATT REGENCY WAIKIKI BEACH RESORT AND SPA)는 와이키키 해변의 전경이 한눈에 내려다보이는 오션 프론트 리조트 호텔입니다. 높이 40층의 트윈타워(에바 타워/다이아몬드 타워)로 이루어져 있으며, 18개의 스위트룸, 고급 리전시 클럽, 레후아 플로어을 포함해 약 1230개의 바다와 산의 경치와 아름다운 호놀룰루가 보이는 객실을 보유하고 있습니다. 와이키키에서 힐튼, 쉐라톤과 같이 최고급으로 인정되는 최고급 호텔 중 하나로, 특히 와이키키 해변에 근접하며 고층건물이기 때문에 호텔의 Ocean View 객실에서는 와이키키 해변을 가장 멀리까지 관망할 수 있는 멋진 뷰를 자랑합니다. 부대시설로는 전문적인 시설을 보유하고 있는 스파, 하얏트가 직영하는 다양한 레스토랑, 고급 브랜드의 부티크, 수영장이 있으며, 와이키키 중심지에 위치해 있어 주변의 레스토랑, 쇼핑가와 인접해 편리하며, 번화한 와이키키 밤거리를 산책하는 즐거움이 있으며, 접근성이 뛰어나 중심지와 관광지를 왕래하기 좋은 곳에 위치해 있습니다. 또한 대한항공에서 경영하는 와이키키 리조트 호텔이 근접한 거리에 있어 여행 중 한식을 찾는 여행객들에게 편리함을 제공합니다. 호텔 내에는 60여 개의 부티크가 갖추어져 있어 쇼핑의 즐거움을 선사하며, 호텔 1층에는 Greatfall이라 불리는 공원과 시원한 인공 폭포가 배치 되어 있습니다.
','''천국의 바다'' 하와이 해양 스포츠 5종 패키지

하와이의 몰디브라 불리우는 ''천국의 바다'' 카네오헤 베이 바다 위에서 씨워커, 바나나 보트, 스노클링, 수중 배구, 스피드보트 등의 다양한 해양 스포츠 종목을 즐기실 수 있습니다. 선상에서 10~15분마다 돌아가며 해양 스포츠 종목을 즐기신 뒤 자유시간에 휴식 및 선텐도 할 수 있어 아동동반 가족 여행뿐만 아니라 허니무너에게도 인기 있는 하와이 대표 해양 스포츠 상품입니다. # 포함사항: 와이키키에 위치한 호텔에서의 왕복 픽업(카할라, 포시즌스 등 와이키키 이외의 지역에 위치한 호텔에 숙박하시는 분들은 개별 문의 바랍니다.), 도너츠, 커피, 음료 제공 ※ 씨워커의 경우 만 12세 이상만 참여 가능합니다. ※ 임산부의 투어 참여가 불가능하며 날씨 및 현지 사정에 의해 취소될 수 있습니다. ※ 일요일 및 연방 공유일은 휴무입니다. ※ 소요시간은 왕복 이동시간을 포함하며 해양스포츠 진행시간은 2시간 내외입니다.

','Y','US','HNL',null);
Insert into EDUC239.TA_PRODUCT (PRODUCT_CODE,PRODUCT_NAME,THENUMBER,DEPARTURE_DATE,ARRIVAL_DATE,TRANSPORTATION,THEME,CATEGORIZATION,ADULT_PRICE,CHILD_PRICE,BABY_PRICE,COSTPRICE,ITINERARY,HOTEL_TOUR,OPTIONAL_TOUR,SALES,NATION_CODE,CITY_CODE,MILEAGE_PERCENT) values ('JPOS-01150900','[단독특가] 오사카/교토 3박 4일',20,to_date('19/01/15','RR/MM/DD'),to_date('19/01/18','RR/MM/DD'),'아시아나','음식','인기상품',570000,350000,120000,460000,'오사카','오사카 유명 료칸','유니버셜 ','Y','JP','OSA',null);
Insert into EDUC239.TA_PRODUCT (PRODUCT_CODE,PRODUCT_NAME,THENUMBER,DEPARTURE_DATE,ARRIVAL_DATE,TRANSPORTATION,THEME,CATEGORIZATION,ADULT_PRICE,CHILD_PRICE,BABY_PRICE,COSTPRICE,ITINERARY,HOTEL_TOUR,OPTIONAL_TOUR,SALES,NATION_CODE,CITY_CODE,MILEAGE_PERCENT) values ('JPOS-01151200','[마감임박] 오사카/교토 3박 4일',30,to_date('19/01/15','RR/MM/DD'),to_date('19/01/18','RR/MM/DD'),'아시아나',null,'특가상품',570000,350000,120000,460000,'오사카','오사카 유명 료칸','유니버셜 ','Y','JP','OSA',null);
Insert into EDUC239.TA_PRODUCT (PRODUCT_CODE,PRODUCT_NAME,THENUMBER,DEPARTURE_DATE,ARRIVAL_DATE,TRANSPORTATION,THEME,CATEGORIZATION,ADULT_PRICE,CHILD_PRICE,BABY_PRICE,COSTPRICE,ITINERARY,HOTEL_TOUR,OPTIONAL_TOUR,SALES,NATION_CODE,CITY_CODE,MILEAGE_PERCENT) values ('CAYVR-01281635','캐나다 항공일주 10일-퀘벡숙박,나이아가라폭포뷰,로키곤돌라,아웃렛',10,to_date('19/01/28','RR/MM/DD'),to_date('19/02/06','RR/MM/DD'),'에어캐나다','체험','특가상품',2889900,2454050,537100,2889900,'[미팅 일자 01월 28일] [미팅 시간 오후 13:05] 
인천공항 제1여객터미널 3층 출국장 G와F 카운터사이 중앙엘리베이터 옆 하나투어 1번~5번 테이블 앞','호텔 르 콩코르드 퀘벡
HOTEL LE CONCORDE QUEBEC

호텔 르 콩코르드 퀘벡(HOTEL LE CONCORDE QUEBEC)은 세인트 로렌스 강의 모습이 바라다보이는 Grande-Allee에 있습니다. 이 호텔은 22개의 스위트룸과 2개의 펜트하우스를 포함해 총 404개의 객실을 보유하고 있으며, 모든 객실들은 집에서 머무는 듯한 편안함을 느낄 수 있도록 꾸며져 있습니다. 퀘백에서 가장 높은 곳에 자리 잡고 있는 이 호텔의 최상층에 있는 레스토랑에서는, 퀘백시티의 전경을 360도로 감상하며 멋진 식사를 즐길 수 있습니다. ','나이아가라 헬기투어

세계 3대 폭포 중 하나이자, 유네스코 자연유산으로 지정된 나이아가라 폭포에서 헬기를 타고 멋진 전망을 즐길 수 있습니다. (전체 소요 시간 약 1시간, 실제 탑승 시간 10~15분 내외) - 헬기는 6인승 기준으로 좌석 지정이 불가하며, 좌석에 따라 보이는 전망이 조금씩 다를 수 있습니다. - 현지 기상 등의 문제로 선택관광 진행이 어려울 수도 있습니다. - 선택관광 비용에는 가이드/기사 서비스 비용 및 차량 제공 비용도 포함되어있습니다.','Y','US','LAS',null);
Insert into EDUC239.TA_PRODUCT (PRODUCT_CODE,PRODUCT_NAME,THENUMBER,DEPARTURE_DATE,ARRIVAL_DATE,TRANSPORTATION,THEME,CATEGORIZATION,ADULT_PRICE,CHILD_PRICE,BABY_PRICE,COSTPRICE,ITINERARY,HOTEL_TOUR,OPTIONAL_TOUR,SALES,NATION_CODE,CITY_CODE,MILEAGE_PERCENT) values ('ITROM-04101220','[로마] 4박 6일',2,to_date('19/04/10','RR/MM/DD'),to_date('19/04/17','RR/MM/DD'),'대한항공','허니문','추천상품',1689000,1489000,1389000,1589000,'로마에 가자','호텔','콜로세움','Y','IT','ROM',null);
Insert into EDUC239.TA_PRODUCT (PRODUCT_CODE,PRODUCT_NAME,THENUMBER,DEPARTURE_DATE,ARRIVAL_DATE,TRANSPORTATION,THEME,CATEGORIZATION,ADULT_PRICE,CHILD_PRICE,BABY_PRICE,COSTPRICE,ITINERARY,HOTEL_TOUR,OPTIONAL_TOUR,SALES,NATION_CODE,CITY_CODE,MILEAGE_PERCENT) values ('USLAS-01231020','미서부 대자연 캠핑카 여행 6일- 그랜드서클',6,to_date('19/01/23','RR/MM/DD'),to_date('19/01/28','RR/MM/DD'),'아시아나항공','트래킹/스포츠','특가상품',1850000,1850000,150000,1850000,'라스베가스-라스베가스 캠핑장으로 이동','라스베가스

뉴멕시코의 풍부한 역사를 안고 있는 도시, 라스베가스

라스베가스는 뉴멕시코의 주도인 산타페(Santa Fe)의 북쪽으로 약1시간 거리에 위치한 소도시로 풍부한 역사, 건축, 예술, 자연환경, 문화 등을 소유하고 있는 곳이다. 특히 918개에 이르는 건물들이 미국 국가사적지로 등록되어 있을 정도로 짙은 문화의 향기를 뿌리고 있다.','KA 쇼

불, 인간의 영혼이라는 뜻의 KA쇼는 인도, 이집트, 중국, 일본, 한국 등의 아시아 전통 의상을 입은 캐릭터들이 전쟁으로 흩어진 쌍둥이 남매의 모험에서 재회까지의 내용을 그리는 쇼입니다. 태양의 서커스 3대 쇼 중 하나로 손꼽히는 이 쇼는 스펙터클하고도 다채로운 쇼의 진수를 보여줍니다. (※휴관일 : 매주 목,금)','Y','US','LAS',null);
Insert into EDUC239.TA_PRODUCT (PRODUCT_CODE,PRODUCT_NAME,THENUMBER,DEPARTURE_DATE,ARRIVAL_DATE,TRANSPORTATION,THEME,CATEGORIZATION,ADULT_PRICE,CHILD_PRICE,BABY_PRICE,COSTPRICE,ITINERARY,HOTEL_TOUR,OPTIONAL_TOUR,SALES,NATION_CODE,CITY_CODE,MILEAGE_PERCENT) values ('AEAUH-12260015','★사막에 핀 문명●두바이/아부다비+이집트일주 10일',26,to_date('18/12/26','RR/MM/DD'),to_date('19/01/04','RR/MM/DD'),'에티하드 항공','예술/문화/역사','인기상품',2390000,2390000,199000,2390000,'아부다비-두바이-카이로','DESERT ROSE RESORT

후르가다 Sahl Hasheesh에 있는 데저트 로즈 리조트는 즐거움과 편안함을 즐길 수 있는 이상적인 곳입니다. 활기로 가득 찬 도심이 단 16 km 거리에 있어서, Senzo Mall 등과 같은 도시 최고의 명소 관광을 즐길 수 있습니다. 또한 호텔 내에 다양한 시설이 있어 후르가다에서의 여행 시간을 풍요롭게 즐길 수 있습니다. 워터파크, 윈드서핑, 온수 욕조, 전용 비치, 수영장, 피트니스센터 등을 즐기며 편하고 완벽한 휴식을 즐길 수 있습니다. ','모노레일

쥬메이라 GATEWAY STN에서 모노레일을 타고 팜아일랜드를 지나 1조 7천억원이 투입된 잃어버린 전설의 도시 아틀란티스 호텔 STATION에 도착합니다. 선택관광을 하시는 분은 가이드가 매표소에서 매표해드리고 탑승장까지 안내해드립니다. (아틀란티스 호텔 STATION에 정차하면 가이드가 픽업합니다.) * 위 선택관광 요금은 1인 기준입니다.','Y','ZA','CPT',null);
Insert into EDUC239.TA_PRODUCT (PRODUCT_CODE,PRODUCT_NAME,THENUMBER,DEPARTURE_DATE,ARRIVAL_DATE,TRANSPORTATION,THEME,CATEGORIZATION,ADULT_PRICE,CHILD_PRICE,BABY_PRICE,COSTPRICE,ITINERARY,HOTEL_TOUR,OPTIONAL_TOUR,SALES,NATION_CODE,CITY_CODE,MILEAGE_PERCENT) values ('USHNL-01062035','[NCL] 하와이 4개 섬 일주 크루즈 9일',2,to_date('19/01/06','RR/MM/DD'),to_date('19/01/13','RR/MM/DD'),'대한항공','크루즈','특가상품',4536400,3658400,2634000,4536400,'호놀루루-마우이섬-힐로','프라이드 오브 아메리카
PRIDE OF AMERICA

환상과 모험으로 가득 찬 하와이로 크루즈와 함께하는 여행, 볼케이노 화산, 캐년탐험, 
끝없이 펼쳐진 해변을 체험하시고 동시에 크루즈의 매력에 푹 빠져보세요','[마우이 기항지 관광 - NCL 선사 프로그램 / 영어 가이드]☞ 할레아칼라 크레이터 (Haleakala Crater)','Y','US','HNL',null);
Insert into EDUC239.TA_PRODUCT (PRODUCT_CODE,PRODUCT_NAME,THENUMBER,DEPARTURE_DATE,ARRIVAL_DATE,TRANSPORTATION,THEME,CATEGORIZATION,ADULT_PRICE,CHILD_PRICE,BABY_PRICE,COSTPRICE,ITINERARY,HOTEL_TOUR,OPTIONAL_TOUR,SALES,NATION_CODE,CITY_CODE,MILEAGE_PERCENT) values ('AEDXB-02211245','두바이/아부다비 5일♠미슐랭/사막사파리/에티하드전망대',11,to_date('19/02/21','RR/MM/DD'),to_date('19/02/25','RR/MM/DD'),'대한항공','음식','추천상품',2429900,2199150,230750,2429900,'두바이-아부다비','하얏트 리젠시 두바이 크릭 헤이츠
HYATT REGENCY DUBAI CREEK HEIGHTS

하얏트 리젠시 두바이 크릭 헤이츠(HYATT REGENCY DUBAI CREEK HEIGHTS) 호텔은 2015년 개관한 럭셔리 5성급 호텔로서 두바이 국제공항과 시내로 가는 접근성이 좋으며, 다양하고 최신식의 야외수영장, 피트니스 룸, 키즈클럽, 카페, 기프트샵, 풀사이드 바, 사우나, 터키쉬 목욕탕, 미용실, 스파룸 등의 부대시설과 컨시어지 서비스, 수하물 보관, 세탁 등의 서비스를 투숙객들에게 제공합니다. 이 호텔의 객실 내부에는 미니바, 에어컨, 커피 메이커, 샤워기, 욕조, 세면도구. 침실 슬리퍼, 다리미, iPod 도킹 스테이션, 필로우탑 매트리스 등이 마련되어 있습니다. ','모노레일

쥬메이라 GATEWAY STN에서 모노레일을 타고 팜아일랜드를 지나 1조 7천억원이 투입된 잃어버린 전설의 도시 아틀란티스 호텔 STATION에 도착합니다. 선택관광을 하시는 분은 가이드가 매표소에서 매표해드리고 탑승장까지 안내해드립니다. (아틀란티스 호텔 STATION에 정차하면 가이드가 픽업합니다.) * 위 선택관광 요금은 1인 기준입니다.','Y','ZA','CPT',null);
Insert into EDUC239.TA_PRODUCT (PRODUCT_CODE,PRODUCT_NAME,THENUMBER,DEPARTURE_DATE,ARRIVAL_DATE,TRANSPORTATION,THEME,CATEGORIZATION,ADULT_PRICE,CHILD_PRICE,BABY_PRICE,COSTPRICE,ITINERARY,HOTEL_TOUR,OPTIONAL_TOUR,SALES,NATION_CODE,CITY_CODE,MILEAGE_PERCENT) values ('USHNL-01012035','하와이 카폴레이/와이켈레 /코올리나 6일- 와이키키비치메리엇',2,to_date('19/01/01','RR/MM/DD'),to_date('19/01/06','RR/MM/DD'),'대한항공','골프',null,4012400,3812400,2812400,4012400,'[미팅 일자 01월 01일] [미팅 시간 오후 18:05] 
인천공항 제2여객터미널 3층 출국장 H카운터 옆 여행사 미팅장소 하나투어 테이블','와이키키 비치 메리어트 리조트 앤드 스파
WAIKIKI BEACH MARRIOTT RESORT AND SPA

하와이 100년 전의 마지막 왕인 릴리우오칼라니의 여름 별장이 위치했던 자리에 있는 와이키키 비치 매리어트 리조트(WAIKIKI BEACH MARRIOTT RESORT & SPA)는 2002년에 6,000만 불을 투자한 레노베이션을 완료하여 매리어트 체인의 명성에 걸맞은 와이키키에서 가장 대중적인 리조트 호텔로 재탄생되었습니다. 와이키키 해변 동쪽의 칼라카우아 도로변에 위치하고 도로를 건너면 바로 와이키키 해변에 다다를 수 있으며 총 1,310개의 객실에서 다채로운 뷰를 제공합니다. 인근에는 인터내셔널 마켓플레이스 등 와이키키에서 가장 번화한 식당가와 쇼핑가가 있으며 반대편으로는 호놀룰루 동물원, 와이키키 수족관, 카피올라니 공원 등 또한 가깝게 위치하고 있습니다.','글라이드 투어

MBC ''무한도전''의 유재석, 박명수 등 멤버들이 방송에서 탑승하는 모습이 방영되어 널리 알려진 무동력 글라이더는 하와이의 아름다운 경관을 한눈에 볼 수 있는 투어입니다. 1970년부터 시작된 40년 이상의 노하우를 바탕으로 고성능항공기를 이용하고 최대한 안전하게 운행되며 특별히 멋진 경관을 자랑하는 오아후 섬의 북동부 지역을 관광하는 최고의 멋진 투어입니다. 단 20분 투어로 글라이더는 3,000피트의 고도까지 올라가며 30분 투어인 경우 그 이상의 고도까지 올라가고 와이메아베이,카에나포인트,윈드서핑 세일링의 비치 등 세계적으로 유명한 노스쇼어의 파노라마 절경을 한눈에 즐기실 수 있습니다. * 시닉(일반) : 싱글 - 체중122KG 이상, 신장 198CM 이상 이용 불가능 2인 - 체중 2인 합해서 154KG 이상 , 평균신장 179CM 이상 이용 불가능 * 에어로바틱(곡예) : 싱글 - 체중 99KG 이상, 신장 185CM 이상 이용 불가능 ※싱글투어는 14세 이상만 예약 가능','Y','US','HNL',null);
Insert into EDUC239.TA_PRODUCT (PRODUCT_CODE,PRODUCT_NAME,THENUMBER,DEPARTURE_DATE,ARRIVAL_DATE,TRANSPORTATION,THEME,CATEGORIZATION,ADULT_PRICE,CHILD_PRICE,BABY_PRICE,COSTPRICE,ITINERARY,HOTEL_TOUR,OPTIONAL_TOUR,SALES,NATION_CODE,CITY_CODE,MILEAGE_PERCENT) values ('USJFK-12251000','미동부 아이비리그 10일- 재학생투어, 메트로폴리탄',20,to_date('18/12/25','RR/MM/DD'),to_date('19/01/03','RR/MM/DD'),'대한항공','이벤트','특가상품',3509900,3503500,995610,3509900,'뉴욕 (NY)','코트야드 팔시파니 호텔
COURTYARD BY MARRIOTT PARSIPPANY

COURTYARD PISCATAWAY 호텔은 미국 뉴저지의 북부 지방에 위치하고 있다. 호텔은 미국의 Parsippany 비즈니스 지역에 있으며, Fortune 500사들과의 접근이 용이하다. 호텔의 객실은 고급스러운 침실과 , 넓은 비즈니스 공간이 있으며, 고속인터넷을 무료로 이용할 수 있다. 호텔내에는 다양한 음식과, 스낵 ,음료등을 구입할 수 있는 24시간 마켓을 운영하고 있다. 호텔은 숙련된 서비스를 통해 24시간 고객에게 최고의 서비스를 제공하고 있다.','뉴욕 야경 투어

맨해튼, 록펠러센터, 타임스퀘어, 뉴저지 해밀턴 파크에서 바라보는 맨해튼 야경 등 아름다운 포인트를 선정하여 진행합니다. 
- 인원별 차량으로 진행되며, 인원에 따라 진행이 불가할 수도 있습니다. (최소 인원 8명) - 현지 상황/시즌에 따라 방문하는 포인트는 변경될 수 있습니다.','Y','US','JFK',null);
Insert into EDUC239.TA_PRODUCT (PRODUCT_CODE,PRODUCT_NAME,THENUMBER,DEPARTURE_DATE,ARRIVAL_DATE,TRANSPORTATION,THEME,CATEGORIZATION,ADULT_PRICE,CHILD_PRICE,BABY_PRICE,COSTPRICE,ITINERARY,HOTEL_TOUR,OPTIONAL_TOUR,SALES,NATION_CODE,CITY_CODE,MILEAGE_PERCENT) values ('USLAX-01211430','미서부 9일- 디즈니랜드/씨월드 포함',6,to_date('19/01/21','RR/MM/DD'),to_date('19/01/29','RR/MM/DD'),'대한항공','체험','특가상품',2553900,2433760,720810,2553900,'로스앤젤레스 (CA)','로스앤젤레스(Los Angeles)
할리우드로 유명한 영화산업의 중심지, 로스앤젤레스

아열대성 기후로 연중 따뜻한 로스앤젤레스는 미국 영화 산업의 중심지이자 헐리우드와 유니버셜 스튜디오로 유명합니다. 미국 서부에서 가장 발달한 도시이며, 55만 명 이상의 한국인들이 거주하는 코리아 타운도 위치하고 있습니다. 이곳은 1781년 스페인 이민자 44명이 올베라 거리로 이주하면서 발전했고, 이후 자연환경, 산업 구조, 인종 분포가 가장 다양한 지역으로 손꼽히고 있습니다. 과거 농업, 제조업, 군수 산업을 중심으로 발전을 했지만, 최근에는 데이터 프로세싱, 컴퓨터 프로그램, 법률, 광고 등 비즈니스와 서비스업을 통해 발전을 이루고 있습니다. 그중에서도 영화와 관광 사업은 이곳의 경제를 이끄는 큰 비중을 차지하고 ...','TCL 차이니즈 극장
유명인들의 페인팅과 독특한 건축물로 유명한 극장

TCL 차이니즈 극장은 독특한 건축물로 유명한 곳입니다. 매년 수백만의 관광객이 이 극장은 물론 극장 앞에 펼쳐진 수많은 유명인들의 발과 손이 프린트 된 것을 보려 이곳을 방문합니다. 내부를 감상하고 싶다면 극장표를 구입하여 들어가면 되며, 내부 역시 건물의 외부와 마찬가지로 아시아를 비롯한 중국 스타일로 꾸며져 있습니다. 
1927년 그라우만스 차이니스 극장(Grauman''s Chinese Theater)이라는 이름으로 탄생하였고, 1973년에 테드 만(Ted Mann)이 극장을 사들여 맨스 차이니스 극장으로 다시 이름 붙여졌으며, 공식적인 이름은 TCL 차이니즈 극장입니다.','Y','US','LAX',null);
Insert into EDUC239.TA_PRODUCT (PRODUCT_CODE,PRODUCT_NAME,THENUMBER,DEPARTURE_DATE,ARRIVAL_DATE,TRANSPORTATION,THEME,CATEGORIZATION,ADULT_PRICE,CHILD_PRICE,BABY_PRICE,COSTPRICE,ITINERARY,HOTEL_TOUR,OPTIONAL_TOUR,SALES,NATION_CODE,CITY_CODE,MILEAGE_PERCENT) values ('EGCAI-01231415','이집트일주+이스탄불 8일,나일크루즈, 5성호텔5박',20,to_date('19/01/23','RR/MM/DD'),to_date('19/01/30','RR/MM/DD'),'대한항공','음식','인기상품',3669100,3474030,340480,3669100,'카이로-이스탄불','와우 이스탄불 호텔
WOW ISTANBUL HOTEL

이 호텔은 이스탄불 공항에서 약 2km의 가까운 거리에 위치하고 있는 호텔로 다양한 시설을 갖추고 있습니다. 이 호텔은 주차 시설, 바/ 라운지, 회의실, 실내 수영장, 레스토랑, 비즈니스센터, 장애인 시설, 헬스클럽, 연회장 등의 편의시설이 갖춰져 있으며, 객실에는 케이블/ 위성 텔레비전, 에어컨디셔너, 유료 영화 채널, 직통 전화, 개인 욕실, 보이스 메일, 티/ 커피 메이커, 미니 바 등의 시설이 마련되어 있습니다. ','룩소 마차 관광

고대 이집트의 수도였던 룩소를 마차에 탑승하여 약 1시간 가량 관광을 합니다. 룩소의 전통시장과 마을, 그리고 아름다운 나일강의 야경을 관광하실 수 있습니다.','Y','ZA','CPT',null);
Insert into EDUC239.TA_PRODUCT (PRODUCT_CODE,PRODUCT_NAME,THENUMBER,DEPARTURE_DATE,ARRIVAL_DATE,TRANSPORTATION,THEME,CATEGORIZATION,ADULT_PRICE,CHILD_PRICE,BABY_PRICE,COSTPRICE,ITINERARY,HOTEL_TOUR,OPTIONAL_TOUR,SALES,NATION_CODE,CITY_CODE,MILEAGE_PERCENT) values ('KRKWJ-12211105','◈전라남도 서남부권 고품격 기차여행◈「2박3일」',2,to_date('18/12/21','RR/MM/DD'),to_date('18/12/23','RR/MM/DD'),'기차','예술/문화/역사','특가상품',639000,639000,639000,639000,'광주','광주 라마다호텔','담양 죽녹원 산책 ＆ 관방제림 둘러보기','Y','KR','KWJ',null);
Insert into EDUC239.TA_PRODUCT (PRODUCT_CODE,PRODUCT_NAME,THENUMBER,DEPARTURE_DATE,ARRIVAL_DATE,TRANSPORTATION,THEME,CATEGORIZATION,ADULT_PRICE,CHILD_PRICE,BABY_PRICE,COSTPRICE,ITINERARY,HOTEL_TOUR,OPTIONAL_TOUR,SALES,NATION_CODE,CITY_CODE,MILEAGE_PERCENT) values ('KRCJU-12201600','효도관광/노팁!노옵션!_제주KAL호텔',4,to_date('18/12/20','RR/MM/DD'),to_date('18/12/22','RR/MM/DD'),'아시아나항공','이벤트','특가상품',389600,305600,0,389600,'제주',' 제주시 호텔','제주도 한라산 자락의 24만여 평의 규모를 자랑하는 오설록뮤지엄 
이곳이 각광받는 이유는, 차밭을 구경한 다음 갈증을 해소할 수 있는 카페가 있기때문일것이다. 
젊은 층과 어린이들 중심으로 많이 찾고 있는 녹차 아이스크림이 인기 있는 메뉴이다.
관광객들이 앞 다퉈 올라가는 전망대에서는 서광다원의 차밭이 한 눈에 들어온다. 
시원하게 불어오는 바람에선 다향이 풍기는 듯하다. ','Y','KR','CJU',null);
Insert into EDUC239.TA_PRODUCT (PRODUCT_CODE,PRODUCT_NAME,THENUMBER,DEPARTURE_DATE,ARRIVAL_DATE,TRANSPORTATION,THEME,CATEGORIZATION,ADULT_PRICE,CHILD_PRICE,BABY_PRICE,COSTPRICE,ITINERARY,HOTEL_TOUR,OPTIONAL_TOUR,SALES,NATION_CODE,CITY_CODE,MILEAGE_PERCENT) values ('KRCJU-12291540','제주3일|[실속]섬속의島 우도와 제주일주',4,to_date('18/12/29','RR/MM/DD'),to_date('18/12/31','RR/MM/DD'),'LCC항공','체험','인기상품',450600,413600,0,450600,'제주-용담해안도로-외돌개','제주시호텔','읍민속마을 / (특산물판매 쇼핑센터)

소박하면서도 멋스러운풍경과 함께 고유한 생활풍습을 엿볼 수 있는 쇼핑센터입니다.','Y','KR','CJU',null);
Insert into EDUC239.TA_PRODUCT (PRODUCT_CODE,PRODUCT_NAME,THENUMBER,DEPARTURE_DATE,ARRIVAL_DATE,TRANSPORTATION,THEME,CATEGORIZATION,ADULT_PRICE,CHILD_PRICE,BABY_PRICE,COSTPRICE,ITINERARY,HOTEL_TOUR,OPTIONAL_TOUR,SALES,NATION_CODE,CITY_CODE,MILEAGE_PERCENT) values ('KRKAG-12311010','강릉 세인트존스 특급호텔에서 맞이하는 신년일출 1박2일',20,to_date('18/12/31','RR/MM/DD'),to_date('19/01/01','RR/MM/DD'),'버스','체험','특가상품',219000,209000,0,219000,'서울-방아다리약수터','세인트존스 호텔 ','강릉 중앙시장 자유시간 및 자유석식

다양한 먹거리가 가득한 강릉중앙시장에서 자유롭게 식사 즐기세요^^','Y','KR','KAE',null);
Insert into EDUC239.TA_PRODUCT (PRODUCT_CODE,PRODUCT_NAME,THENUMBER,DEPARTURE_DATE,ARRIVAL_DATE,TRANSPORTATION,THEME,CATEGORIZATION,ADULT_PRICE,CHILD_PRICE,BABY_PRICE,COSTPRICE,ITINERARY,HOTEL_TOUR,OPTIONAL_TOUR,SALES,NATION_CODE,CITY_CODE,MILEAGE_PERCENT) values ('KRBUS-12211010','◈경상남도 부산/거제/통영 고품격 기차여행◈「2박3일」',25,to_date('18/12/21','RR/MM/DD'),to_date('18/12/23','RR/MM/DD'),'SRT','음식','특가상품',779000,779000,779000,779000,'부산-태종대','1일: 특급호텔급, 2일: 특급호텔급 ','삼도수군통제영 세병관 관람
 여행정보 : ‘하늘의 은하수를 가져다 피 묻은 병장기를 닦아낸다’라는 뜻의 이름을 가진 세병관은 임진왜란이 끝나고 한산도에 있던 삼도수군통제영이 육지인 통영으로 옮겨오면서 지어진 객사건물이다','Y','KR','KPO',null);
Insert into EDUC239.TA_PRODUCT (PRODUCT_CODE,PRODUCT_NAME,THENUMBER,DEPARTURE_DATE,ARRIVAL_DATE,TRANSPORTATION,THEME,CATEGORIZATION,ADULT_PRICE,CHILD_PRICE,BABY_PRICE,COSTPRICE,ITINERARY,HOTEL_TOUR,OPTIONAL_TOUR,SALES,NATION_CODE,CITY_CODE,MILEAGE_PERCENT) values ('KRSEL-12211010','자연속에 머물다 休~ - 양평원주 여행길 3일(삶과 자연과 예술)',27,to_date('18/12/21','RR/MM/DD'),to_date('18/12/23','RR/MM/DD'),'버스','예술/문화/역사','특가상품',459000,367200,0,459000,'서울-원주-양평-남양주-서울','원주인터불고호텔 ,현대블룸비스타 ',null,'Y','KR','ICN',null);
Insert into EDUC239.TA_PRODUCT (PRODUCT_CODE,PRODUCT_NAME,THENUMBER,DEPARTURE_DATE,ARRIVAL_DATE,TRANSPORTATION,THEME,CATEGORIZATION,ADULT_PRICE,CHILD_PRICE,BABY_PRICE,COSTPRICE,ITINERARY,HOTEL_TOUR,OPTIONAL_TOUR,SALES,NATION_CODE,CITY_CODE,MILEAGE_PERCENT) values ('KRKAE-01241010','자연속에 머물다 休~ 3일(양평,원주,평창)',20,to_date('19/01/24','RR/MM/DD'),to_date('19/01/26','RR/MM/DD'),'버스','체험','특가상품',550000,440000,55000,550000,null,null,null,'Y','KR','KAE',null);
Insert into EDUC239.TA_PRODUCT (PRODUCT_CODE,PRODUCT_NAME,THENUMBER,DEPARTURE_DATE,ARRIVAL_DATE,TRANSPORTATION,THEME,CATEGORIZATION,ADULT_PRICE,CHILD_PRICE,BABY_PRICE,COSTPRICE,ITINERARY,HOTEL_TOUR,OPTIONAL_TOUR,SALES,NATION_CODE,CITY_CODE,MILEAGE_PERCENT) values ('JPOSA-12011200','오사카/고베/교토/나라 3일',10,null,null,'대한항공','음식','추천상품',1049900,948770,101131,1049900,'인천-오사카',' 리가 로얄 호텔 오사카
RIHGA ROYAL HOTEL OSAKA

창업이래 60여 년을 거치면서 국내외의 귀빈을 맞이하였고, 서쪽의 영빈관으로서 자리매김하고 있는 호텔로서 다양한 서비스를 제공하고 있습니다. 990실의 객실과 22개의 레스토랑을 갖추고 있는 대형호텔로 60실의 연회장과 회의실을 갖추고 있어서 모든 시설 면에서 이용이 가장 편리한 호텔입니다.','청수사
교토 시내가 한눈에 내려다보이는 청수사 (淸水寺:기요미즈데라)

1/2
※ 현재 청수사 본당 지붕 교체 공사가 진행되어, 본당 외벽 전체에 가림막이 둘러져 있어 관람이 어려울 수 있습니다. 

청수사(기요미즈데라)는 오토와산을 배경으로 한 아름다운 곳에 위치하고 있으며, 높은 툇마루에서 교토의 절반을 내려다보고 있습니다. 특히 맑은 날에는 멀리 오사카까지 보이며, 봄에는 벚꽃, 가을에는 단풍 등으로 사계절의 경관이 훌륭합니다. 나라 후기인 778년, 한 현인이 꿈속에서 ''맑은 샘을 찾아가라''는 계시를 받은 뒤 오토와의 폭포 근처에 이르렀다고 합니다. 이때 수행 중이던 선인을 만나 영목을 받았는데, 이것으로 천수관음상을 조각하여 암자에 바친 것이 이 절의 기원이 되었습니다. 청 ...','Y','JP','OSA',null);
Insert into EDUC239.TA_PRODUCT (PRODUCT_CODE,PRODUCT_NAME,THENUMBER,DEPARTURE_DATE,ARRIVAL_DATE,TRANSPORTATION,THEME,CATEGORIZATION,ADULT_PRICE,CHILD_PRICE,BABY_PRICE,COSTPRICE,ITINERARY,HOTEL_TOUR,OPTIONAL_TOUR,SALES,NATION_CODE,CITY_CODE,MILEAGE_PERCENT) values ('KRGON-12210835',' 2018 올해의 관광도시 공주 힐링 여행「당일」',20,to_date('18/12/21','RR/MM/DD'),to_date('18/12/21','RR/MM/DD'),'버스','이벤트','특가상품',15900,15900,0,15900,'공주',null,'세계문화유산 공산성
백제시대 대표 성곽으로 웅진 시대의 고도를 지킨 공주의 상징 세계문화유산 공산성! 금강이 흐르는 해발 110m 능선과 계곡을 따라 흙으로 쌓은 둘레 2,450m 길이의 산성이에요. 왕궁지를 비롯해 백제시대 연못, 영은사, 쌍수정과 사적비, 진남루, 공북루 등이 남아 있어요~! 오래된 아름다운 성곽길을 걸으며 금강의 풍경을 감상해보세요..특별한 추억이에요!','Y','KR','GON',null);
Insert into EDUC239.TA_PRODUCT (PRODUCT_CODE,PRODUCT_NAME,THENUMBER,DEPARTURE_DATE,ARRIVAL_DATE,TRANSPORTATION,THEME,CATEGORIZATION,ADULT_PRICE,CHILD_PRICE,BABY_PRICE,COSTPRICE,ITINERARY,HOTEL_TOUR,OPTIONAL_TOUR,SALES,NATION_CODE,CITY_CODE,MILEAGE_PERCENT) values ('KRGON-01100820','[공주 깊게 보기]1박 2일',20,to_date('19/01/10','RR/MM/DD'),to_date('19/01/11','RR/MM/DD'),'버스','체험','인기상품',105000,105000,0,105000,'공주',null,'공주 원도심 여행 <소문난 칠공주> 투어','Y','KR','GON',null);
Insert into EDUC239.TA_PRODUCT (PRODUCT_CODE,PRODUCT_NAME,THENUMBER,DEPARTURE_DATE,ARRIVAL_DATE,TRANSPORTATION,THEME,CATEGORIZATION,ADULT_PRICE,CHILD_PRICE,BABY_PRICE,COSTPRICE,ITINERARY,HOTEL_TOUR,OPTIONAL_TOUR,SALES,NATION_CODE,CITY_CODE,MILEAGE_PERCENT) values ('KRASA-12210805','[연합상품][아산] 한국의 산토리니~ 아산 당일 여행「당일」 상',20,to_date('18/12/21','RR/MM/DD'),to_date('18/12/21','RR/MM/DD'),'버스','예술/문화/역사',null,23900,23900,0,23900,'아산',' ','충무공 이순신장군의 숨결이살아있는... 아산 현충사','Y','KR','GON',null);
REM INSERTING into EDUC239.TA_PROIMG
SET DEFINE OFF;
Insert into EDUC239.TA_PROIMG (PROIMG_IDX,ROOT,PRODUCT_CODE) values (4,'pari.jpg','FRMRS-01130700');
Insert into EDUC239.TA_PROIMG (PROIMG_IDX,ROOT,PRODUCT_CODE) values (1,'osk.jpg','JPOS-01011200');
Insert into EDUC239.TA_PROIMG (PROIMG_IDX,ROOT,PRODUCT_CODE) values (2,'osk1.jpg','JPOS-01150900');
Insert into EDUC239.TA_PROIMG (PROIMG_IDX,ROOT,PRODUCT_CODE) values (3,'osk2.jpg','JPOS-01151200');
Insert into EDUC239.TA_PROIMG (PROIMG_IDX,ROOT,PRODUCT_CODE) values (5,'huzi.jpg','JPNGS-01151200');
Insert into EDUC239.TA_PROIMG (PROIMG_IDX,ROOT,PRODUCT_CODE) values (6,'osk3.jpg','JPOSA-12011200');
Insert into EDUC239.TA_PROIMG (PROIMG_IDX,ROOT,PRODUCT_CODE) values (7,'danang.jpg','IDDAD-01220900');
Insert into EDUC239.TA_PROIMG (PROIMG_IDX,ROOT,PRODUCT_CODE) values (8,'in.jpg','KRICN-12271330');
Insert into EDUC239.TA_PROIMG (PROIMG_IDX,ROOT,PRODUCT_CODE) values (9,'dokyo.jpg','JPNGS-01181200');
Insert into EDUC239.TA_PROIMG (PROIMG_IDX,ROOT,PRODUCT_CODE) values (10,'osk1.jpg','JPOSA-01011200');
Insert into EDUC239.TA_PROIMG (PROIMG_IDX,ROOT,PRODUCT_CODE) values (11,'osk2.jpg','JPOSA-01111200');
Insert into EDUC239.TA_PROIMG (PROIMG_IDX,ROOT,PRODUCT_CODE) values (12,'auh1.jpg','AEAUH-12260015');
Insert into EDUC239.TA_PROIMG (PROIMG_IDX,ROOT,PRODUCT_CODE) values (13,'dxb1.jpg','AEDXB-01172350');
Insert into EDUC239.TA_PROIMG (PROIMG_IDX,ROOT,PRODUCT_CODE) values (14,'dxb2.PNG','AEDXB-01182355');
Insert into EDUC239.TA_PROIMG (PROIMG_IDX,ROOT,PRODUCT_CODE) values (15,'dxb4.jpg','AEDXB-03251245');
Insert into EDUC239.TA_PROIMG (PROIMG_IDX,ROOT,PRODUCT_CODE) values (16,'dxb3.jpg','AEDXB-02211245');
Insert into EDUC239.TA_PROIMG (PROIMG_IDX,ROOT,PRODUCT_CODE) values (17,'cns1.png','AUCNS-12261935');
Insert into EDUC239.TA_PROIMG (PROIMG_IDX,ROOT,PRODUCT_CODE) values (18,'syd1.jpg','AUSYD-01151845');
Insert into EDUC239.TA_PROIMG (PROIMG_IDX,ROOT,PRODUCT_CODE) values (19,'syd2.jpg','AUSYD-01191845');
Insert into EDUC239.TA_PROIMG (PROIMG_IDX,ROOT,PRODUCT_CODE) values (20,'syd3.jpg','AUSYD-12241845');
Insert into EDUC239.TA_PROIMG (PROIMG_IDX,ROOT,PRODUCT_CODE) values (21,'yvr1.jpg','CAYVR-01281635');
Insert into EDUC239.TA_PROIMG (PROIMG_IDX,ROOT,PRODUCT_CODE) values (22,'nkg1.jpg','CNNKG-02051110');
Insert into EDUC239.TA_PROIMG (PROIMG_IDX,ROOT,PRODUCT_CODE) values (23,'pek1.jpg','CNPEK-03031020');
Insert into EDUC239.TA_PROIMG (PROIMG_IDX,ROOT,PRODUCT_CODE) values (24,'tao1.jpg','CNTAO-01162345');
Insert into EDUC239.TA_PROIMG (PROIMG_IDX,ROOT,PRODUCT_CODE) values (25,'tao2.jpg','CNTAO-01232000');
Insert into EDUC239.TA_PROIMG (PROIMG_IDX,ROOT,PRODUCT_CODE) values (26,'xiy1.jpg','CNXIY-02231010');
Insert into EDUC239.TA_PROIMG (PROIMG_IDX,ROOT,PRODUCT_CODE) values (27,'cai1.jpg','EGCAI-01231415');
Insert into EDUC239.TA_PROIMG (PROIMG_IDX,ROOT,PRODUCT_CODE) values (28,'mad1.jpg','ESMAD-01101410');
Insert into EDUC239.TA_PROIMG (PROIMG_IDX,ROOT,PRODUCT_CODE) values (29,'par1.jpg','FRPAR-01081400');
Insert into EDUC239.TA_PROIMG (PROIMG_IDX,ROOT,PRODUCT_CODE) values (30,'lon1.jpg','GBLON-01211255');
Insert into EDUC239.TA_PROIMG (PROIMG_IDX,ROOT,PRODUCT_CODE) values (31,'hkg1.jpg','HKHKG-03230845');
Insert into EDUC239.TA_PROIMG (PROIMG_IDX,ROOT,PRODUCT_CODE) values (32,'dad1.jpg','IDDAD-01051900');
Insert into EDUC239.TA_PROIMG (PROIMG_IDX,ROOT,PRODUCT_CODE) values (33,'dad2.jpg','IDDAD-01270900');
Insert into EDUC239.TA_PROIMG (PROIMG_IDX,ROOT,PRODUCT_CODE) values (34,'rom1.jpg','ITROM-01221235');
Insert into EDUC239.TA_PROIMG (PROIMG_IDX,ROOT,PRODUCT_CODE) values (35,'rom2.jpg','ITROM-04101220');
Insert into EDUC239.TA_PROIMG (PROIMG_IDX,ROOT,PRODUCT_CODE) values (36,'asa1.jpg','KRASA-12210805');
Insert into EDUC239.TA_PROIMG (PROIMG_IDX,ROOT,PRODUCT_CODE) values (37,'bus1.jpg','KRBUS-12211010');
Insert into EDUC239.TA_PROIMG (PROIMG_IDX,ROOT,PRODUCT_CODE) values (38,'cju1.jpg','KRCJU-01010900');
Insert into EDUC239.TA_PROIMG (PROIMG_IDX,ROOT,PRODUCT_CODE) values (39,'cju2.jpg','KRCJU-12171435');
Insert into EDUC239.TA_PROIMG (PROIMG_IDX,ROOT,PRODUCT_CODE) values (40,'cju3.jpg','KRCJU-12191540');
Insert into EDUC239.TA_PROIMG (PROIMG_IDX,ROOT,PRODUCT_CODE) values (41,'cju4.jpg','KRCJU-12201600');
Insert into EDUC239.TA_PROIMG (PROIMG_IDX,ROOT,PRODUCT_CODE) values (42,'cju5.jpg','KRCJU-12291540');
Insert into EDUC239.TA_PROIMG (PROIMG_IDX,ROOT,PRODUCT_CODE) values (43,'cju6.jpg','KRCJU-12301515');
Insert into EDUC239.TA_PROIMG (PROIMG_IDX,ROOT,PRODUCT_CODE) values (44,'gon1.jpg','KRGON-01100820');
Insert into EDUC239.TA_PROIMG (PROIMG_IDX,ROOT,PRODUCT_CODE) values (45,'gon2.jpg','KRGON-12210835');
Insert into EDUC239.TA_PROIMG (PROIMG_IDX,ROOT,PRODUCT_CODE) values (46,'kag1.jpg','KRKAG-12311010');
Insert into EDUC239.TA_PROIMG (PROIMG_IDX,ROOT,PRODUCT_CODE) values (47,'kwj1.jpg','KRKWJ-12211105');
Insert into EDUC239.TA_PROIMG (PROIMG_IDX,ROOT,PRODUCT_CODE) values (48,'sel1.jpg','KRSEL-12211010');
Insert into EDUC239.TA_PROIMG (PROIMG_IDX,ROOT,PRODUCT_CODE) values (49,'crk1.png','PHCRK-01012225');
Insert into EDUC239.TA_PROIMG (PROIMG_IDX,ROOT,PRODUCT_CODE) values (50,'vko1.jpg','RUVKO-01221305');
Insert into EDUC239.TA_PROIMG (PROIMG_IDX,ROOT,PRODUCT_CODE) values (51,'sin1.jpg','SGSIN-02181420');
Insert into EDUC239.TA_PROIMG (PROIMG_IDX,ROOT,PRODUCT_CODE) values (52,'sin2.jpg','SGSIN-04101445');
Insert into EDUC239.TA_PROIMG (PROIMG_IDX,ROOT,PRODUCT_CODE) values (53,'gum1.jpg','USGUM-01161935');
Insert into EDUC239.TA_PROIMG (PROIMG_IDX,ROOT,PRODUCT_CODE) values (54,'hnl1.JPG','USHNL-01012035');
Insert into EDUC239.TA_PROIMG (PROIMG_IDX,ROOT,PRODUCT_CODE) values (55,'hnl2.jpg','USHNL-01062035');
Insert into EDUC239.TA_PROIMG (PROIMG_IDX,ROOT,PRODUCT_CODE) values (56,'hnl3.jpg','USHNL-01222020');
Insert into EDUC239.TA_PROIMG (PROIMG_IDX,ROOT,PRODUCT_CODE) values (57,'jfk1.jpg','USJFK-12251000');
Insert into EDUC239.TA_PROIMG (PROIMG_IDX,ROOT,PRODUCT_CODE) values (58,'las1.jpg','USLAS-01231020');
Insert into EDUC239.TA_PROIMG (PROIMG_IDX,ROOT,PRODUCT_CODE) values (59,'lax1.jpg','USLAX-01211430');
Insert into EDUC239.TA_PROIMG (PROIMG_IDX,ROOT,PRODUCT_CODE) values (60,'spn1.jpg','USSPN-01262020');
REM INSERTING into EDUC239.TA_QUESTION
SET DEFINE OFF;
REM INSERTING into EDUC239.TA_RESERVATION
SET DEFINE OFF;
Insert into EDUC239.TA_RESERVATION (RE_IDX,RE_DATE,TOTALPRICE,DEPOSIT,ADAULT_NUMBER,CHILD_NUMBER,BABY_NUMBER,KOREAN_NAME,ENGLISH_NAME,BIRTH,PHONE,EMAIL,REQUESTED,STATUS,ID,SEX,PRODUCT_CODE) values (1,to_date('18/12/13','RR/MM/DD'),900000,0,1,1,0,'권지영','KWONJIYOUNG','19960828','010-2530-2886','jy1041@naver.com','애기가 예민해요','01','svn','W','JPOS-01011200');
Insert into EDUC239.TA_RESERVATION (RE_IDX,RE_DATE,TOTALPRICE,DEPOSIT,ADAULT_NUMBER,CHILD_NUMBER,BABY_NUMBER,KOREAN_NAME,ENGLISH_NAME,BIRTH,PHONE,EMAIL,REQUESTED,STATUS,ID,SEX,PRODUCT_CODE) values (2,to_date('18/12/14','RR/MM/DD'),1500000,900000,1,1,1,'진승현','jinsunghyen','19950520','010-5555-5555','jsh@naver.com','비행기 비상구자리 주세요','04','svn','M','IDDAD-01270900');
Insert into EDUC239.TA_RESERVATION (RE_IDX,RE_DATE,TOTALPRICE,DEPOSIT,ADAULT_NUMBER,CHILD_NUMBER,BABY_NUMBER,KOREAN_NAME,ENGLISH_NAME,BIRTH,PHONE,EMAIL,REQUESTED,STATUS,ID,SEX,PRODUCT_CODE) values (3,to_date('18/12/14','RR/MM/DD'),1500000,900000,1,1,1,'진승현','jinsunghyen','19950520','010-5555-5555','jsh@naver.com',null,'01','svn','M','IDDAD-01270900');
Insert into EDUC239.TA_RESERVATION (RE_IDX,RE_DATE,TOTALPRICE,DEPOSIT,ADAULT_NUMBER,CHILD_NUMBER,BABY_NUMBER,KOREAN_NAME,ENGLISH_NAME,BIRTH,PHONE,EMAIL,REQUESTED,STATUS,ID,SEX,PRODUCT_CODE) values (4,to_date('18/12/14','RR/MM/DD'),1200000,600000,1,0,0,'권지영','jiyeong','19960828','010-1235-5987','abcd1234@naver.com',null,'04','svn','W','EGCAI-01231415');
Insert into EDUC239.TA_RESERVATION (RE_IDX,RE_DATE,TOTALPRICE,DEPOSIT,ADAULT_NUMBER,CHILD_NUMBER,BABY_NUMBER,KOREAN_NAME,ENGLISH_NAME,BIRTH,PHONE,EMAIL,REQUESTED,STATUS,ID,SEX,PRODUCT_CODE) values (5,to_date('18/12/14','RR/MM/DD'),4800000,0,2,2,0,'진혜영','jhy','19920111','010-6715-4981','efef12@naver.com','창가 자리주세요','02','svn','W','USLAX-01211430');
Insert into EDUC239.TA_RESERVATION (RE_IDX,RE_DATE,TOTALPRICE,DEPOSIT,ADAULT_NUMBER,CHILD_NUMBER,BABY_NUMBER,KOREAN_NAME,ENGLISH_NAME,BIRTH,PHONE,EMAIL,REQUESTED,STATUS,ID,SEX,PRODUCT_CODE) values (6,to_date('18/12/14','RR/MM/DD'),2000000,1000000,1,1,0,'송원준','ojs','19911115','010-5050-0505','ab34@naver.com',null,'03','svn','M','IDDAD-01270900');
Insert into EDUC239.TA_RESERVATION (RE_IDX,RE_DATE,TOTALPRICE,DEPOSIT,ADAULT_NUMBER,CHILD_NUMBER,BABY_NUMBER,KOREAN_NAME,ENGLISH_NAME,BIRTH,PHONE,EMAIL,REQUESTED,STATUS,ID,SEX,PRODUCT_CODE) values (7,to_date('18/12/14','RR/MM/DD'),2100000,1100000,2,0,1,'전형조','hjj','19980808','010-0303-3087','aerer978@naver.com',null,'01','svn','M','KRASA-12210805');
Insert into EDUC239.TA_RESERVATION (RE_IDX,RE_DATE,TOTALPRICE,DEPOSIT,ADAULT_NUMBER,CHILD_NUMBER,BABY_NUMBER,KOREAN_NAME,ENGLISH_NAME,BIRTH,PHONE,EMAIL,REQUESTED,STATUS,ID,SEX,PRODUCT_CODE) values (8,to_date('18/12/14','RR/MM/DD'),1300000,650000,1,0,1,'김주성','juseong','19900101','010-1313-7803','a55434@google.com',null,'03','svn','M','USHNL-01222020');
Insert into EDUC239.TA_RESERVATION (RE_IDX,RE_DATE,TOTALPRICE,DEPOSIT,ADAULT_NUMBER,CHILD_NUMBER,BABY_NUMBER,KOREAN_NAME,ENGLISH_NAME,BIRTH,PHONE,EMAIL,REQUESTED,STATUS,ID,SEX,PRODUCT_CODE) values (9,to_date('18/12/14','RR/MM/DD'),1200000,0,1,1,0,'권지영','jiyeong','19880828','010-2424-4242','a12345678@naver.com',null,'02','svn','W','FRMRS-01130700');
Insert into EDUC239.TA_RESERVATION (RE_IDX,RE_DATE,TOTALPRICE,DEPOSIT,ADAULT_NUMBER,CHILD_NUMBER,BABY_NUMBER,KOREAN_NAME,ENGLISH_NAME,BIRTH,PHONE,EMAIL,REQUESTED,STATUS,ID,SEX,PRODUCT_CODE) values (10,to_date('18/12/14','RR/MM/DD'),800000,350000,1,0,1,'진승현','jinsunghyen','19930303','010-2742-0505','987868bb@google.com','비행기 아무대나 주세요','01','svn','M','IDDAD-01051900');
Insert into EDUC239.TA_RESERVATION (RE_IDX,RE_DATE,TOTALPRICE,DEPOSIT,ADAULT_NUMBER,CHILD_NUMBER,BABY_NUMBER,KOREAN_NAME,ENGLISH_NAME,BIRTH,PHONE,EMAIL,REQUESTED,STATUS,ID,SEX,PRODUCT_CODE) values (11,to_date('18/12/14','RR/MM/DD'),3400000,1500000,3,0,0,'진혜영','jhy','19970824','010-4070-3445','159456cd@naver.com','비행기 좋은 자리주세요','01','svn','W','IDDAD-01270900');
Insert into EDUC239.TA_RESERVATION (RE_IDX,RE_DATE,TOTALPRICE,DEPOSIT,ADAULT_NUMBER,CHILD_NUMBER,BABY_NUMBER,KOREAN_NAME,ENGLISH_NAME,BIRTH,PHONE,EMAIL,REQUESTED,STATUS,ID,SEX,PRODUCT_CODE) values (12,to_date('18/12/14','RR/MM/DD'),1250000,750000,1,0,1,'송원준','ojs','19960505','010-4797-9021','qoengks10@google.com',null,'03','svn','M','KRCJU-12201600');
Insert into EDUC239.TA_RESERVATION (RE_IDX,RE_DATE,TOTALPRICE,DEPOSIT,ADAULT_NUMBER,CHILD_NUMBER,BABY_NUMBER,KOREAN_NAME,ENGLISH_NAME,BIRTH,PHONE,EMAIL,REQUESTED,STATUS,ID,SEX,PRODUCT_CODE) values (13,to_date('18/12/14','RR/MM/DD'),1200000,0,1,1,0,'진승현','jinsunghyen','19910302','010-9090-5877','fvcku4@naver.com',null,'02','svn','M','IDDAD-01270900');
Insert into EDUC239.TA_RESERVATION (RE_IDX,RE_DATE,TOTALPRICE,DEPOSIT,ADAULT_NUMBER,CHILD_NUMBER,BABY_NUMBER,KOREAN_NAME,ENGLISH_NAME,BIRTH,PHONE,EMAIL,REQUESTED,STATUS,ID,SEX,PRODUCT_CODE) values (14,to_date('18/12/14','RR/MM/DD'),1700000,850000,2,0,1,'권지영','jiyeong','19901228','010-7236-5700','ppq8989@naver.com',null,'03','svn','W','USHNL-01222020');
Insert into EDUC239.TA_RESERVATION (RE_IDX,RE_DATE,TOTALPRICE,DEPOSIT,ADAULT_NUMBER,CHILD_NUMBER,BABY_NUMBER,KOREAN_NAME,ENGLISH_NAME,BIRTH,PHONE,EMAIL,REQUESTED,STATUS,ID,SEX,PRODUCT_CODE) values (15,to_date('18/12/14','RR/MM/DD'),1800000,900000,2,0,1,'진혜영','jhy','19970302','010-1111-5999','182838aa@google.com',null,'03','svn','W','FRMRS-01130700');
Insert into EDUC239.TA_RESERVATION (RE_IDX,RE_DATE,TOTALPRICE,DEPOSIT,ADAULT_NUMBER,CHILD_NUMBER,BABY_NUMBER,KOREAN_NAME,ENGLISH_NAME,BIRTH,PHONE,EMAIL,REQUESTED,STATUS,ID,SEX,PRODUCT_CODE) values (16,to_date('18/12/14','RR/MM/DD'),1000000,0,1,1,0,'전형조','hjj','19920202','010-5559-5981','android9@google.com',null,'02','svn','M','IDDAD-01270900');
Insert into EDUC239.TA_RESERVATION (RE_IDX,RE_DATE,TOTALPRICE,DEPOSIT,ADAULT_NUMBER,CHILD_NUMBER,BABY_NUMBER,KOREAN_NAME,ENGLISH_NAME,BIRTH,PHONE,EMAIL,REQUESTED,STATUS,ID,SEX,PRODUCT_CODE) values (17,to_date('18/12/14','RR/MM/DD'),900000,0,1,1,0,'김주성','juseong','19910506','010-1235-5422','soc4990@naver.com',null,'02','svn','M','KRASA-12210805');
Insert into EDUC239.TA_RESERVATION (RE_IDX,RE_DATE,TOTALPRICE,DEPOSIT,ADAULT_NUMBER,CHILD_NUMBER,BABY_NUMBER,KOREAN_NAME,ENGLISH_NAME,BIRTH,PHONE,EMAIL,REQUESTED,STATUS,ID,SEX,PRODUCT_CODE) values (18,to_date('18/12/14','RR/MM/DD'),1100000,550000,1,0,2,'송원준','ojs','19920607','010-1200-5987','abcd1234@naver.com',null,'01','svn','M','IDDAD-01270900');
Insert into EDUC239.TA_RESERVATION (RE_IDX,RE_DATE,TOTALPRICE,DEPOSIT,ADAULT_NUMBER,CHILD_NUMBER,BABY_NUMBER,KOREAN_NAME,ENGLISH_NAME,BIRTH,PHONE,EMAIL,REQUESTED,STATUS,ID,SEX,PRODUCT_CODE) values (19,to_date('18/12/14','RR/MM/DD'),900000,450000,1,0,1,'진혜영','jhy','19930708','010-3589-8987','djeltjsk123@google.com','특이사항 없어요','04','svn','W','IDDAD-01270900');
Insert into EDUC239.TA_RESERVATION (RE_IDX,RE_DATE,TOTALPRICE,DEPOSIT,ADAULT_NUMBER,CHILD_NUMBER,BABY_NUMBER,KOREAN_NAME,ENGLISH_NAME,BIRTH,PHONE,EMAIL,REQUESTED,STATUS,ID,SEX,PRODUCT_CODE) values (20,to_date('18/12/14','RR/MM/DD'),1200000,600000,1,0,2,'송원준','ojs','19940809','010-6060-5127','abcd1234@naver.com','비행기 맨 뒷 자리주세요','04','svn','M','KRCJU-12201600');
Insert into EDUC239.TA_RESERVATION (RE_IDX,RE_DATE,TOTALPRICE,DEPOSIT,ADAULT_NUMBER,CHILD_NUMBER,BABY_NUMBER,KOREAN_NAME,ENGLISH_NAME,BIRTH,PHONE,EMAIL,REQUESTED,STATUS,ID,SEX,PRODUCT_CODE) values (21,to_date('18/12/14','RR/MM/DD'),1200000,0,1,1,0,'권지영','jiyeong','19950910','010-1935-5722','qkqajrwk8@google.com',null,'02','svn','W','IDDAD-01270900');
Insert into EDUC239.TA_RESERVATION (RE_IDX,RE_DATE,TOTALPRICE,DEPOSIT,ADAULT_NUMBER,CHILD_NUMBER,BABY_NUMBER,KOREAN_NAME,ENGLISH_NAME,BIRTH,PHONE,EMAIL,REQUESTED,STATUS,ID,SEX,PRODUCT_CODE) values (22,to_date('18/12/14','RR/MM/DD'),1320000,615000,1,0,1,'전형조','hjj','19961011','010-5715-7715','everyday1212@google.com','특이사항 없어요','01','svn','M','EGCAI-01231415');
Insert into EDUC239.TA_RESERVATION (RE_IDX,RE_DATE,TOTALPRICE,DEPOSIT,ADAULT_NUMBER,CHILD_NUMBER,BABY_NUMBER,KOREAN_NAME,ENGLISH_NAME,BIRTH,PHONE,EMAIL,REQUESTED,STATUS,ID,SEX,PRODUCT_CODE) values (23,to_date('18/12/14','RR/MM/DD'),1600000,340000,1,2,0,'송원준','ojs','19971112','010-1577-8585','devjy1234@naver.com',null,'01','svn','M','IDDAD-01270900');
Insert into EDUC239.TA_RESERVATION (RE_IDX,RE_DATE,TOTALPRICE,DEPOSIT,ADAULT_NUMBER,CHILD_NUMBER,BABY_NUMBER,KOREAN_NAME,ENGLISH_NAME,BIRTH,PHONE,EMAIL,REQUESTED,STATUS,ID,SEX,PRODUCT_CODE) values (24,to_date('18/12/14','RR/MM/DD'),1800000,500000,1,0,1,'김주성','juseong','19981213','010-9292-2929','bzxzx00@google.com',null,'01','svn','M','FRMRS-01130700');
Insert into EDUC239.TA_RESERVATION (RE_IDX,RE_DATE,TOTALPRICE,DEPOSIT,ADAULT_NUMBER,CHILD_NUMBER,BABY_NUMBER,KOREAN_NAME,ENGLISH_NAME,BIRTH,PHONE,EMAIL,REQUESTED,STATUS,ID,SEX,PRODUCT_CODE) values (25,to_date('18/12/14','RR/MM/DD'),1000000,0,1,1,0,'진혜영','jhy','19970114','010-7942-5877','gugu10@naver.com',null,'02','svn','W','IDDAD-01270900');
Insert into EDUC239.TA_RESERVATION (RE_IDX,RE_DATE,TOTALPRICE,DEPOSIT,ADAULT_NUMBER,CHILD_NUMBER,BABY_NUMBER,KOREAN_NAME,ENGLISH_NAME,BIRTH,PHONE,EMAIL,REQUESTED,STATUS,ID,SEX,PRODUCT_CODE) values (26,to_date('18/12/14','RR/MM/DD'),1200000,605000,2,1,0,'진승현','jinsunghyen','19960215','010-5877-4485','antmsdksqn954@google.com',null,'04','svn','M','USLAX-01211430');
Insert into EDUC239.TA_RESERVATION (RE_IDX,RE_DATE,TOTALPRICE,DEPOSIT,ADAULT_NUMBER,CHILD_NUMBER,BABY_NUMBER,KOREAN_NAME,ENGLISH_NAME,BIRTH,PHONE,EMAIL,REQUESTED,STATUS,ID,SEX,PRODUCT_CODE) values (27,to_date('18/12/14','RR/MM/DD'),110000,660000,1,0,1,'권지영','jiyeong','19871212','010-4485-5877','abcd1234@naver.com',null,'01','svn','W','USHNL-01222020');
Insert into EDUC239.TA_RESERVATION (RE_IDX,RE_DATE,TOTALPRICE,DEPOSIT,ADAULT_NUMBER,CHILD_NUMBER,BABY_NUMBER,KOREAN_NAME,ENGLISH_NAME,BIRTH,PHONE,EMAIL,REQUESTED,STATUS,ID,SEX,PRODUCT_CODE) values (28,to_date('18/12/14','RR/MM/DD'),1900000,0,1,0,2,'송원준','ojs','19881213','010-1222-5000','rkdmfdksqn55@naver.com',null,'03','svn','M','IDDAD-01270900');
Insert into EDUC239.TA_RESERVATION (RE_IDX,RE_DATE,TOTALPRICE,DEPOSIT,ADAULT_NUMBER,CHILD_NUMBER,BABY_NUMBER,KOREAN_NAME,ENGLISH_NAME,BIRTH,PHONE,EMAIL,REQUESTED,STATUS,ID,SEX,PRODUCT_CODE) values (29,to_date('18/12/14','RR/MM/DD'),1230000,430000,1,1,0,'김주성','juseong','19890114','010-4000-4001','qlalfqjsgh486@google.com',null,'03','svn','M','IDDAD-01270900');
Insert into EDUC239.TA_RESERVATION (RE_IDX,RE_DATE,TOTALPRICE,DEPOSIT,ADAULT_NUMBER,CHILD_NUMBER,BABY_NUMBER,KOREAN_NAME,ENGLISH_NAME,BIRTH,PHONE,EMAIL,REQUESTED,STATUS,ID,SEX,PRODUCT_CODE) values (30,to_date('18/12/14','RR/MM/DD'),990000,0,1,1,0,'권지영','jiyeong','19900215','010-3889-3113','dmsdk1234@naver.com','고생 많으십니다. 좋은 자리주세요^^','02','svn','W','USLAX-01211430');
Insert into EDUC239.TA_RESERVATION (RE_IDX,RE_DATE,TOTALPRICE,DEPOSIT,ADAULT_NUMBER,CHILD_NUMBER,BABY_NUMBER,KOREAN_NAME,ENGLISH_NAME,BIRTH,PHONE,EMAIL,REQUESTED,STATUS,ID,SEX,PRODUCT_CODE) values (31,to_date('18/12/14','RR/MM/DD'),2000000,800000,2,1,0,'진승현','jinsunghyen','19910316','010-3191-3889','wnstj06@naver.com',null,'01','svn','M','IDDAD-01270900');
Insert into EDUC239.TA_RESERVATION (RE_IDX,RE_DATE,TOTALPRICE,DEPOSIT,ADAULT_NUMBER,CHILD_NUMBER,BABY_NUMBER,KOREAN_NAME,ENGLISH_NAME,BIRTH,PHONE,EMAIL,REQUESTED,STATUS,ID,SEX,PRODUCT_CODE) values (32,to_date('18/12/14','RR/MM/DD'),3000000,1000000,1,1,1,'전형조','hjj','19920417','010-3191-4990','tkaclfdhdl6@google.com',null,'04','svn','M','FRMRS-01130700');
Insert into EDUC239.TA_RESERVATION (RE_IDX,RE_DATE,TOTALPRICE,DEPOSIT,ADAULT_NUMBER,CHILD_NUMBER,BABY_NUMBER,KOREAN_NAME,ENGLISH_NAME,BIRTH,PHONE,EMAIL,REQUESTED,STATUS,ID,SEX,PRODUCT_CODE) values (33,to_date('18/12/14','RR/MM/DD'),800000,0,1,1,0,'송원준','ojs','19930518','010-6772-5987','vv159456@naver.com',null,'02','svn','M','IDDAD-01270900');
Insert into EDUC239.TA_RESERVATION (RE_IDX,RE_DATE,TOTALPRICE,DEPOSIT,ADAULT_NUMBER,CHILD_NUMBER,BABY_NUMBER,KOREAN_NAME,ENGLISH_NAME,BIRTH,PHONE,EMAIL,REQUESTED,STATUS,ID,SEX,PRODUCT_CODE) values (34,to_date('18/12/14','RR/MM/DD'),1250000,450000,2,1,0,'진혜영','jiyeong','19930228','010-1235-4990','12zxzx34@naver.com',null,'01','svn','W','IDDAD-01051900');
Insert into EDUC239.TA_RESERVATION (RE_IDX,RE_DATE,TOTALPRICE,DEPOSIT,ADAULT_NUMBER,CHILD_NUMBER,BABY_NUMBER,KOREAN_NAME,ENGLISH_NAME,BIRTH,PHONE,EMAIL,REQUESTED,STATUS,ID,SEX,PRODUCT_CODE) values (35,to_date('18/12/14','RR/MM/DD'),1290000,500000,2,0,0,'진승현','jinsunghyen','19940404','010-9875-1234','tktlfldi1212@google.com',null,'03','svn','M','USHNL-01222020');
REM INSERTING into EDUC239.TA_REVIEW
SET DEFINE OFF;
REM INSERTING into EDUC239.TA_REVIEWIMG
SET DEFINE OFF;
REM INSERTING into EDUC239.TA_SUBSCRIBER
SET DEFINE OFF;
Insert into EDUC239.TA_SUBSCRIBER (SUB_IDX,SUB_KOREAN_NAME,SUB_ENGLISH_NAME,SUB_BIRTH,SUB_PHONE,SUB_EMAIL,RE_IDX,SUB_SEX) values (1,'진혜영','JINHYEYOUNG','19920501','010-9999-9999','h',1,'W');
Insert into EDUC239.TA_SUBSCRIBER (SUB_IDX,SUB_KOREAN_NAME,SUB_ENGLISH_NAME,SUB_BIRTH,SUB_PHONE,SUB_EMAIL,RE_IDX,SUB_SEX) values (2,'전형조','JHJ','19961212','010-1234-5678','hj@naver.com',2,'M');
Insert into EDUC239.TA_SUBSCRIBER (SUB_IDX,SUB_KOREAN_NAME,SUB_ENGLISH_NAME,SUB_BIRTH,SUB_PHONE,SUB_EMAIL,RE_IDX,SUB_SEX) values (3,'김주성','KIMJOOSEONG','19961212','010-1234-5678','js@naver.com',3,'M');
Insert into EDUC239.TA_SUBSCRIBER (SUB_IDX,SUB_KOREAN_NAME,SUB_ENGLISH_NAME,SUB_BIRTH,SUB_PHONE,SUB_EMAIL,RE_IDX,SUB_SEX) values (4,'김주성','KIMJOOSEONG','19961212','010-1234-5678','js@naver.com',4,'M');
Insert into EDUC239.TA_SUBSCRIBER (SUB_IDX,SUB_KOREAN_NAME,SUB_ENGLISH_NAME,SUB_BIRTH,SUB_PHONE,SUB_EMAIL,RE_IDX,SUB_SEX) values (5,'김주성','KIMJOOSEONG','19961212','010-1234-5678','js@naver.com',5,'M');
Insert into EDUC239.TA_SUBSCRIBER (SUB_IDX,SUB_KOREAN_NAME,SUB_ENGLISH_NAME,SUB_BIRTH,SUB_PHONE,SUB_EMAIL,RE_IDX,SUB_SEX) values (6,'김주성','KIMJOOSEONG','19961212','010-1234-5678','js@naver.com',6,'M');
Insert into EDUC239.TA_SUBSCRIBER (SUB_IDX,SUB_KOREAN_NAME,SUB_ENGLISH_NAME,SUB_BIRTH,SUB_PHONE,SUB_EMAIL,RE_IDX,SUB_SEX) values (7,'김주성','KIMJOOSEONG','19961212','010-1234-5678','js@naver.com',7,'M');
Insert into EDUC239.TA_SUBSCRIBER (SUB_IDX,SUB_KOREAN_NAME,SUB_ENGLISH_NAME,SUB_BIRTH,SUB_PHONE,SUB_EMAIL,RE_IDX,SUB_SEX) values (8,'김주성','KIMJOOSEONG','19961212','010-1234-5678','js@naver.com',8,'M');
Insert into EDUC239.TA_SUBSCRIBER (SUB_IDX,SUB_KOREAN_NAME,SUB_ENGLISH_NAME,SUB_BIRTH,SUB_PHONE,SUB_EMAIL,RE_IDX,SUB_SEX) values (9,'김주성','KIMJOOSEONG','19961212','010-1234-5678','js@naver.com',9,'M');
Insert into EDUC239.TA_SUBSCRIBER (SUB_IDX,SUB_KOREAN_NAME,SUB_ENGLISH_NAME,SUB_BIRTH,SUB_PHONE,SUB_EMAIL,RE_IDX,SUB_SEX) values (10,'김주성','KIMJOOSEONG','19961212','010-1234-5678','js@naver.com',10,'M');
Insert into EDUC239.TA_SUBSCRIBER (SUB_IDX,SUB_KOREAN_NAME,SUB_ENGLISH_NAME,SUB_BIRTH,SUB_PHONE,SUB_EMAIL,RE_IDX,SUB_SEX) values (11,'김주성','KIMJOOSEONG','19961212','010-1234-5678','js@naver.com',11,'M');
Insert into EDUC239.TA_SUBSCRIBER (SUB_IDX,SUB_KOREAN_NAME,SUB_ENGLISH_NAME,SUB_BIRTH,SUB_PHONE,SUB_EMAIL,RE_IDX,SUB_SEX) values (12,'김주성','KIMJOOSEONG','19961212','010-1234-5678','js@naver.com',12,'M');
Insert into EDUC239.TA_SUBSCRIBER (SUB_IDX,SUB_KOREAN_NAME,SUB_ENGLISH_NAME,SUB_BIRTH,SUB_PHONE,SUB_EMAIL,RE_IDX,SUB_SEX) values (13,'김주성','KIMJOOSEONG','19961212','010-1234-5678','js@naver.com',13,'M');
Insert into EDUC239.TA_SUBSCRIBER (SUB_IDX,SUB_KOREAN_NAME,SUB_ENGLISH_NAME,SUB_BIRTH,SUB_PHONE,SUB_EMAIL,RE_IDX,SUB_SEX) values (14,'김주성','KIMJOOSEONG','19961212','010-1234-5678','js@naver.com',14,'M');
Insert into EDUC239.TA_SUBSCRIBER (SUB_IDX,SUB_KOREAN_NAME,SUB_ENGLISH_NAME,SUB_BIRTH,SUB_PHONE,SUB_EMAIL,RE_IDX,SUB_SEX) values (15,'김주성','KIMJOOSEONG','19961212','010-1234-5678','js@naver.com',15,'M');
Insert into EDUC239.TA_SUBSCRIBER (SUB_IDX,SUB_KOREAN_NAME,SUB_ENGLISH_NAME,SUB_BIRTH,SUB_PHONE,SUB_EMAIL,RE_IDX,SUB_SEX) values (16,'김주성','KIMJOOSEONG','19961212','010-1234-5678','js@naver.com',16,'M');
Insert into EDUC239.TA_SUBSCRIBER (SUB_IDX,SUB_KOREAN_NAME,SUB_ENGLISH_NAME,SUB_BIRTH,SUB_PHONE,SUB_EMAIL,RE_IDX,SUB_SEX) values (17,'김주성','KIMJOOSEONG','19961212','010-1234-5678','js@naver.com',17,'M');
Insert into EDUC239.TA_SUBSCRIBER (SUB_IDX,SUB_KOREAN_NAME,SUB_ENGLISH_NAME,SUB_BIRTH,SUB_PHONE,SUB_EMAIL,RE_IDX,SUB_SEX) values (18,'김주성','KIMJOOSEONG','19961212','010-1234-5678','js@naver.com',18,'M');
Insert into EDUC239.TA_SUBSCRIBER (SUB_IDX,SUB_KOREAN_NAME,SUB_ENGLISH_NAME,SUB_BIRTH,SUB_PHONE,SUB_EMAIL,RE_IDX,SUB_SEX) values (19,'김주성','KIMJOOSEONG','19961212','010-1234-5678','js@naver.com',19,'M');
Insert into EDUC239.TA_SUBSCRIBER (SUB_IDX,SUB_KOREAN_NAME,SUB_ENGLISH_NAME,SUB_BIRTH,SUB_PHONE,SUB_EMAIL,RE_IDX,SUB_SEX) values (20,'김주성','KIMJOOSEONG','19961212','010-1234-5678','js@naver.com',20,'M');
Insert into EDUC239.TA_SUBSCRIBER (SUB_IDX,SUB_KOREAN_NAME,SUB_ENGLISH_NAME,SUB_BIRTH,SUB_PHONE,SUB_EMAIL,RE_IDX,SUB_SEX) values (21,'김주성','KIMJOOSEONG','19961212','010-1234-5678','js@naver.com',21,'M');
Insert into EDUC239.TA_SUBSCRIBER (SUB_IDX,SUB_KOREAN_NAME,SUB_ENGLISH_NAME,SUB_BIRTH,SUB_PHONE,SUB_EMAIL,RE_IDX,SUB_SEX) values (22,'김주성','KIMJOOSEONG','19961212','010-1234-5678','js@naver.com',22,'M');
Insert into EDUC239.TA_SUBSCRIBER (SUB_IDX,SUB_KOREAN_NAME,SUB_ENGLISH_NAME,SUB_BIRTH,SUB_PHONE,SUB_EMAIL,RE_IDX,SUB_SEX) values (23,'김주성','KIMJOOSEONG','19961212','010-1234-5678','js@naver.com',23,'M');
Insert into EDUC239.TA_SUBSCRIBER (SUB_IDX,SUB_KOREAN_NAME,SUB_ENGLISH_NAME,SUB_BIRTH,SUB_PHONE,SUB_EMAIL,RE_IDX,SUB_SEX) values (24,'김주성','KIMJOOSEONG','19961212','010-1234-5678','js@naver.com',24,'M');
Insert into EDUC239.TA_SUBSCRIBER (SUB_IDX,SUB_KOREAN_NAME,SUB_ENGLISH_NAME,SUB_BIRTH,SUB_PHONE,SUB_EMAIL,RE_IDX,SUB_SEX) values (25,'김주성','KIMJOOSEONG','19961212','010-1234-5678','js@naver.com',25,'M');
Insert into EDUC239.TA_SUBSCRIBER (SUB_IDX,SUB_KOREAN_NAME,SUB_ENGLISH_NAME,SUB_BIRTH,SUB_PHONE,SUB_EMAIL,RE_IDX,SUB_SEX) values (26,'김주성','KIMJOOSEONG','19961212','010-1234-5678','js@naver.com',26,'M');
Insert into EDUC239.TA_SUBSCRIBER (SUB_IDX,SUB_KOREAN_NAME,SUB_ENGLISH_NAME,SUB_BIRTH,SUB_PHONE,SUB_EMAIL,RE_IDX,SUB_SEX) values (27,'김주성','KIMJOOSEONG','19961212','010-1234-5678','js@naver.com',27,'M');
Insert into EDUC239.TA_SUBSCRIBER (SUB_IDX,SUB_KOREAN_NAME,SUB_ENGLISH_NAME,SUB_BIRTH,SUB_PHONE,SUB_EMAIL,RE_IDX,SUB_SEX) values (28,'김주성','KIMJOOSEONG','19961212','010-1234-5678','js@naver.com',28,'M');
Insert into EDUC239.TA_SUBSCRIBER (SUB_IDX,SUB_KOREAN_NAME,SUB_ENGLISH_NAME,SUB_BIRTH,SUB_PHONE,SUB_EMAIL,RE_IDX,SUB_SEX) values (29,'김주성','KIMJOOSEONG','19961212','010-1234-5678','js@naver.com',29,'M');
Insert into EDUC239.TA_SUBSCRIBER (SUB_IDX,SUB_KOREAN_NAME,SUB_ENGLISH_NAME,SUB_BIRTH,SUB_PHONE,SUB_EMAIL,RE_IDX,SUB_SEX) values (30,'김주성','KIMJOOSEONG','19961212','010-1234-5678','js@naver.com',30,'M');
Insert into EDUC239.TA_SUBSCRIBER (SUB_IDX,SUB_KOREAN_NAME,SUB_ENGLISH_NAME,SUB_BIRTH,SUB_PHONE,SUB_EMAIL,RE_IDX,SUB_SEX) values (31,'김주성','KIMJOOSEONG','19961212','010-1234-5678','js@naver.com',31,'M');
Insert into EDUC239.TA_SUBSCRIBER (SUB_IDX,SUB_KOREAN_NAME,SUB_ENGLISH_NAME,SUB_BIRTH,SUB_PHONE,SUB_EMAIL,RE_IDX,SUB_SEX) values (32,'김주성','KIMJOOSEONG','19961212','010-1234-5678','js@naver.com',32,'M');
Insert into EDUC239.TA_SUBSCRIBER (SUB_IDX,SUB_KOREAN_NAME,SUB_ENGLISH_NAME,SUB_BIRTH,SUB_PHONE,SUB_EMAIL,RE_IDX,SUB_SEX) values (33,'김주성','KIMJOOSEONG','19961212','010-1234-5678','js@naver.com',33,'M');
Insert into EDUC239.TA_SUBSCRIBER (SUB_IDX,SUB_KOREAN_NAME,SUB_ENGLISH_NAME,SUB_BIRTH,SUB_PHONE,SUB_EMAIL,RE_IDX,SUB_SEX) values (34,'김주성','KIMJOOSEONG','19961212','010-1234-5678','js@naver.com',34,'M');
REM INSERTING into EDUC239.TBL_ATTACH
SET DEFINE OFF;
REM INSERTING into EDUC239.TBL_BOARD
SET DEFINE OFF;
Insert into EDUC239.TBL_BOARD (BNO,TITLE,CONTENT,WRITER,REGDATE,VIEWCNT,REPLYCNT) values (91,'제목0000000091','내용내용IJYLOVGQZFGKMLNOKGSRFWOTBBKZMNKLORMHJBKVTKHUKCJZEWUVLDCKLJLAJRCNWTRWNYJDRALQZXTGXFVXQMVZBYISSMJQEZQX','작성자0000000091',to_date('18/09/09','RR/MM/DD'),0,0);
Insert into EDUC239.TBL_BOARD (BNO,TITLE,CONTENT,WRITER,REGDATE,VIEWCNT,REPLYCNT) values (92,'제목0000000092','내용내용BTDVWFLKBVQIOGYZDXNXSAPFLTTVABOARWBUKGIRHLIPFHSWKWNWZFDMMWRWHZKSRSCZMGRLJVNXHHCVPHRAHRMETSRSFSKZDLPS','작성자0000000092',to_date('18/09/09','RR/MM/DD'),1,0);
Insert into EDUC239.TBL_BOARD (BNO,TITLE,CONTENT,WRITER,REGDATE,VIEWCNT,REPLYCNT) values (93,'제목0000000093','내용내용NJHTSBTHNFHCEIXPRXWLKUSSZBLMGDPVRKPHJLHUXUHYBOHWPGKOFIKNKTGYFJCEQWKOUEJPREJMIAPPHVBMLAIBDVGOUJYNRRMV','작성자0000000093',to_date('18/09/09','RR/MM/DD'),0,0);
Insert into EDUC239.TBL_BOARD (BNO,TITLE,CONTENT,WRITER,REGDATE,VIEWCNT,REPLYCNT) values (1,'제목0000000001','내용내용FBZZHRKLBPHKUCVRSMUMDNZEHIUKYEQUYWMEVHSWBXHUKPBTAYIDNFUMJTJGVBFZMTOPJOOTJCHOCBYIHDNLJKHIQVKRIYWNQWJU','작성자0000000001',to_date('18/09/09','RR/MM/DD'),0,0);
Insert into EDUC239.TBL_BOARD (BNO,TITLE,CONTENT,WRITER,REGDATE,VIEWCNT,REPLYCNT) values (2,'제목0000000002','내용내용DPNKBQSPGSURXXRFLMICOZGRMKGZZRIFQLSITGAQCCZNSBWTKEPEVQMPAUJAHBVXENZQDSVOOHQGBCLXPWEUHVVRGCIAHWNHPYEV','작성자0000000002',to_date('18/09/09','RR/MM/DD'),0,0);
Insert into EDUC239.TBL_BOARD (BNO,TITLE,CONTENT,WRITER,REGDATE,VIEWCNT,REPLYCNT) values (3,'제목0000000003','내용내용USHZMGLWTXNQROUOWQOKPHRKOJVDGVCVVTWCDPRATIHXQDPENCREGWGICDCTBNSORJSUEMPPZWHGKGOBMMINRIEXWZWECJOKRZRU','작성자0000000003',to_date('18/09/09','RR/MM/DD'),0,0);
Insert into EDUC239.TBL_BOARD (BNO,TITLE,CONTENT,WRITER,REGDATE,VIEWCNT,REPLYCNT) values (4,'제목0000000004','내용내용PETMZZKRCVKOPLGSVWLNIOYGWDARWZAAKIOLMTETDOLMKDXYFAYAOQBLIUEVYLRNDYACFLMYKXASSVFCEZRLPCMSDSGLFWGHMMOP','작성자0000000004',to_date('18/09/09','RR/MM/DD'),0,0);
Insert into EDUC239.TBL_BOARD (BNO,TITLE,CONTENT,WRITER,REGDATE,VIEWCNT,REPLYCNT) values (5,'제목0000000005','내용내용OJXQYYTHLGOMTWGOOEFHQHNKHTGXJOIHFCSDXLSBJAFWOMZTAMODTBAWCDNINBORIGPRHYPXFLDFTMDIFUADQIDHFGLLMGSRHVNV','작성자0000000005',to_date('18/09/09','RR/MM/DD'),0,0);
Insert into EDUC239.TBL_BOARD (BNO,TITLE,CONTENT,WRITER,REGDATE,VIEWCNT,REPLYCNT) values (6,'수정된 글입니다.','수정 테스트 ','수정 테스트',to_date('18/09/09','RR/MM/DD'),60,0);
Insert into EDUC239.TBL_BOARD (BNO,TITLE,CONTENT,WRITER,REGDATE,VIEWCNT,REPLYCNT) values (7,'제목0000000007','내용내용YYUZGYAUHGUXAZHRAOQYZVHPKFHCSGXWPLDGTHXPXQXAFQNSXMIBXVGIDCCZEYQXSYDTGFGXEOYELUIHSQDQBEESOGFXGOMQOBUM','작성자0000000007',to_date('18/09/09','RR/MM/DD'),0,0);
Insert into EDUC239.TBL_BOARD (BNO,TITLE,CONTENT,WRITER,REGDATE,VIEWCNT,REPLYCNT) values (9,'제목0000000009','내용내용JBFAFLJPGVSGQHQENMETFXQWETEMGNTOVBDAWVPKMOGUMZDUBABAAPZNUJMMZCDCXWGNDFPZBKNRXTRGTFMGCSCQLQMWYSNJLMHQ','작성자0000000009',to_date('18/09/09','RR/MM/DD'),0,0);
Insert into EDUC239.TBL_BOARD (BNO,TITLE,CONTENT,WRITER,REGDATE,VIEWCNT,REPLYCNT) values (10,'제목0000000010','내용내용FSTDKOSXIQUOPZTCVFSJNSJBYCJMWVHCLKJEUFELIWEBQGYTYFSYFRREVCPHKAAUBDSKEYNDBXKDYIVXIBKCMZHHNZLFFFFJZXMU','작성자0000000010',to_date('18/09/09','RR/MM/DD'),0,0);
Insert into EDUC239.TBL_BOARD (BNO,TITLE,CONTENT,WRITER,REGDATE,VIEWCNT,REPLYCNT) values (11,'제목0000000011','내용내용EMXADDBEZNBDEAJWAHBOCDQKDSNBUXYDUSXLFMGLNILRZUCGNGYCBCFHELCXAZHTGZPJMPINQMGCYSQRZLEVZDLZDAJFMOFTIABM','작성자0000000011',to_date('18/09/09','RR/MM/DD'),0,0);
Insert into EDUC239.TBL_BOARD (BNO,TITLE,CONTENT,WRITER,REGDATE,VIEWCNT,REPLYCNT) values (12,'제목0000000012','내용내용KKTETEEAUWYEWHTZDSSKAYOYDOGYNHOJCKVSQJVUAJDAHCFPGXDIZQLOYACGLTJXHUXNQOTDCVKHBUOKLKHMXZYBLXYCDFRHEANY','작성자0000000012',to_date('18/09/09','RR/MM/DD'),0,0);
Insert into EDUC239.TBL_BOARD (BNO,TITLE,CONTENT,WRITER,REGDATE,VIEWCNT,REPLYCNT) values (13,'제목0000000013','내용내용RZSJTOQAKZZKKKSJTIZSRWPTULKGWYGSTGTFYXNIZYMWHRLWOQZVWCSLKDPQMWTEGTQJHGRTGLOZNAQIBKCTBYEEJJVKTGMFRCFP','작성자0000000013',to_date('18/09/09','RR/MM/DD'),0,0);
Insert into EDUC239.TBL_BOARD (BNO,TITLE,CONTENT,WRITER,REGDATE,VIEWCNT,REPLYCNT) values (14,'제목0000000014','내용내용XCPUCOVKDJUMNSJOVXJQCLTBMDZYOTPLDGDEYYDEIYRXBFZPEVWTOZQKGPTQHLVHPXQLQMSDWANDRSQRZVRCSGWKVWUFJZLYWIIS','작성자0000000014',to_date('18/09/09','RR/MM/DD'),0,0);
Insert into EDUC239.TBL_BOARD (BNO,TITLE,CONTENT,WRITER,REGDATE,VIEWCNT,REPLYCNT) values (15,'제목0000000015','내용내용RRTBVJXFSHCGKKTARSRLULRAMECTIWVIKKTVFPIKOYQGHNGBRDJRTZSEWVUEGTODSVBQZBLFQIRBZXCDILKCWOMHFOZLIWNGURWH','작성자0000000015',to_date('18/09/09','RR/MM/DD'),0,0);
Insert into EDUC239.TBL_BOARD (BNO,TITLE,CONTENT,WRITER,REGDATE,VIEWCNT,REPLYCNT) values (16,'제목0000000016','내용내용PRHILBTSXUHFHFHCIBKYJBBIYZLLAOJOPJMTNEVUJUMNTHOQYYEDTYPORTTLQCHNEUZVJCWRWXLDIPYWXQOTMYCHCGFDGCHNPMID','작성자0000000016',to_date('18/09/09','RR/MM/DD'),0,0);
Insert into EDUC239.TBL_BOARD (BNO,TITLE,CONTENT,WRITER,REGDATE,VIEWCNT,REPLYCNT) values (17,'제목0000000017','내용내용JKIUWPHBNOKPJIFCBJUGAEYQFEFLJTHSAHRUGWUANNWMOKGIMCUPQHUPONFGJOTOVCJPEZCPXQTOPEYRGAAAABHOUWAPKOOJPFCS','작성자0000000017',to_date('18/09/09','RR/MM/DD'),0,0);
Insert into EDUC239.TBL_BOARD (BNO,TITLE,CONTENT,WRITER,REGDATE,VIEWCNT,REPLYCNT) values (18,'제목0000000018','내용내용KIXJTNEGMTHVNFGKQBDQYJFPORYMWVHANVBANEHMUOKICHABQRZOPHHZZVWPJLGZOIWBKNXLQNYBQFQEIYBLDPZNRXQXQNMJXGKN','작성자0000000018',to_date('18/09/09','RR/MM/DD'),0,0);
Insert into EDUC239.TBL_BOARD (BNO,TITLE,CONTENT,WRITER,REGDATE,VIEWCNT,REPLYCNT) values (19,'제목0000000019','내용내용UXMGFYQGNXDITXBMBGNGFMYBBJVNUIOLDCKNXRRRNDWLUSJSUAPCTIOWHHTAHFRRAOWROTDPJJRAEITVJLQORDHKJEOFWJINSSCI','작성자0000000019',to_date('18/09/09','RR/MM/DD'),0,0);
Insert into EDUC239.TBL_BOARD (BNO,TITLE,CONTENT,WRITER,REGDATE,VIEWCNT,REPLYCNT) values (20,'제목0000000020','내용내용LNHEJHDYRHSQSJOZIZBKTKWKCLDCCTJQWAATSTMJLZACOCEFJJYLDYTOZKGMAMONISKKCBJTZCNHNAPMVBNGRCEVKGFSFBXTSLNQ','작성자0000000020',to_date('18/09/09','RR/MM/DD'),0,0);
Insert into EDUC239.TBL_BOARD (BNO,TITLE,CONTENT,WRITER,REGDATE,VIEWCNT,REPLYCNT) values (21,'제목0000000021','내용내용DNYILLSQZJAULTSSOTJTYQDICGNRNAXQOOUHMFWQMFQWAYKUVGMQBQZGTMAZLQHNYVBYZPIBZZPYOOCXMAIORWXIBVGYVDEKARVZ','작성자0000000021',to_date('18/09/09','RR/MM/DD'),0,0);
Insert into EDUC239.TBL_BOARD (BNO,TITLE,CONTENT,WRITER,REGDATE,VIEWCNT,REPLYCNT) values (22,'제목0000000022','내용내용NTVUFCPQFBEGMJODNEVZQIXUTMMZRLXCHXSRCYFWYBONEUCIIAKRZSTGFHUWNNSMZWYPHTALFKNUCZDBMWQRDRINFMOQMXIXYMDM','작성자0000000022',to_date('18/09/09','RR/MM/DD'),0,0);
Insert into EDUC239.TBL_BOARD (BNO,TITLE,CONTENT,WRITER,REGDATE,VIEWCNT,REPLYCNT) values (23,'제목0000000023','내용내용NCUOKYLCRWISEKNRFBZFIMFTQIJEXRGQBXPXVCTVOQGKXCHRYICHZJFELDSIPSSTTYQZNHMTSFPGONLPRLLXAMUMAIGKUMOIPWKK','작성자0000000023',to_date('18/09/09','RR/MM/DD'),0,0);
Insert into EDUC239.TBL_BOARD (BNO,TITLE,CONTENT,WRITER,REGDATE,VIEWCNT,REPLYCNT) values (24,'제목0000000024','내용내용JUKQOSNOWRTCPDFQENFUGWKITBBHCZQYHVFFDYLXDOPPMLAZZUCVTUSCVMXQREMENZISBRNIBVJSILHSVECVTJBDIDWVCYCQNXIN','작성자0000000024',to_date('18/09/09','RR/MM/DD'),0,0);
Insert into EDUC239.TBL_BOARD (BNO,TITLE,CONTENT,WRITER,REGDATE,VIEWCNT,REPLYCNT) values (25,'제목0000000025','내용내용DOIAPMOBFAVRQAMLNNHVCEOEPPZOSSGLZPSLQRXZJWUYEIGPMKMQCWSSEHPIEVNFQOCHSJKXKCUHNUUBZMFVOZDDXITVMKEZKXGW','작성자0000000025',to_date('18/09/09','RR/MM/DD'),0,0);
Insert into EDUC239.TBL_BOARD (BNO,TITLE,CONTENT,WRITER,REGDATE,VIEWCNT,REPLYCNT) values (26,'제목0000000026','내용내용RRMWMGXPRMUEUUDSURJNWWCETPWUAADELHYMSCKFLYIRCXNGBNNGUIBLGJRMHBUCTSQNXNYFPRFYTQLUCKBUIFQRQPZAEFIFQYEZ','작성자0000000026',to_date('18/09/09','RR/MM/DD'),0,0);
Insert into EDUC239.TBL_BOARD (BNO,TITLE,CONTENT,WRITER,REGDATE,VIEWCNT,REPLYCNT) values (27,'제목0000000027','내용내용LMMQETFOYNFJTSHPGKUKHQNBTGLFPKYECYLHDGJGSVBKHHPLPCQXPSBESYVUEDTALQQXZQWZGVVPXDNJJCCECZJUWGCIJCHDMRIG','작성자0000000027',to_date('18/09/09','RR/MM/DD'),0,0);
Insert into EDUC239.TBL_BOARD (BNO,TITLE,CONTENT,WRITER,REGDATE,VIEWCNT,REPLYCNT) values (28,'제목0000000028','내용내용YMKWYLMMVPNBAYZHDCVIXSGJSDCTNEVVPXFIOPRYOWWXFBPNECLKKPPQQNQMQIIKMTJOORFSYRFCUWWXFODYTLMFLVUEXZIBPGLT','작성자0000000028',to_date('18/09/09','RR/MM/DD'),0,0);
Insert into EDUC239.TBL_BOARD (BNO,TITLE,CONTENT,WRITER,REGDATE,VIEWCNT,REPLYCNT) values (29,'제목0000000029','내용내용TVFDURNFLMOWBTKJUUQYPESMQOUOYRWNRBAZGQDEXABNPENRUZZFKEFJKZRSIJTDNOWIKOORVSLFIGEKNTTJVBXBBSSOAXHLPYVA','작성자0000000029',to_date('18/09/09','RR/MM/DD'),0,0);
Insert into EDUC239.TBL_BOARD (BNO,TITLE,CONTENT,WRITER,REGDATE,VIEWCNT,REPLYCNT) values (30,'제목0000000030','내용내용TCJPRLKTLJUXTLBEKRFOHOWKMWDLQGFCINAFFECHLRZUETTKPNAXMSLFYMAIRPVUXUDYPELVJEJMIQVBJDICYQHHAANXTYBIMDTU','작성자0000000030',to_date('18/09/09','RR/MM/DD'),0,0);
Insert into EDUC239.TBL_BOARD (BNO,TITLE,CONTENT,WRITER,REGDATE,VIEWCNT,REPLYCNT) values (31,'제목0000000031','내용내용YFGYSJJUIHGHPJLQGDBXVQVJDNEVICGGVCZBMSXGYOOQKYNACCFHUPEBSLUAMPBDJGJCBJXESQNFPJKFQKDCRKIONTBYHZKIUXSL','작성자0000000031',to_date('18/09/09','RR/MM/DD'),0,0);
Insert into EDUC239.TBL_BOARD (BNO,TITLE,CONTENT,WRITER,REGDATE,VIEWCNT,REPLYCNT) values (32,'제목0000000032','내용내용HLEUSTMJYOHJVXCEAJSXZKBJIIMMNGQXUPAIDPLQYPXJQEDIJDFUIUUQTRHGADGTDHRZMOVZZQGQOERSLSHWBLNNGIPESSKCXPID','작성자0000000032',to_date('18/09/09','RR/MM/DD'),0,0);
Insert into EDUC239.TBL_BOARD (BNO,TITLE,CONTENT,WRITER,REGDATE,VIEWCNT,REPLYCNT) values (33,'제목0000000033','내용내용SYHITMLXZMIEKPDBOUHKPHDFGFBWFOUGDZAEFTTAYVSRXSFHNSMNWLJZEIFYBFECLJJPIXBMQABNAJNUYNKCADGHIGDGYYCJFBGF','작성자0000000033',to_date('18/09/09','RR/MM/DD'),0,0);
Insert into EDUC239.TBL_BOARD (BNO,TITLE,CONTENT,WRITER,REGDATE,VIEWCNT,REPLYCNT) values (34,'제목0000000034','내용내용PHUESNAXUWTCWPBBIKJTQNWHVEWVCHTPRHYQAKZVZZJEWFIHILDVODNKLRAUVTNLDSTWABXIJSYMSEPDQARRKGADZYLVEMHDRCAX','작성자0000000034',to_date('18/09/09','RR/MM/DD'),0,0);
Insert into EDUC239.TBL_BOARD (BNO,TITLE,CONTENT,WRITER,REGDATE,VIEWCNT,REPLYCNT) values (35,'제목0000000035','내용내용GFPSEBIHHCOCSRLGANODQFSENELBVZKYKEVUCZYSJPFRPXCEAVGIHTCTJBTAASFSHKXUQJZJDTUGCUJOASJDSMRUGPVDRDLQZCMF','작성자0000000035',to_date('18/09/09','RR/MM/DD'),0,0);
Insert into EDUC239.TBL_BOARD (BNO,TITLE,CONTENT,WRITER,REGDATE,VIEWCNT,REPLYCNT) values (36,'제목0000000036','내용내용HBNDPAOKOLIJTDETEXMNZSYHNKZCWGMKWXSPSYOHXAEZTAXVAYEZUKNULNGLHAUKIAZMCSBCXQNTSWDNIEBQRZEIKYBAZJSGADLW','작성자0000000036',to_date('18/09/09','RR/MM/DD'),0,0);
Insert into EDUC239.TBL_BOARD (BNO,TITLE,CONTENT,WRITER,REGDATE,VIEWCNT,REPLYCNT) values (37,'제목0000000037','내용내용TYYXORSNHQIURHCYAZSTZBMBCTIYUZPMUBLXVUEYQNCCGEZAILAZFYYVRGWJRIZBSTRNBHXRMVWFGLCKEIYAYNHMIHHNCDAIGTQH','작성자0000000037',to_date('18/09/09','RR/MM/DD'),0,0);
Insert into EDUC239.TBL_BOARD (BNO,TITLE,CONTENT,WRITER,REGDATE,VIEWCNT,REPLYCNT) values (38,'제목0000000038','내용내용LWRVGWFLKAFWPUJPWGNABYBELXZTONNRITFKFDMINMIXCQCYKNIISRMWUROVJSDTTLGVXWXJTWYDPDCVLIBHEZODKTFOVPBHXOSZ','작성자0000000038',to_date('18/09/09','RR/MM/DD'),1,0);
Insert into EDUC239.TBL_BOARD (BNO,TITLE,CONTENT,WRITER,REGDATE,VIEWCNT,REPLYCNT) values (39,'제목0000000039','내용내용NAIEKGMHVPSGZQCORSWEFMJTMZRRLQDCDLAVPNPAOHJKKIDMIYMDBCSZZZVVXPKZASBPEROFZFPPUMFUXDUMTWCDLWQNDZZOALZO','작성자0000000039',to_date('18/09/09','RR/MM/DD'),0,0);
Insert into EDUC239.TBL_BOARD (BNO,TITLE,CONTENT,WRITER,REGDATE,VIEWCNT,REPLYCNT) values (40,'제목0000000040','내용내용ZRSIEBSVPYTXDQHRMMDLOSCHROUAQODTEYDCFMIJVVBOMYEPMDAODCVQGNIVPVPUXXZIDPAHIFABRHXDRUOUQZKKLLXUIXDSTBXP','작성자0000000040',to_date('18/09/09','RR/MM/DD'),0,0);
Insert into EDUC239.TBL_BOARD (BNO,TITLE,CONTENT,WRITER,REGDATE,VIEWCNT,REPLYCNT) values (41,'제목0000000041','내용내용OFXVIAQUJTUXHXPGVAEJIWDLNDABGYRFMVYZVFPATFITJMBDYIBBYBBBJXWOYHAVOTXDCFGOFNCRJFPLMBDFZTHVSVOTMPVHZGWL','작성자0000000041',to_date('18/09/09','RR/MM/DD'),0,0);
Insert into EDUC239.TBL_BOARD (BNO,TITLE,CONTENT,WRITER,REGDATE,VIEWCNT,REPLYCNT) values (42,'제목0000000042','내용내용SIREWETHHQNVZATYAHRHPMXPVCVEUZDBOGPIGXNGJURSWISNXNPOSUBNLNJQEXJVXCDGYGFKBJALUPCSQLTNTEPATYYKUWCHXVYU','작성자0000000042',to_date('18/09/09','RR/MM/DD'),1,0);
Insert into EDUC239.TBL_BOARD (BNO,TITLE,CONTENT,WRITER,REGDATE,VIEWCNT,REPLYCNT) values (43,'제목0000000043','내용내용OXYZWPANJEGCYCDYBYVRBCQSDHSZEZGJNBRNBTADIVCSBCJWVXZZXPNSFQYAOGWXFXPZWECKTXKDFZPYFRYBOTBSRQOQAWANTSSX','작성자0000000043',to_date('18/09/09','RR/MM/DD'),0,0);
Insert into EDUC239.TBL_BOARD (BNO,TITLE,CONTENT,WRITER,REGDATE,VIEWCNT,REPLYCNT) values (44,'제목0000000044','내용내용GLHPVJCCPCQKHWCDAXPWODPWACYMPCALLWNBAAEEWSDYMQTAUQKHVIUHNFBLLCOAZELIXGIWPSVBUJXVTIULKUTYCPMMDSFWWPHK','작성자0000000044',to_date('18/09/09','RR/MM/DD'),0,0);
Insert into EDUC239.TBL_BOARD (BNO,TITLE,CONTENT,WRITER,REGDATE,VIEWCNT,REPLYCNT) values (45,'제목0000000045','내용내용XCXKJFIQRRCHOWXWXHZCTYUAZNTMHCLRMUFCOCCCMWGRLKIAAFZQNCKWQRWRITIDMHJDYAYJDFUFIDBZTTCVEVOCMBUWWKGYDQUK','작성자0000000045',to_date('18/09/09','RR/MM/DD'),0,0);
Insert into EDUC239.TBL_BOARD (BNO,TITLE,CONTENT,WRITER,REGDATE,VIEWCNT,REPLYCNT) values (46,'제목0000000046','내용내용KHKELTVWFLWJKYMNPWGYJDAVLEIHWPPTKMEEMYRKHKLWAGKMHMWMTVFVMTMHJLPQYANXWEXXHRUJKKHSRFUPKVOXFQLWJHBGKYTX','작성자0000000046',to_date('18/09/09','RR/MM/DD'),0,0);
Insert into EDUC239.TBL_BOARD (BNO,TITLE,CONTENT,WRITER,REGDATE,VIEWCNT,REPLYCNT) values (47,'제목0000000047','내용내용LIKOERWEFNODYHXTGDNDQYTGMZDSQOGWSSHVXRUPICADXIPPLPJBXNDXHNGVGCBYFVZVYRJPGOGOHJWXONTOCJUAGOQDTVNOYZYV','작성자0000000047',to_date('18/09/09','RR/MM/DD'),0,0);
Insert into EDUC239.TBL_BOARD (BNO,TITLE,CONTENT,WRITER,REGDATE,VIEWCNT,REPLYCNT) values (48,'제목0000000048','내용내용AZFRDPQFWZUVAAJIMVYLKPYRNXEFOFKHIBPRCJTYJOVGPALGRMAIPXNNXJWRUAMFAJNDKDHVKTSZQKYEJEODCYVFKMJXKGEKYJKZ','작성자0000000048',to_date('18/09/09','RR/MM/DD'),0,0);
Insert into EDUC239.TBL_BOARD (BNO,TITLE,CONTENT,WRITER,REGDATE,VIEWCNT,REPLYCNT) values (49,'제목0000000049','내용내용DTBBGTIFHLSGNLVXYILLWXBUJLFJDDZTDZFPXWJKKNMYXEVJOQVUGMUNFHKJWHZLLYWLHEHJWYKTCWDYCBDKPTGJHPZUEIVVMJKF','작성자0000000049',to_date('18/09/09','RR/MM/DD'),0,0);
Insert into EDUC239.TBL_BOARD (BNO,TITLE,CONTENT,WRITER,REGDATE,VIEWCNT,REPLYCNT) values (50,'제목0000000050','내용내용JCSLOGOIIYLHIOTMBFUSOVGMNDFIHUYMZWJQHSSYRSQPESGGOQOAEQRXGXTVAMUIUVXQGMLSXLISONSBUTILLQJFUCMIENGMNOGK','작성자0000000050',to_date('18/09/09','RR/MM/DD'),0,0);
Insert into EDUC239.TBL_BOARD (BNO,TITLE,CONTENT,WRITER,REGDATE,VIEWCNT,REPLYCNT) values (51,'제목0000000051','내용내용ERYLBXSSDKYARBHMCENOYKYLZRELZOCSFRNWQAEPAIFLEUUHRTBLYEVEJDXBLVLICMWICMBDMSACESSRLGWYTYXOVKXCVPXCUCUH','작성자0000000051',to_date('18/09/09','RR/MM/DD'),0,0);
Insert into EDUC239.TBL_BOARD (BNO,TITLE,CONTENT,WRITER,REGDATE,VIEWCNT,REPLYCNT) values (52,'제목0000000052','내용내용GVKDMBODXNWVJUZETIXXWULYBYGGVVJLODVYHKBQMTKFFXHPYVARWFFIURKIXXOLRRTRFBVFCHDCRSNAUHXSAPTIUFGFIQCDLEXK','작성자0000000052',to_date('18/09/09','RR/MM/DD'),0,0);
Insert into EDUC239.TBL_BOARD (BNO,TITLE,CONTENT,WRITER,REGDATE,VIEWCNT,REPLYCNT) values (53,'제목0000000053','내용내용YCUACDTOYTIOYHAXMHULXAXNRXINLAMQVIAWKQGYIBXSNHCVYWOIEUYQADOOEFFTCJLIYHWVJREKHZJQUXWQUKHWMPLOVMSKLIBL','작성자0000000053',to_date('18/09/09','RR/MM/DD'),0,0);
Insert into EDUC239.TBL_BOARD (BNO,TITLE,CONTENT,WRITER,REGDATE,VIEWCNT,REPLYCNT) values (54,'제목0000000054','내용내용OZQHOSTMUHGVBLFZPMPOYWXTTPGUAFWWZZXJQQDPRORNAQOLZIZKFZFHOWCPYPITHEFRBIOHBHCZNLFTXFEFFBDOWAYOGLJYSXFC','작성자0000000054',to_date('18/09/09','RR/MM/DD'),0,0);
Insert into EDUC239.TBL_BOARD (BNO,TITLE,CONTENT,WRITER,REGDATE,VIEWCNT,REPLYCNT) values (55,'제목0000000055','내용내용YCSAQCJSLKALCHUDRMIEEDGHTXGTEIBLOYTNIOYQLEAZHTSXYRCXAMKSZZUVLLEZIUZLVSUCRIDMWZFSOJRFVMENXNITACQUZZLD','작성자0000000055',to_date('18/09/09','RR/MM/DD'),0,0);
Insert into EDUC239.TBL_BOARD (BNO,TITLE,CONTENT,WRITER,REGDATE,VIEWCNT,REPLYCNT) values (56,'제목0000000056','내용내용MMAPZGKXLPKOILAGXINGIIFVVKXQIOQILFIOQBCGBOCFZJAXKDAHIQZHXXGHVAGXVSCYNDNZWQMHRFTFOYYQFPQIDPVLCJEXHEEN','작성자0000000056',to_date('18/09/09','RR/MM/DD'),0,0);
Insert into EDUC239.TBL_BOARD (BNO,TITLE,CONTENT,WRITER,REGDATE,VIEWCNT,REPLYCNT) values (57,'제목0000000057','내용내용NNXHTMPZVSNLWFXBPWGZHYKPMRXEUQVESRNILOQBIDUAUTMSGKXPDOCZEVMODKEOJATHUNCYAAZCRXITCUUYFYEXMZWOZVPSENHP','작성자0000000057',to_date('18/09/09','RR/MM/DD'),0,0);
Insert into EDUC239.TBL_BOARD (BNO,TITLE,CONTENT,WRITER,REGDATE,VIEWCNT,REPLYCNT) values (58,'제목0000000058','내용내용HPQGLWSULKSHPGMIIJMWAQWTISQFOHRYMYZNRMSQJXECFJXIECOFDDIPHGMZEKTYJSUHSFZRHQYGATCNUEKRLAOUFMMVWMPSQZJY','작성자0000000058',to_date('18/09/09','RR/MM/DD'),0,0);
Insert into EDUC239.TBL_BOARD (BNO,TITLE,CONTENT,WRITER,REGDATE,VIEWCNT,REPLYCNT) values (59,'제목0000000059','내용내용PXAMTMLEXKDBLXRPKISOFHDPSPKYQHEPQCANRWVILSWRJELHUHHWGMNHMKLJUQTONDPDUNYWAOGPLOWMWRUWUSXCNLWLMPXZWLUD','작성자0000000059',to_date('18/09/09','RR/MM/DD'),0,0);
Insert into EDUC239.TBL_BOARD (BNO,TITLE,CONTENT,WRITER,REGDATE,VIEWCNT,REPLYCNT) values (60,'제목0000000060','내용내용RJEUWNLRBKUJCFFPIRRAPMPGDVVWAASCXAHTFFOWCSLQRCBUHOALXJKUEZRWOEUZLCCILULKKDRGOQBKKVIXJDXCAYPTJJVNUOYC','작성자0000000060',to_date('18/09/09','RR/MM/DD'),0,0);
Insert into EDUC239.TBL_BOARD (BNO,TITLE,CONTENT,WRITER,REGDATE,VIEWCNT,REPLYCNT) values (61,'제목0000000061','내용내용WMFSSRSMZMFPVZUXHSBMBSCVDGYFRPJLCHCCNAKJPCRWYKRRBXZWGAYASDXJHBYBTHRIAFGXUTIZCTMFDXBYQHMVKZMUCIKJKJFY','작성자0000000061',to_date('18/09/09','RR/MM/DD'),0,0);
Insert into EDUC239.TBL_BOARD (BNO,TITLE,CONTENT,WRITER,REGDATE,VIEWCNT,REPLYCNT) values (62,'제목0000000062','내용내용PYPWRIVJUKGWBYIXJKWEHDCCNRGECOYSSBBUGXILSSRMYURLTHNSMIADQVBTWUCNMHRHVRJBDOQGYUNHZUWPWZVIXCOCRKYFAJUT','작성자0000000062',to_date('18/09/09','RR/MM/DD'),0,0);
Insert into EDUC239.TBL_BOARD (BNO,TITLE,CONTENT,WRITER,REGDATE,VIEWCNT,REPLYCNT) values (63,'제목0000000063','내용내용MBMWWEYKDOKPPXJTTYVKKGKMCHGDYKZKVAEVYVAZNGYNAYVKIUPKQEGOITAUOXVZOPLOSKTGEUXKEGXKCWNOPGYEUEQMSVZCWKBT','작성자0000000063',to_date('18/09/09','RR/MM/DD'),0,0);
Insert into EDUC239.TBL_BOARD (BNO,TITLE,CONTENT,WRITER,REGDATE,VIEWCNT,REPLYCNT) values (64,'제목0000000064','내용내용IORNONVUKDZLPNJDDTEJTCALFSJBEZENUOYRJIJZJXQJSZQWPDLQMCFOHAOTNZIFSXCZWSDNRUTMCRIVWURRCJBCPNLWHRECVSJO','작성자0000000064',to_date('18/09/09','RR/MM/DD'),0,0);
Insert into EDUC239.TBL_BOARD (BNO,TITLE,CONTENT,WRITER,REGDATE,VIEWCNT,REPLYCNT) values (65,'제목0000000065','내용내용STKHYECPUNKDVFLPJJHHLNVEJHPMNCAULSCUZTHWXLFLTWMRAMJGGESBBZTLGCKFGMXVZSMGVMSEKHVKUZSTGSWMSWFGWRBEYCGS','작성자0000000065',to_date('18/09/09','RR/MM/DD'),0,0);
Insert into EDUC239.TBL_BOARD (BNO,TITLE,CONTENT,WRITER,REGDATE,VIEWCNT,REPLYCNT) values (66,'제목0000000066','내용내용PYYVYCKQMNMVZMFNVGRZJDBVKOLTPYWZGTGTBDKTGIISJLURYTEIFHOZMJPOBHQTHSPBQQHCPARTOVNIIPCVGKZTCVHDKAMNAXTA','작성자0000000066',to_date('18/09/09','RR/MM/DD'),0,0);
Insert into EDUC239.TBL_BOARD (BNO,TITLE,CONTENT,WRITER,REGDATE,VIEWCNT,REPLYCNT) values (67,'제목0000000067','내용내용BBUNTWCUDBIVYRJISPMJOWEBQUQQXLTPXHWCLEPKMHOBNQLDQZXPTYBSVKDRHVJBJEXKVYSEXALBNQEHTNFRKVHTSZTTAYLWLLLJ','작성자0000000067',to_date('18/09/09','RR/MM/DD'),0,0);
Insert into EDUC239.TBL_BOARD (BNO,TITLE,CONTENT,WRITER,REGDATE,VIEWCNT,REPLYCNT) values (68,'제목0000000068','내용내용PDHNAIQHOFZPYIIRRRUBEQDVWDAIMXLCUMVTWWYYBHIQICKRQFXPCPFMHIWMGCJJSUIUEHQSYDSMSONNJYYOMQOBVRGCYHITCRLN','작성자0000000068',to_date('18/09/09','RR/MM/DD'),0,0);
Insert into EDUC239.TBL_BOARD (BNO,TITLE,CONTENT,WRITER,REGDATE,VIEWCNT,REPLYCNT) values (69,'제목0000000069','내용내용JBKOJQCVDSZRHVBTSXLNMPXDPYMAUDACPXBSOBJQJNTDNHWRFTHOGIQYZWPETDXTPAKWXKJBKEQZWTUUSTPBMRBPTRXIEHJYODZK','작성자0000000069',to_date('18/09/09','RR/MM/DD'),0,0);
Insert into EDUC239.TBL_BOARD (BNO,TITLE,CONTENT,WRITER,REGDATE,VIEWCNT,REPLYCNT) values (70,'제목0000000070','내용내용SFTQYXODCLTSPFGFUZIJSHECSSAYHQKPZNKQRDFOCUHJWDNZGRIGKEMKYTOFOYSBZDIHJLUXUQTPKSBYKJFSVWZXHZWFCYQBYQQF','작성자0000000070',to_date('18/09/09','RR/MM/DD'),0,0);
Insert into EDUC239.TBL_BOARD (BNO,TITLE,CONTENT,WRITER,REGDATE,VIEWCNT,REPLYCNT) values (71,'제목0000000071','내용내용OIWAHBVUXOJIDUYJVSZGDEMLJLZSGJVYBXZSKBMSLIGKTUOXQQICUCRXUVTNLRTZLIANVKBGBFRXYAJZBHVAMMWVTSGVSGRWRHYP','작성자0000000071',to_date('18/09/09','RR/MM/DD'),0,0);
Insert into EDUC239.TBL_BOARD (BNO,TITLE,CONTENT,WRITER,REGDATE,VIEWCNT,REPLYCNT) values (72,'제목0000000072','내용내용FQERVZZTDAXVCOOXDPUFBHJORTDSMPMDRNRXGUTQNURWHUTVVMCSOIDWJIJHPMXUOPSJJIOQKLBIBDJNFFKAXQZBWBFWHQLBJJFQ','작성자0000000072',to_date('18/09/09','RR/MM/DD'),0,0);
Insert into EDUC239.TBL_BOARD (BNO,TITLE,CONTENT,WRITER,REGDATE,VIEWCNT,REPLYCNT) values (73,'제목0000000073','내용내용DIMGXDAPLNJPOUINDWWKQXFQZZSUVHYELWTDJKQJEJQKVNJKNHMAHLGCIFATKZUXKCTXFZWHGMUMLOANHFUDSFHTCTXUJLGOLKHA','작성자0000000073',to_date('18/09/09','RR/MM/DD'),0,0);
Insert into EDUC239.TBL_BOARD (BNO,TITLE,CONTENT,WRITER,REGDATE,VIEWCNT,REPLYCNT) values (74,'제목0000000074','내용내용MFRUUHNTAHPPLUXDECRNVQSPKDWRXCNYUSHCNHXTMXJNOUYONXBHBZPXJNMRKASUZXRYCUXRZAAJLQDXBXZYCDVDGTTXIPOMUAMQ','작성자0000000074',to_date('18/09/09','RR/MM/DD'),0,0);
Insert into EDUC239.TBL_BOARD (BNO,TITLE,CONTENT,WRITER,REGDATE,VIEWCNT,REPLYCNT) values (75,'제목0000000075','내용내용OVGMYCRMQTVKLLQNDNYFQLVKJLDTBMAALJKZAQLSWRNREKKLDMSKMHBYGJFZPSMBDFJMCBFZEMXVVGWMYWENUCYSTPZQIXUZWXEH','작성자0000000075',to_date('18/09/09','RR/MM/DD'),0,0);
Insert into EDUC239.TBL_BOARD (BNO,TITLE,CONTENT,WRITER,REGDATE,VIEWCNT,REPLYCNT) values (76,'제목0000000076','내용내용LQLIZPGIOYLFGJNKULTXVJCLZAZBJBCHXIVXLKWJAJXZZMADIOWRGGSKQLJJRIPLGGCRTJUVURWUVDOHOWTQIUSOTEGDTMVHQZRT','작성자0000000076',to_date('18/09/09','RR/MM/DD'),0,0);
Insert into EDUC239.TBL_BOARD (BNO,TITLE,CONTENT,WRITER,REGDATE,VIEWCNT,REPLYCNT) values (77,'제목0000000077','내용내용VUZDFTMCKHSFHCZZDIZZKJUNVPCKROORYNLUQFSSCLTBHGCXUVGBIMGRKBOWIATIVDZYISSGTTASPXKQKJLZBVIIPZQYGMBXPSZP','작성자0000000077',to_date('18/09/09','RR/MM/DD'),0,0);
Insert into EDUC239.TBL_BOARD (BNO,TITLE,CONTENT,WRITER,REGDATE,VIEWCNT,REPLYCNT) values (78,'제목0000000078','내용내용ZVDOOHTYKRHUKAWJVCRKDQWOFUDJMZHOTNEYQFYLMQDAZNIBPTHSIVDEPGXAHAMDFLTBFUUITVLDDEQUNLBVVKSJUBZXGKORCXBF','작성자0000000078',to_date('18/09/09','RR/MM/DD'),0,0);
Insert into EDUC239.TBL_BOARD (BNO,TITLE,CONTENT,WRITER,REGDATE,VIEWCNT,REPLYCNT) values (79,'제목0000000079','내용내용HCKIOTVMATZDRZWCLFMZNTZLFJAVTNIKHADCEXHWESMMBVARPBRPRBQMMKDIGEWIUCGVXDZQXZMPPADVKSLKOZXTLHKKCEEYVSIY','작성자0000000079',to_date('18/09/09','RR/MM/DD'),0,0);
Insert into EDUC239.TBL_BOARD (BNO,TITLE,CONTENT,WRITER,REGDATE,VIEWCNT,REPLYCNT) values (80,'제목0000000080','내용내용ZAINAEFGBUHWDOSUDUBFJRGZHDPSRUNOALIKWQRQTFQOVDEFYGDFKOXGDXGSYSVCFQHZEJKWZSTFULFGJSXBJLVEJPDVIMSZVYNA','작성자0000000080',to_date('18/09/09','RR/MM/DD'),0,0);
Insert into EDUC239.TBL_BOARD (BNO,TITLE,CONTENT,WRITER,REGDATE,VIEWCNT,REPLYCNT) values (81,'제목0000000081','내용내용MPCYYXKEZCMNQEUIERGOFLUNVDWVRHGGAHEIQIGIOISZTXDNEZOBJIOITYTQERLAKRWGNAQSAYOYIYBADKWBPVPUGXYVARJYZOGG','작성자0000000081',to_date('18/09/09','RR/MM/DD'),0,0);
Insert into EDUC239.TBL_BOARD (BNO,TITLE,CONTENT,WRITER,REGDATE,VIEWCNT,REPLYCNT) values (82,'제목0000000082','내용내용XUFEYCZSGPIWJPRUMAVROUCNRARZNUFFSGECMWTWLXRQNPPMREQOJITPUWELWFYZWMZWLKRXYMHBKRZJFHOWCZVNDIOJBRVHKQMZ','작성자0000000082',to_date('18/09/09','RR/MM/DD'),0,0);
Insert into EDUC239.TBL_BOARD (BNO,TITLE,CONTENT,WRITER,REGDATE,VIEWCNT,REPLYCNT) values (83,'제목0000000083','내용내용AHKPRXQTATYAESIYETMAVNFNBMFIDTAKZJZWEEQCSTNIBWIFKIIGDSMBUPYUQQEZDXWIXYBXMZIWJOTMVNPGLNMTZXQVVUBWRKQY','작성자0000000083',to_date('18/09/09','RR/MM/DD'),0,0);
Insert into EDUC239.TBL_BOARD (BNO,TITLE,CONTENT,WRITER,REGDATE,VIEWCNT,REPLYCNT) values (84,'제목0000000084','내용내용UJCXIQDNGFOPDNBCERSCVNDSSCTEKZUEXWJDESURTBICLRXZLUZMXUQNMWBSQXSEBYSHGVUXSBFHFBSEWSRHULSKSLVUQMVUZAKS','작성자0000000084',to_date('18/09/09','RR/MM/DD'),0,0);
Insert into EDUC239.TBL_BOARD (BNO,TITLE,CONTENT,WRITER,REGDATE,VIEWCNT,REPLYCNT) values (85,'제목0000000085','내용내용NRXDVEUDWISJPSAKJKOUJNCWHQSRCPZSTPISXLLQUKTHEVFZWKPJOMOUHPVXUUWPXABMELADVHCOJHWEAHAQCONAEDPRFHFSKUTJ','작성자0000000085',to_date('18/09/09','RR/MM/DD'),0,0);
Insert into EDUC239.TBL_BOARD (BNO,TITLE,CONTENT,WRITER,REGDATE,VIEWCNT,REPLYCNT) values (86,'제목0000000086','내용내용GGDRSRXXUKZIXWOWIJPCDQDKSGVFCVXPOZWSZYOXYMICZDOOQVUOLXTYMZXUNVNIKVAWUCTHWYFDURYJBQUNTROAYTNMTBFJIJZU','작성자0000000086',to_date('18/09/09','RR/MM/DD'),0,0);
Insert into EDUC239.TBL_BOARD (BNO,TITLE,CONTENT,WRITER,REGDATE,VIEWCNT,REPLYCNT) values (87,'제목0000000087','내용내용FHVNUARFPSIOQRIGMBJJPNJODZQFIEXAZUXWQLTIJWOOLVTGDPSXXIJJHLTCEOFOMFKGDBPWYYYAJCVGOIDFMHJHGQZUAZXWBZVO','작성자0000000087',to_date('18/09/09','RR/MM/DD'),0,0);
Insert into EDUC239.TBL_BOARD (BNO,TITLE,CONTENT,WRITER,REGDATE,VIEWCNT,REPLYCNT) values (88,'제목0000000088','내용내용XJDBNQYGKEQWUWIQWPVTVJBDBNTAXTPGLYICZCLXMADBMHLWPTPXJXSYWWBLKOMWDYYUYTNIPZUHQNZQHJXHRHEIVJNKQXTPYBVK','작성자0000000088',to_date('18/09/09','RR/MM/DD'),0,0);
Insert into EDUC239.TBL_BOARD (BNO,TITLE,CONTENT,WRITER,REGDATE,VIEWCNT,REPLYCNT) values (89,'제목0000000089','내용내용AZEETKFAKRPDFZSBWREZHLEORHXOBQSRMEVATCHBZULBIFLMPYPGNAZSHCTUAXRXVKDZBADVLQAQRQBGGNUPQRJTGOUUAZZVEPAK','작성자0000000089',to_date('18/09/09','RR/MM/DD'),1,0);
Insert into EDUC239.TBL_BOARD (BNO,TITLE,CONTENT,WRITER,REGDATE,VIEWCNT,REPLYCNT) values (90,'제목0000000090','내용내용GPHAOQWFQAZNPNJRPBRCZYTCZCQQFBAXFJHUDRUHSIGWCELQBQXEOUMFRYRURXDVJGHSFEYIKYYCCESBSOUTWNDWHYOVOXDCPOOI','작성자0000000090',to_date('18/09/09','RR/MM/DD'),0,0);
Insert into EDUC239.TBL_BOARD (BNO,TITLE,CONTENT,WRITER,REGDATE,VIEWCNT,REPLYCNT) values (100068,'ㅇ','새로운 글을 넣습니다. ','user00',to_date('18/12/06','RR/MM/DD'),4,0);
Insert into EDUC239.TBL_BOARD (BNO,TITLE,CONTENT,WRITER,REGDATE,VIEWCNT,REPLYCNT) values (100065,'새로운 글을 넣습니다. ','새로운 글을 넣습니다. ','user00',to_date('18/12/06','RR/MM/DD'),0,0);
Insert into EDUC239.TBL_BOARD (BNO,TITLE,CONTENT,WRITER,REGDATE,VIEWCNT,REPLYCNT) values (100063,'새로운 글을 넣습니다. ','새로운 글을 넣습니다. ','user00',to_date('18/12/06','RR/MM/DD'),0,0);
Insert into EDUC239.TBL_BOARD (BNO,TITLE,CONTENT,WRITER,REGDATE,VIEWCNT,REPLYCNT) values (100069,'넣지마','넣지마 새로운 글을 넣습니다. ','user00',to_date('18/12/06','RR/MM/DD'),11,0);
Insert into EDUC239.TBL_BOARD (BNO,TITLE,CONTENT,WRITER,REGDATE,VIEWCNT,REPLYCNT) values (100066,'새로운 글을 넣습니다. ','새로운 글을 넣습니다. ','user00',to_date('18/12/06','RR/MM/DD'),1,0);
Insert into EDUC239.TBL_BOARD (BNO,TITLE,CONTENT,WRITER,REGDATE,VIEWCNT,REPLYCNT) values (100073,'아아아','으으으아','오오오오',to_date('18/12/07','RR/MM/DD'),9,0);
Insert into EDUC239.TBL_BOARD (BNO,TITLE,CONTENT,WRITER,REGDATE,VIEWCNT,REPLYCNT) values (100064,'새로운 글을 넣습니다. ','새로운 글을 넣습니다. ','user00',to_date('18/12/06','RR/MM/DD'),0,0);
Insert into EDUC239.TBL_BOARD (BNO,TITLE,CONTENT,WRITER,REGDATE,VIEWCNT,REPLYCNT) values (100067,'새로운 글을 넣습니다. ','새로운 글을 넣습니다. ','user00',to_date('18/12/06','RR/MM/DD'),2,0);
Insert into EDUC239.TBL_BOARD (BNO,TITLE,CONTENT,WRITER,REGDATE,VIEWCNT,REPLYCNT) values (100072,'으아','으아아아','아아아아',to_date('18/12/07','RR/MM/DD'),6,0);
Insert into EDUC239.TBL_BOARD (BNO,TITLE,CONTENT,WRITER,REGDATE,VIEWCNT,REPLYCNT) values (100083,'이거','말하는것?','user00',to_date('18/12/08','RR/MM/DD'),3,0);
REM INSERTING into EDUC239.TBL_REPLY
SET DEFINE OFF;
REM INSERTING into EDUC239.TBL_USER
SET DEFINE OFF;
Insert into EDUC239.TBL_USER (UIDS,UPW,UNAME,UPOINT,SESSIONKEY,SESSIONLIMIT) values ('user00','user00','user00',0,'50D9DA2BBE54C829BA17ED7A1A3B700C',to_timestamp('18/12/05 19:00:02.000000000','RR/MM/DD HH24:MI:SSXFF'));
REM INSERTING into EDUC239.TB_BUY_STAT
SET DEFINE OFF;
REM INSERTING into EDUC239.TB_CLAIM_BOARD
SET DEFINE OFF;
REM INSERTING into EDUC239.TB_CLAIM_BOARD_IMG
SET DEFINE OFF;
REM INSERTING into EDUC239.TB_EVENT
SET DEFINE OFF;
REM INSERTING into EDUC239.TB_EVENT_IMG
SET DEFINE OFF;
REM INSERTING into EDUC239.TB_FAVORITE
SET DEFINE OFF;
REM INSERTING into EDUC239.TB_FIRST_CATEGORY
SET DEFINE OFF;
Insert into EDUC239.TB_FIRST_CATEGORY (FIRST_CAT_NUM,FIRST_CAT_NAME) values (1,'컴퓨터/노트북');
REM INSERTING into EDUC239.TB_FREE_BOARD
SET DEFINE OFF;
Insert into EDUC239.TB_FREE_BOARD (FREE_BOARD_NUM,FREE_BOARD_TITLE,FREE_BOARD_CONT,FREE_BOARD_DATE,IMAGE_NUM,FREE_BOARD_HITS,FREE_BOARD_WRITER,USER_ID) values (100132,'이정욱은','제명이다',null,null,0,'admin','admin');
Insert into EDUC239.TB_FREE_BOARD (FREE_BOARD_NUM,FREE_BOARD_TITLE,FREE_BOARD_CONT,FREE_BOARD_DATE,IMAGE_NUM,FREE_BOARD_HITS,FREE_BOARD_WRITER,USER_ID) values (100108,'sddfsadfda','asdsa',null,null,4,'dsaad','admin');
Insert into EDUC239.TB_FREE_BOARD (FREE_BOARD_NUM,FREE_BOARD_TITLE,FREE_BOARD_CONT,FREE_BOARD_DATE,IMAGE_NUM,FREE_BOARD_HITS,FREE_BOARD_WRITER,USER_ID) values (1,'박지훈','아니 이거 대체 뭐여',null,null,16,'뭐지이거','admin');
Insert into EDUC239.TB_FREE_BOARD (FREE_BOARD_NUM,FREE_BOARD_TITLE,FREE_BOARD_CONT,FREE_BOARD_DATE,IMAGE_NUM,FREE_BOARD_HITS,FREE_BOARD_WRITER,USER_ID) values (100085,'123123','12312332',null,null,0,'123123123','admin');
Insert into EDUC239.TB_FREE_BOARD (FREE_BOARD_NUM,FREE_BOARD_TITLE,FREE_BOARD_CONT,FREE_BOARD_DATE,IMAGE_NUM,FREE_BOARD_HITS,FREE_BOARD_WRITER,USER_ID) values (100089,'asdasdf','asdfasfsf',null,null,1,'asdfasdf','admin');
Insert into EDUC239.TB_FREE_BOARD (FREE_BOARD_NUM,FREE_BOARD_TITLE,FREE_BOARD_CONT,FREE_BOARD_DATE,IMAGE_NUM,FREE_BOARD_HITS,FREE_BOARD_WRITER,USER_ID) values (100112,'테스트2','테스트2',null,null,0,'admin','admin');
Insert into EDUC239.TB_FREE_BOARD (FREE_BOARD_NUM,FREE_BOARD_TITLE,FREE_BOARD_CONT,FREE_BOARD_DATE,IMAGE_NUM,FREE_BOARD_HITS,FREE_BOARD_WRITER,USER_ID) values (100084,'가위바위','보',null,null,0,'df','admin');
Insert into EDUC239.TB_FREE_BOARD (FREE_BOARD_NUM,FREE_BOARD_TITLE,FREE_BOARD_CONT,FREE_BOARD_DATE,IMAGE_NUM,FREE_BOARD_HITS,FREE_BOARD_WRITER,USER_ID) values (100087,'이거는','잘되나',null,null,2,'강세훈','admin');
Insert into EDUC239.TB_FREE_BOARD (FREE_BOARD_NUM,FREE_BOARD_TITLE,FREE_BOARD_CONT,FREE_BOARD_DATE,IMAGE_NUM,FREE_BOARD_HITS,FREE_BOARD_WRITER,USER_ID) values (100128,'이거되나','됨?',null,null,1,'박지훈','admin');
Insert into EDUC239.TB_FREE_BOARD (FREE_BOARD_NUM,FREE_BOARD_TITLE,FREE_BOARD_CONT,FREE_BOARD_DATE,IMAGE_NUM,FREE_BOARD_HITS,FREE_BOARD_WRITER,USER_ID) values (100131,'9시23분','제발',null,null,1,'admin','admin');
Insert into EDUC239.TB_FREE_BOARD (FREE_BOARD_NUM,FREE_BOARD_TITLE,FREE_BOARD_CONT,FREE_BOARD_DATE,IMAGE_NUM,FREE_BOARD_HITS,FREE_BOARD_WRITER,USER_ID) values (100120,'실험','실험',null,null,0,'실험','admin');
Insert into EDUC239.TB_FREE_BOARD (FREE_BOARD_NUM,FREE_BOARD_TITLE,FREE_BOARD_CONT,FREE_BOARD_DATE,IMAGE_NUM,FREE_BOARD_HITS,FREE_BOARD_WRITER,USER_ID) values (100081,'dd','dd',null,null,0,'dd','admin');
Insert into EDUC239.TB_FREE_BOARD (FREE_BOARD_NUM,FREE_BOARD_TITLE,FREE_BOARD_CONT,FREE_BOARD_DATE,IMAGE_NUM,FREE_BOARD_HITS,FREE_BOARD_WRITER,USER_ID) values (100090,'rrrrrrrr','rrrrrrrr',null,null,0,'rrrrrrrr','admin');
Insert into EDUC239.TB_FREE_BOARD (FREE_BOARD_NUM,FREE_BOARD_TITLE,FREE_BOARD_CONT,FREE_BOARD_DATE,IMAGE_NUM,FREE_BOARD_HITS,FREE_BOARD_WRITER,USER_ID) values (100110,'한글테스트1','테스트',null,null,0,'몰라','admin');
REM INSERTING into EDUC239.TB_FREE_BOARD_IMG
SET DEFINE OFF;
REM INSERTING into EDUC239.TB_LAST_CATEGORY
SET DEFINE OFF;
Insert into EDUC239.TB_LAST_CATEGORY (LAST_CAT_NUM,THIRD_CAT_NUM,LAST_CAT_NAME) values (1,1,'듀얼코어');
Insert into EDUC239.TB_LAST_CATEGORY (LAST_CAT_NUM,THIRD_CAT_NUM,LAST_CAT_NAME) values (2,1,'쿼드코어');
Insert into EDUC239.TB_LAST_CATEGORY (LAST_CAT_NUM,THIRD_CAT_NUM,LAST_CAT_NAME) values (3,1,'헥사코어');
Insert into EDUC239.TB_LAST_CATEGORY (LAST_CAT_NUM,THIRD_CAT_NUM,LAST_CAT_NAME) values (4,1,'옥타코어');
REM INSERTING into EDUC239.TB_NOTICE
SET DEFINE OFF;
REM INSERTING into EDUC239.TB_NOTICE_IMG
SET DEFINE OFF;
REM INSERTING into EDUC239.TB_PRODUCT
SET DEFINE OFF;
Insert into EDUC239.TB_PRODUCT (PRO_NUM,PRO_NAME,PRO_LOW,PRO_SITE,PRO_MAIN_IMAGE,PRO_PRICE,PRO_PRICE3,PRO_EXPLAN,PRO_BUY_HITS,PRO_HITS,PRO_TAG,FIRST_CAT_NUM,SECOND_CAT_NUM,THIRD_CAT_NUM,LAST_CAT_NUM,PRODUCT_DETAIL_NUM,PRO_BUY,PRO_URL,PRO_URL2,PRO_PRICE2,PRO_URL3,PRO_DATE) values (17,'라이젠',1000,'옥션','http://image.itdonga.com/files/2018/03/26/003_9YzKR9R.jpg',1001,3003,'제품설명임',14,16,'TAG',1,1,1,1,1,'1','옥션01','옥션02',2002,'옥션03',to_date('18/12/10','RR/MM/DD'));
Insert into EDUC239.TB_PRODUCT (PRO_NUM,PRO_NAME,PRO_LOW,PRO_SITE,PRO_MAIN_IMAGE,PRO_PRICE,PRO_PRICE3,PRO_EXPLAN,PRO_BUY_HITS,PRO_HITS,PRO_TAG,FIRST_CAT_NUM,SECOND_CAT_NUM,THIRD_CAT_NUM,LAST_CAT_NUM,PRODUCT_DETAIL_NUM,PRO_BUY,PRO_URL,PRO_URL2,PRO_PRICE2,PRO_URL3,PRO_DATE) values (30,'AMD FX',100000,'(주)옥션','https://www.amd.com/system/files/fx-badge-1260x709.png',100000,100000,'8코어 8스레드 데스크탑 CPU',27,27,'TAG',1,1,1,1,1,null,'옥션','옥션2',100000,'옥션3',to_date('18/12/11','RR/MM/DD'));
Insert into EDUC239.TB_PRODUCT (PRO_NUM,PRO_NAME,PRO_LOW,PRO_SITE,PRO_MAIN_IMAGE,PRO_PRICE,PRO_PRICE3,PRO_EXPLAN,PRO_BUY_HITS,PRO_HITS,PRO_TAG,FIRST_CAT_NUM,SECOND_CAT_NUM,THIRD_CAT_NUM,LAST_CAT_NUM,PRODUCT_DETAIL_NUM,PRO_BUY,PRO_URL,PRO_URL2,PRO_PRICE2,PRO_URL3,PRO_DATE) values (31,'AMD FX',100000,'(주)옥션','https://www.amd.com/system/files/fx-badge-1260x709.png',100000,100000,'8코어 8스레드 데스크탑 CPU',28,28,'TAG',1,1,1,1,1,null,'옥션','옥션2',100000,'옥션3',to_date('18/12/11','RR/MM/DD'));
Insert into EDUC239.TB_PRODUCT (PRO_NUM,PRO_NAME,PRO_LOW,PRO_SITE,PRO_MAIN_IMAGE,PRO_PRICE,PRO_PRICE3,PRO_EXPLAN,PRO_BUY_HITS,PRO_HITS,PRO_TAG,FIRST_CAT_NUM,SECOND_CAT_NUM,THIRD_CAT_NUM,LAST_CAT_NUM,PRODUCT_DETAIL_NUM,PRO_BUY,PRO_URL,PRO_URL2,PRO_PRICE2,PRO_URL3,PRO_DATE) values (29,'AMD FX',100000,'(주)옥션','https://www.amd.com/system/files/fx-badge-1260x709.png',100000,100000,'8코어 8스레드 데스크탑 CPU',26,26,'TAG',1,1,1,1,1,null,'옥션','옥션2',100000,'옥션3',to_date('18/12/11','RR/MM/DD'));
Insert into EDUC239.TB_PRODUCT (PRO_NUM,PRO_NAME,PRO_LOW,PRO_SITE,PRO_MAIN_IMAGE,PRO_PRICE,PRO_PRICE3,PRO_EXPLAN,PRO_BUY_HITS,PRO_HITS,PRO_TAG,FIRST_CAT_NUM,SECOND_CAT_NUM,THIRD_CAT_NUM,LAST_CAT_NUM,PRODUCT_DETAIL_NUM,PRO_BUY,PRO_URL,PRO_URL2,PRO_PRICE2,PRO_URL3,PRO_DATE) values (32,'AMD FX',100000,'(주)옥션','https://www.amd.com/system/files/fx-badge-1260x709.png',100000,100000,'8코어 8스레드 데스크탑 CPU',29,30,'TAG',1,1,1,1,1,null,'옥션','옥션2',100000,'옥션3',to_date('18/12/11','RR/MM/DD'));
Insert into EDUC239.TB_PRODUCT (PRO_NUM,PRO_NAME,PRO_LOW,PRO_SITE,PRO_MAIN_IMAGE,PRO_PRICE,PRO_PRICE3,PRO_EXPLAN,PRO_BUY_HITS,PRO_HITS,PRO_TAG,FIRST_CAT_NUM,SECOND_CAT_NUM,THIRD_CAT_NUM,LAST_CAT_NUM,PRODUCT_DETAIL_NUM,PRO_BUY,PRO_URL,PRO_URL2,PRO_PRICE2,PRO_URL3,PRO_DATE) values (33,'AMD FX',100000,'(주)옥션','https://www.amd.com/system/files/fx-badge-1260x709.png',100000,100000,'8코어 8스레드 데스크탑 CPU',30,30,'TAG',1,1,1,1,1,null,'옥션','옥션2',100000,'옥션3',to_date('18/12/11','RR/MM/DD'));
Insert into EDUC239.TB_PRODUCT (PRO_NUM,PRO_NAME,PRO_LOW,PRO_SITE,PRO_MAIN_IMAGE,PRO_PRICE,PRO_PRICE3,PRO_EXPLAN,PRO_BUY_HITS,PRO_HITS,PRO_TAG,FIRST_CAT_NUM,SECOND_CAT_NUM,THIRD_CAT_NUM,LAST_CAT_NUM,PRODUCT_DETAIL_NUM,PRO_BUY,PRO_URL,PRO_URL2,PRO_PRICE2,PRO_URL3,PRO_DATE) values (34,'AMD FX',100000,'(주)옥션','https://www.amd.com/system/files/fx-badge-1260x709.png',100000,100000,'8코어 8스레드 데스크탑 CPU',31,31,'TAG',1,1,1,1,1,null,'옥션','옥션2',100000,'옥션3',to_date('18/12/11','RR/MM/DD'));
Insert into EDUC239.TB_PRODUCT (PRO_NUM,PRO_NAME,PRO_LOW,PRO_SITE,PRO_MAIN_IMAGE,PRO_PRICE,PRO_PRICE3,PRO_EXPLAN,PRO_BUY_HITS,PRO_HITS,PRO_TAG,FIRST_CAT_NUM,SECOND_CAT_NUM,THIRD_CAT_NUM,LAST_CAT_NUM,PRODUCT_DETAIL_NUM,PRO_BUY,PRO_URL,PRO_URL2,PRO_PRICE2,PRO_URL3,PRO_DATE) values (35,'AMD FX',100000,'(주)옥션','https://www.amd.com/system/files/fx-badge-1260x709.png',100000,100000,'8코어 8스레드 데스크탑 CPU',32,32,'TAG',1,1,1,1,1,null,'옥션','옥션2',100000,'옥션3',to_date('18/12/11','RR/MM/DD'));
Insert into EDUC239.TB_PRODUCT (PRO_NUM,PRO_NAME,PRO_LOW,PRO_SITE,PRO_MAIN_IMAGE,PRO_PRICE,PRO_PRICE3,PRO_EXPLAN,PRO_BUY_HITS,PRO_HITS,PRO_TAG,FIRST_CAT_NUM,SECOND_CAT_NUM,THIRD_CAT_NUM,LAST_CAT_NUM,PRODUCT_DETAIL_NUM,PRO_BUY,PRO_URL,PRO_URL2,PRO_PRICE2,PRO_URL3,PRO_DATE) values (36,'AMD FX',100000,'(주)옥션','https://www.amd.com/system/files/fx-badge-1260x709.png',100000,100000,'8코어 8스레드 데스크탑 CPU',33,33,'TAG',1,1,1,1,1,null,'옥션','옥션2',100000,'옥션3',to_date('18/12/11','RR/MM/DD'));
Insert into EDUC239.TB_PRODUCT (PRO_NUM,PRO_NAME,PRO_LOW,PRO_SITE,PRO_MAIN_IMAGE,PRO_PRICE,PRO_PRICE3,PRO_EXPLAN,PRO_BUY_HITS,PRO_HITS,PRO_TAG,FIRST_CAT_NUM,SECOND_CAT_NUM,THIRD_CAT_NUM,LAST_CAT_NUM,PRODUCT_DETAIL_NUM,PRO_BUY,PRO_URL,PRO_URL2,PRO_PRICE2,PRO_URL3,PRO_DATE) values (37,'AMD FX',100000,'(주)옥션','https://www.amd.com/system/files/fx-badge-1260x709.png',100000,100000,'8코어 8스레드 데스크탑 CPU',34,34,'TAG',1,1,1,1,1,null,'옥션','옥션2',100000,'옥션3',to_date('18/12/11','RR/MM/DD'));
Insert into EDUC239.TB_PRODUCT (PRO_NUM,PRO_NAME,PRO_LOW,PRO_SITE,PRO_MAIN_IMAGE,PRO_PRICE,PRO_PRICE3,PRO_EXPLAN,PRO_BUY_HITS,PRO_HITS,PRO_TAG,FIRST_CAT_NUM,SECOND_CAT_NUM,THIRD_CAT_NUM,LAST_CAT_NUM,PRODUCT_DETAIL_NUM,PRO_BUY,PRO_URL,PRO_URL2,PRO_PRICE2,PRO_URL3,PRO_DATE) values (38,'AMD FX',100000,'(주)옥션','https://www.amd.com/system/files/fx-badge-1260x709.png',100000,100000,'8코어 8스레드 데스크탑 CPU',35,35,'TAG',1,1,1,1,1,null,'옥션','옥션2',100000,'옥션3',to_date('18/12/11','RR/MM/DD'));
Insert into EDUC239.TB_PRODUCT (PRO_NUM,PRO_NAME,PRO_LOW,PRO_SITE,PRO_MAIN_IMAGE,PRO_PRICE,PRO_PRICE3,PRO_EXPLAN,PRO_BUY_HITS,PRO_HITS,PRO_TAG,FIRST_CAT_NUM,SECOND_CAT_NUM,THIRD_CAT_NUM,LAST_CAT_NUM,PRODUCT_DETAIL_NUM,PRO_BUY,PRO_URL,PRO_URL2,PRO_PRICE2,PRO_URL3,PRO_DATE) values (39,'AMD FX',100000,'(주)옥션','https://www.amd.com/system/files/fx-badge-1260x709.png',100000,100000,'8코어 8스레드 데스크탑 CPU',36,36,'TAG',1,1,1,1,1,null,'옥션','옥션2',100000,'옥션3',to_date('18/12/11','RR/MM/DD'));
Insert into EDUC239.TB_PRODUCT (PRO_NUM,PRO_NAME,PRO_LOW,PRO_SITE,PRO_MAIN_IMAGE,PRO_PRICE,PRO_PRICE3,PRO_EXPLAN,PRO_BUY_HITS,PRO_HITS,PRO_TAG,FIRST_CAT_NUM,SECOND_CAT_NUM,THIRD_CAT_NUM,LAST_CAT_NUM,PRODUCT_DETAIL_NUM,PRO_BUY,PRO_URL,PRO_URL2,PRO_PRICE2,PRO_URL3,PRO_DATE) values (40,'AMD FX',100000,'(주)옥션','https://www.amd.com/system/files/fx-badge-1260x709.png',100000,100000,'8코어 8스레드 데스크탑 CPU',37,37,'TAG',1,1,1,1,1,null,'옥션','옥션2',100000,'옥션3',to_date('18/12/11','RR/MM/DD'));
Insert into EDUC239.TB_PRODUCT (PRO_NUM,PRO_NAME,PRO_LOW,PRO_SITE,PRO_MAIN_IMAGE,PRO_PRICE,PRO_PRICE3,PRO_EXPLAN,PRO_BUY_HITS,PRO_HITS,PRO_TAG,FIRST_CAT_NUM,SECOND_CAT_NUM,THIRD_CAT_NUM,LAST_CAT_NUM,PRODUCT_DETAIL_NUM,PRO_BUY,PRO_URL,PRO_URL2,PRO_PRICE2,PRO_URL3,PRO_DATE) values (41,'AMD FX',100000,'(주)옥션','https://www.amd.com/system/files/fx-badge-1260x709.png',100000,100000,'8코어 8스레드 데스크탑 CPU',38,38,'TAG',1,1,1,1,1,null,'옥션','옥션2',100000,'옥션3',to_date('18/12/11','RR/MM/DD'));
Insert into EDUC239.TB_PRODUCT (PRO_NUM,PRO_NAME,PRO_LOW,PRO_SITE,PRO_MAIN_IMAGE,PRO_PRICE,PRO_PRICE3,PRO_EXPLAN,PRO_BUY_HITS,PRO_HITS,PRO_TAG,FIRST_CAT_NUM,SECOND_CAT_NUM,THIRD_CAT_NUM,LAST_CAT_NUM,PRODUCT_DETAIL_NUM,PRO_BUY,PRO_URL,PRO_URL2,PRO_PRICE2,PRO_URL3,PRO_DATE) values (42,'AMD FX',100000,'(주)옥션','https://www.amd.com/system/files/fx-badge-1260x709.png',100000,100000,'8코어 8스레드 데스크탑 CPU',39,39,'TAG',1,1,1,1,1,null,'옥션','옥션2',100000,'옥션3',to_date('18/12/11','RR/MM/DD'));
Insert into EDUC239.TB_PRODUCT (PRO_NUM,PRO_NAME,PRO_LOW,PRO_SITE,PRO_MAIN_IMAGE,PRO_PRICE,PRO_PRICE3,PRO_EXPLAN,PRO_BUY_HITS,PRO_HITS,PRO_TAG,FIRST_CAT_NUM,SECOND_CAT_NUM,THIRD_CAT_NUM,LAST_CAT_NUM,PRODUCT_DETAIL_NUM,PRO_BUY,PRO_URL,PRO_URL2,PRO_PRICE2,PRO_URL3,PRO_DATE) values (43,'AMD FX',100000,'(주)옥션','https://www.amd.com/system/files/fx-badge-1260x709.png',100000,100000,'8코어 8스레드 데스크탑 CPU',40,40,'TAG',1,1,1,1,1,null,'옥션','옥션2',100000,'옥션3',to_date('18/12/11','RR/MM/DD'));
Insert into EDUC239.TB_PRODUCT (PRO_NUM,PRO_NAME,PRO_LOW,PRO_SITE,PRO_MAIN_IMAGE,PRO_PRICE,PRO_PRICE3,PRO_EXPLAN,PRO_BUY_HITS,PRO_HITS,PRO_TAG,FIRST_CAT_NUM,SECOND_CAT_NUM,THIRD_CAT_NUM,LAST_CAT_NUM,PRODUCT_DETAIL_NUM,PRO_BUY,PRO_URL,PRO_URL2,PRO_PRICE2,PRO_URL3,PRO_DATE) values (44,'AMD FX',100000,'(주)옥션','https://www.amd.com/system/files/fx-badge-1260x709.png',100000,100000,'8코어 8스레드 데스크탑 CPU',41,41,'TAG',1,1,1,1,1,null,'옥션','옥션2',100000,'옥션3',to_date('18/12/11','RR/MM/DD'));
Insert into EDUC239.TB_PRODUCT (PRO_NUM,PRO_NAME,PRO_LOW,PRO_SITE,PRO_MAIN_IMAGE,PRO_PRICE,PRO_PRICE3,PRO_EXPLAN,PRO_BUY_HITS,PRO_HITS,PRO_TAG,FIRST_CAT_NUM,SECOND_CAT_NUM,THIRD_CAT_NUM,LAST_CAT_NUM,PRODUCT_DETAIL_NUM,PRO_BUY,PRO_URL,PRO_URL2,PRO_PRICE2,PRO_URL3,PRO_DATE) values (45,'AMD FX',100000,'(주)옥션','https://www.amd.com/system/files/fx-badge-1260x709.png',100000,100000,'8코어 8스레드 데스크탑 CPU',42,42,'TAG',1,1,1,1,1,null,'옥션','옥션2',100000,'옥션3',to_date('18/12/11','RR/MM/DD'));
Insert into EDUC239.TB_PRODUCT (PRO_NUM,PRO_NAME,PRO_LOW,PRO_SITE,PRO_MAIN_IMAGE,PRO_PRICE,PRO_PRICE3,PRO_EXPLAN,PRO_BUY_HITS,PRO_HITS,PRO_TAG,FIRST_CAT_NUM,SECOND_CAT_NUM,THIRD_CAT_NUM,LAST_CAT_NUM,PRODUCT_DETAIL_NUM,PRO_BUY,PRO_URL,PRO_URL2,PRO_PRICE2,PRO_URL3,PRO_DATE) values (46,'AMD FX',100000,'(주)옥션','https://www.amd.com/system/files/fx-badge-1260x709.png',100000,100000,'8코어 8스레드 데스크탑 CPU',43,43,'TAG',1,1,1,1,1,null,'옥션','옥션2',100000,'옥션3',to_date('18/12/11','RR/MM/DD'));
Insert into EDUC239.TB_PRODUCT (PRO_NUM,PRO_NAME,PRO_LOW,PRO_SITE,PRO_MAIN_IMAGE,PRO_PRICE,PRO_PRICE3,PRO_EXPLAN,PRO_BUY_HITS,PRO_HITS,PRO_TAG,FIRST_CAT_NUM,SECOND_CAT_NUM,THIRD_CAT_NUM,LAST_CAT_NUM,PRODUCT_DETAIL_NUM,PRO_BUY,PRO_URL,PRO_URL2,PRO_PRICE2,PRO_URL3,PRO_DATE) values (47,'AMD FX',100000,'(주)옥션','https://www.amd.com/system/files/fx-badge-1260x709.png',100000,100000,'8코어 8스레드 데스크탑 CPU',44,44,'TAG',1,1,1,1,1,null,'옥션','옥션2',100000,'옥션3',to_date('18/12/11','RR/MM/DD'));
Insert into EDUC239.TB_PRODUCT (PRO_NUM,PRO_NAME,PRO_LOW,PRO_SITE,PRO_MAIN_IMAGE,PRO_PRICE,PRO_PRICE3,PRO_EXPLAN,PRO_BUY_HITS,PRO_HITS,PRO_TAG,FIRST_CAT_NUM,SECOND_CAT_NUM,THIRD_CAT_NUM,LAST_CAT_NUM,PRODUCT_DETAIL_NUM,PRO_BUY,PRO_URL,PRO_URL2,PRO_PRICE2,PRO_URL3,PRO_DATE) values (48,'AMD FX',100000,'(주)옥션','https://www.amd.com/system/files/fx-badge-1260x709.png',100000,100000,'8코어 8스레드 데스크탑 CPU',45,45,'TAG',1,1,1,1,1,null,'옥션','옥션2',100000,'옥션3',to_date('18/12/11','RR/MM/DD'));
Insert into EDUC239.TB_PRODUCT (PRO_NUM,PRO_NAME,PRO_LOW,PRO_SITE,PRO_MAIN_IMAGE,PRO_PRICE,PRO_PRICE3,PRO_EXPLAN,PRO_BUY_HITS,PRO_HITS,PRO_TAG,FIRST_CAT_NUM,SECOND_CAT_NUM,THIRD_CAT_NUM,LAST_CAT_NUM,PRODUCT_DETAIL_NUM,PRO_BUY,PRO_URL,PRO_URL2,PRO_PRICE2,PRO_URL3,PRO_DATE) values (49,'AMD FX',100000,'(주)옥션','https://www.amd.com/system/files/fx-badge-1260x709.png',100000,100000,'8코어 8스레드 데스크탑 CPU',46,46,'TAG',1,1,1,1,1,null,'옥션','옥션2',100000,'옥션3',to_date('18/12/11','RR/MM/DD'));
Insert into EDUC239.TB_PRODUCT (PRO_NUM,PRO_NAME,PRO_LOW,PRO_SITE,PRO_MAIN_IMAGE,PRO_PRICE,PRO_PRICE3,PRO_EXPLAN,PRO_BUY_HITS,PRO_HITS,PRO_TAG,FIRST_CAT_NUM,SECOND_CAT_NUM,THIRD_CAT_NUM,LAST_CAT_NUM,PRODUCT_DETAIL_NUM,PRO_BUY,PRO_URL,PRO_URL2,PRO_PRICE2,PRO_URL3,PRO_DATE) values (50,'AMD FX',100000,'(주)옥션','https://www.amd.com/system/files/fx-badge-1260x709.png',100000,100000,'8코어 8스레드 데스크탑 CPU',47,47,'TAG',1,1,1,1,1,null,'옥션','옥션2',100000,'옥션3',to_date('18/12/11','RR/MM/DD'));
Insert into EDUC239.TB_PRODUCT (PRO_NUM,PRO_NAME,PRO_LOW,PRO_SITE,PRO_MAIN_IMAGE,PRO_PRICE,PRO_PRICE3,PRO_EXPLAN,PRO_BUY_HITS,PRO_HITS,PRO_TAG,FIRST_CAT_NUM,SECOND_CAT_NUM,THIRD_CAT_NUM,LAST_CAT_NUM,PRODUCT_DETAIL_NUM,PRO_BUY,PRO_URL,PRO_URL2,PRO_PRICE2,PRO_URL3,PRO_DATE) values (51,'AMD FX',100000,'(주)옥션','https://www.amd.com/system/files/fx-badge-1260x709.png',100000,100000,'8코어 8스레드 데스크탑 CPU',48,48,'TAG',1,1,1,1,1,null,'옥션','옥션2',100000,'옥션3',to_date('18/12/11','RR/MM/DD'));
Insert into EDUC239.TB_PRODUCT (PRO_NUM,PRO_NAME,PRO_LOW,PRO_SITE,PRO_MAIN_IMAGE,PRO_PRICE,PRO_PRICE3,PRO_EXPLAN,PRO_BUY_HITS,PRO_HITS,PRO_TAG,FIRST_CAT_NUM,SECOND_CAT_NUM,THIRD_CAT_NUM,LAST_CAT_NUM,PRODUCT_DETAIL_NUM,PRO_BUY,PRO_URL,PRO_URL2,PRO_PRICE2,PRO_URL3,PRO_DATE) values (52,'AMD FX',100000,'(주)옥션','https://www.amd.com/system/files/fx-badge-1260x709.png',100000,100000,'8코어 8스레드 데스크탑 CPU',49,49,'TAG',1,1,1,1,1,null,'옥션','옥션2',100000,'옥션3',to_date('18/12/11','RR/MM/DD'));
Insert into EDUC239.TB_PRODUCT (PRO_NUM,PRO_NAME,PRO_LOW,PRO_SITE,PRO_MAIN_IMAGE,PRO_PRICE,PRO_PRICE3,PRO_EXPLAN,PRO_BUY_HITS,PRO_HITS,PRO_TAG,FIRST_CAT_NUM,SECOND_CAT_NUM,THIRD_CAT_NUM,LAST_CAT_NUM,PRODUCT_DETAIL_NUM,PRO_BUY,PRO_URL,PRO_URL2,PRO_PRICE2,PRO_URL3,PRO_DATE) values (53,'AMD FX',100000,'(주)옥션','https://www.amd.com/system/files/fx-badge-1260x709.png',100000,100000,'8코어 8스레드 데스크탑 CPU',50,50,'TAG',1,1,1,1,1,null,'옥션','옥션2',100000,'옥션3',to_date('18/12/11','RR/MM/DD'));
Insert into EDUC239.TB_PRODUCT (PRO_NUM,PRO_NAME,PRO_LOW,PRO_SITE,PRO_MAIN_IMAGE,PRO_PRICE,PRO_PRICE3,PRO_EXPLAN,PRO_BUY_HITS,PRO_HITS,PRO_TAG,FIRST_CAT_NUM,SECOND_CAT_NUM,THIRD_CAT_NUM,LAST_CAT_NUM,PRODUCT_DETAIL_NUM,PRO_BUY,PRO_URL,PRO_URL2,PRO_PRICE2,PRO_URL3,PRO_DATE) values (54,'AMD FX',100000,'(주)옥션','https://www.amd.com/system/files/fx-badge-1260x709.png',100000,100000,'8코어 8스레드 데스크탑 CPU',51,51,'TAG',1,1,1,1,1,null,'옥션','옥션2',100000,'옥션3',to_date('18/12/11','RR/MM/DD'));
Insert into EDUC239.TB_PRODUCT (PRO_NUM,PRO_NAME,PRO_LOW,PRO_SITE,PRO_MAIN_IMAGE,PRO_PRICE,PRO_PRICE3,PRO_EXPLAN,PRO_BUY_HITS,PRO_HITS,PRO_TAG,FIRST_CAT_NUM,SECOND_CAT_NUM,THIRD_CAT_NUM,LAST_CAT_NUM,PRODUCT_DETAIL_NUM,PRO_BUY,PRO_URL,PRO_URL2,PRO_PRICE2,PRO_URL3,PRO_DATE) values (55,'AMD FX',100000,'(주)옥션','https://www.amd.com/system/files/fx-badge-1260x709.png',100000,100000,'8코어 8스레드 데스크탑 CPU',52,52,'TAG',1,1,1,1,1,null,'옥션','옥션2',100000,'옥션3',to_date('18/12/11','RR/MM/DD'));
Insert into EDUC239.TB_PRODUCT (PRO_NUM,PRO_NAME,PRO_LOW,PRO_SITE,PRO_MAIN_IMAGE,PRO_PRICE,PRO_PRICE3,PRO_EXPLAN,PRO_BUY_HITS,PRO_HITS,PRO_TAG,FIRST_CAT_NUM,SECOND_CAT_NUM,THIRD_CAT_NUM,LAST_CAT_NUM,PRODUCT_DETAIL_NUM,PRO_BUY,PRO_URL,PRO_URL2,PRO_PRICE2,PRO_URL3,PRO_DATE) values (56,'AMD FX',100000,'(주)옥션','https://www.amd.com/system/files/fx-badge-1260x709.png',100000,100000,'8코어 8스레드 데스크탑 CPU',53,53,'TAG',1,1,1,1,1,null,'옥션','옥션2',100000,'옥션3',to_date('18/12/11','RR/MM/DD'));
Insert into EDUC239.TB_PRODUCT (PRO_NUM,PRO_NAME,PRO_LOW,PRO_SITE,PRO_MAIN_IMAGE,PRO_PRICE,PRO_PRICE3,PRO_EXPLAN,PRO_BUY_HITS,PRO_HITS,PRO_TAG,FIRST_CAT_NUM,SECOND_CAT_NUM,THIRD_CAT_NUM,LAST_CAT_NUM,PRODUCT_DETAIL_NUM,PRO_BUY,PRO_URL,PRO_URL2,PRO_PRICE2,PRO_URL3,PRO_DATE) values (57,'AMD FX',100000,'(주)옥션','https://www.amd.com/system/files/fx-badge-1260x709.png',100000,100000,'8코어 8스레드 데스크탑 CPU',54,54,'TAG',1,1,1,1,1,null,'옥션','옥션2',100000,'옥션3',to_date('18/12/11','RR/MM/DD'));
Insert into EDUC239.TB_PRODUCT (PRO_NUM,PRO_NAME,PRO_LOW,PRO_SITE,PRO_MAIN_IMAGE,PRO_PRICE,PRO_PRICE3,PRO_EXPLAN,PRO_BUY_HITS,PRO_HITS,PRO_TAG,FIRST_CAT_NUM,SECOND_CAT_NUM,THIRD_CAT_NUM,LAST_CAT_NUM,PRODUCT_DETAIL_NUM,PRO_BUY,PRO_URL,PRO_URL2,PRO_PRICE2,PRO_URL3,PRO_DATE) values (58,'AMD FX',100000,'(주)옥션','https://www.amd.com/system/files/fx-badge-1260x709.png',100000,100000,'8코어 8스레드 데스크탑 CPU',55,55,'TAG',1,1,1,1,1,null,'옥션','옥션2',100000,'옥션3',to_date('18/12/11','RR/MM/DD'));
Insert into EDUC239.TB_PRODUCT (PRO_NUM,PRO_NAME,PRO_LOW,PRO_SITE,PRO_MAIN_IMAGE,PRO_PRICE,PRO_PRICE3,PRO_EXPLAN,PRO_BUY_HITS,PRO_HITS,PRO_TAG,FIRST_CAT_NUM,SECOND_CAT_NUM,THIRD_CAT_NUM,LAST_CAT_NUM,PRODUCT_DETAIL_NUM,PRO_BUY,PRO_URL,PRO_URL2,PRO_PRICE2,PRO_URL3,PRO_DATE) values (59,'AMD FX',100000,'(주)옥션','https://www.amd.com/system/files/fx-badge-1260x709.png',100000,100000,'8코어 8스레드 데스크탑 CPU',56,56,'TAG',1,1,1,1,1,null,'옥션','옥션2',100000,'옥션3',to_date('18/12/11','RR/MM/DD'));
Insert into EDUC239.TB_PRODUCT (PRO_NUM,PRO_NAME,PRO_LOW,PRO_SITE,PRO_MAIN_IMAGE,PRO_PRICE,PRO_PRICE3,PRO_EXPLAN,PRO_BUY_HITS,PRO_HITS,PRO_TAG,FIRST_CAT_NUM,SECOND_CAT_NUM,THIRD_CAT_NUM,LAST_CAT_NUM,PRODUCT_DETAIL_NUM,PRO_BUY,PRO_URL,PRO_URL2,PRO_PRICE2,PRO_URL3,PRO_DATE) values (60,'AMD FX',100000,'(주)옥션','https://www.amd.com/system/files/fx-badge-1260x709.png',100000,100000,'8코어 8스레드 데스크탑 CPU',57,57,'TAG',1,1,1,1,1,null,'옥션','옥션2',100000,'옥션3',to_date('18/12/11','RR/MM/DD'));
Insert into EDUC239.TB_PRODUCT (PRO_NUM,PRO_NAME,PRO_LOW,PRO_SITE,PRO_MAIN_IMAGE,PRO_PRICE,PRO_PRICE3,PRO_EXPLAN,PRO_BUY_HITS,PRO_HITS,PRO_TAG,FIRST_CAT_NUM,SECOND_CAT_NUM,THIRD_CAT_NUM,LAST_CAT_NUM,PRODUCT_DETAIL_NUM,PRO_BUY,PRO_URL,PRO_URL2,PRO_PRICE2,PRO_URL3,PRO_DATE) values (61,'AMD FX',100000,'(주)옥션','https://www.amd.com/system/files/fx-badge-1260x709.png',100000,100000,'8코어 8스레드 데스크탑 CPU',58,58,'TAG',1,1,1,1,1,null,'옥션','옥션2',100000,'옥션3',to_date('18/12/11','RR/MM/DD'));
Insert into EDUC239.TB_PRODUCT (PRO_NUM,PRO_NAME,PRO_LOW,PRO_SITE,PRO_MAIN_IMAGE,PRO_PRICE,PRO_PRICE3,PRO_EXPLAN,PRO_BUY_HITS,PRO_HITS,PRO_TAG,FIRST_CAT_NUM,SECOND_CAT_NUM,THIRD_CAT_NUM,LAST_CAT_NUM,PRODUCT_DETAIL_NUM,PRO_BUY,PRO_URL,PRO_URL2,PRO_PRICE2,PRO_URL3,PRO_DATE) values (62,'AMD FX',100000,'(주)옥션','https://www.amd.com/system/files/fx-badge-1260x709.png',100000,100000,'8코어 8스레드 데스크탑 CPU',59,59,'TAG',1,1,1,1,1,null,'옥션','옥션2',100000,'옥션3',to_date('18/12/11','RR/MM/DD'));
Insert into EDUC239.TB_PRODUCT (PRO_NUM,PRO_NAME,PRO_LOW,PRO_SITE,PRO_MAIN_IMAGE,PRO_PRICE,PRO_PRICE3,PRO_EXPLAN,PRO_BUY_HITS,PRO_HITS,PRO_TAG,FIRST_CAT_NUM,SECOND_CAT_NUM,THIRD_CAT_NUM,LAST_CAT_NUM,PRODUCT_DETAIL_NUM,PRO_BUY,PRO_URL,PRO_URL2,PRO_PRICE2,PRO_URL3,PRO_DATE) values (63,'AMD FX',100000,'(주)옥션','https://www.amd.com/system/files/fx-badge-1260x709.png',100000,100000,'8코어 8스레드 데스크탑 CPU',60,60,'TAG',1,1,1,1,1,null,'옥션','옥션2',100000,'옥션3',to_date('18/12/11','RR/MM/DD'));
Insert into EDUC239.TB_PRODUCT (PRO_NUM,PRO_NAME,PRO_LOW,PRO_SITE,PRO_MAIN_IMAGE,PRO_PRICE,PRO_PRICE3,PRO_EXPLAN,PRO_BUY_HITS,PRO_HITS,PRO_TAG,FIRST_CAT_NUM,SECOND_CAT_NUM,THIRD_CAT_NUM,LAST_CAT_NUM,PRODUCT_DETAIL_NUM,PRO_BUY,PRO_URL,PRO_URL2,PRO_PRICE2,PRO_URL3,PRO_DATE) values (64,'AMD FX',100000,'(주)옥션','https://www.amd.com/system/files/fx-badge-1260x709.png',100000,100000,'8코어 8스레드 데스크탑 CPU',61,61,'TAG',1,1,1,1,1,null,'옥션','옥션2',100000,'옥션3',to_date('18/12/11','RR/MM/DD'));
Insert into EDUC239.TB_PRODUCT (PRO_NUM,PRO_NAME,PRO_LOW,PRO_SITE,PRO_MAIN_IMAGE,PRO_PRICE,PRO_PRICE3,PRO_EXPLAN,PRO_BUY_HITS,PRO_HITS,PRO_TAG,FIRST_CAT_NUM,SECOND_CAT_NUM,THIRD_CAT_NUM,LAST_CAT_NUM,PRODUCT_DETAIL_NUM,PRO_BUY,PRO_URL,PRO_URL2,PRO_PRICE2,PRO_URL3,PRO_DATE) values (65,'AMD FX',100000,'(주)옥션','https://www.amd.com/system/files/fx-badge-1260x709.png',100000,100000,'8코어 8스레드 데스크탑 CPU',62,62,'TAG',1,1,1,1,1,null,'옥션','옥션2',100000,'옥션3',to_date('18/12/11','RR/MM/DD'));
Insert into EDUC239.TB_PRODUCT (PRO_NUM,PRO_NAME,PRO_LOW,PRO_SITE,PRO_MAIN_IMAGE,PRO_PRICE,PRO_PRICE3,PRO_EXPLAN,PRO_BUY_HITS,PRO_HITS,PRO_TAG,FIRST_CAT_NUM,SECOND_CAT_NUM,THIRD_CAT_NUM,LAST_CAT_NUM,PRODUCT_DETAIL_NUM,PRO_BUY,PRO_URL,PRO_URL2,PRO_PRICE2,PRO_URL3,PRO_DATE) values (178,'AMD FX',100000,'(주)옥션','https://www.amd.com/system/files/fx-badge-1260x709.png',100000,100000,'8코어 8스레드 데스크탑 CPU',175,175,'TAG',1,1,1,1,1,null,'옥션','옥션2',100000,'옥션3',to_date('18/12/11','RR/MM/DD'));
Insert into EDUC239.TB_PRODUCT (PRO_NUM,PRO_NAME,PRO_LOW,PRO_SITE,PRO_MAIN_IMAGE,PRO_PRICE,PRO_PRICE3,PRO_EXPLAN,PRO_BUY_HITS,PRO_HITS,PRO_TAG,FIRST_CAT_NUM,SECOND_CAT_NUM,THIRD_CAT_NUM,LAST_CAT_NUM,PRODUCT_DETAIL_NUM,PRO_BUY,PRO_URL,PRO_URL2,PRO_PRICE2,PRO_URL3,PRO_DATE) values (66,'AMD FX',100000,'(주)옥션','https://www.amd.com/system/files/fx-badge-1260x709.png',100000,100000,'8코어 8스레드 데스크탑 CPU',63,63,'TAG',1,1,1,1,1,null,'옥션','옥션2',100000,'옥션3',to_date('18/12/11','RR/MM/DD'));
Insert into EDUC239.TB_PRODUCT (PRO_NUM,PRO_NAME,PRO_LOW,PRO_SITE,PRO_MAIN_IMAGE,PRO_PRICE,PRO_PRICE3,PRO_EXPLAN,PRO_BUY_HITS,PRO_HITS,PRO_TAG,FIRST_CAT_NUM,SECOND_CAT_NUM,THIRD_CAT_NUM,LAST_CAT_NUM,PRODUCT_DETAIL_NUM,PRO_BUY,PRO_URL,PRO_URL2,PRO_PRICE2,PRO_URL3,PRO_DATE) values (142,'AMD FX',100000,'(주)옥션','https://www.amd.com/system/files/fx-badge-1260x709.png',100000,100000,'8코어 8스레드 데스크탑 CPU',139,139,'TAG',1,1,1,1,1,null,'옥션','옥션2',100000,'옥션3',to_date('18/12/11','RR/MM/DD'));
Insert into EDUC239.TB_PRODUCT (PRO_NUM,PRO_NAME,PRO_LOW,PRO_SITE,PRO_MAIN_IMAGE,PRO_PRICE,PRO_PRICE3,PRO_EXPLAN,PRO_BUY_HITS,PRO_HITS,PRO_TAG,FIRST_CAT_NUM,SECOND_CAT_NUM,THIRD_CAT_NUM,LAST_CAT_NUM,PRODUCT_DETAIL_NUM,PRO_BUY,PRO_URL,PRO_URL2,PRO_PRICE2,PRO_URL3,PRO_DATE) values (143,'AMD FX',100000,'(주)옥션','https://www.amd.com/system/files/fx-badge-1260x709.png',100000,100000,'8코어 8스레드 데스크탑 CPU',140,140,'TAG',1,1,1,1,1,null,'옥션','옥션2',100000,'옥션3',to_date('18/12/11','RR/MM/DD'));
Insert into EDUC239.TB_PRODUCT (PRO_NUM,PRO_NAME,PRO_LOW,PRO_SITE,PRO_MAIN_IMAGE,PRO_PRICE,PRO_PRICE3,PRO_EXPLAN,PRO_BUY_HITS,PRO_HITS,PRO_TAG,FIRST_CAT_NUM,SECOND_CAT_NUM,THIRD_CAT_NUM,LAST_CAT_NUM,PRODUCT_DETAIL_NUM,PRO_BUY,PRO_URL,PRO_URL2,PRO_PRICE2,PRO_URL3,PRO_DATE) values (144,'AMD FX',100000,'(주)옥션','https://www.amd.com/system/files/fx-badge-1260x709.png',100000,100000,'8코어 8스레드 데스크탑 CPU',141,141,'TAG',1,1,1,1,1,null,'옥션','옥션2',100000,'옥션3',to_date('18/12/11','RR/MM/DD'));
Insert into EDUC239.TB_PRODUCT (PRO_NUM,PRO_NAME,PRO_LOW,PRO_SITE,PRO_MAIN_IMAGE,PRO_PRICE,PRO_PRICE3,PRO_EXPLAN,PRO_BUY_HITS,PRO_HITS,PRO_TAG,FIRST_CAT_NUM,SECOND_CAT_NUM,THIRD_CAT_NUM,LAST_CAT_NUM,PRODUCT_DETAIL_NUM,PRO_BUY,PRO_URL,PRO_URL2,PRO_PRICE2,PRO_URL3,PRO_DATE) values (145,'AMD FX',100000,'(주)옥션','https://www.amd.com/system/files/fx-badge-1260x709.png',100000,100000,'8코어 8스레드 데스크탑 CPU',142,142,'TAG',1,1,1,1,1,null,'옥션','옥션2',100000,'옥션3',to_date('18/12/11','RR/MM/DD'));
Insert into EDUC239.TB_PRODUCT (PRO_NUM,PRO_NAME,PRO_LOW,PRO_SITE,PRO_MAIN_IMAGE,PRO_PRICE,PRO_PRICE3,PRO_EXPLAN,PRO_BUY_HITS,PRO_HITS,PRO_TAG,FIRST_CAT_NUM,SECOND_CAT_NUM,THIRD_CAT_NUM,LAST_CAT_NUM,PRODUCT_DETAIL_NUM,PRO_BUY,PRO_URL,PRO_URL2,PRO_PRICE2,PRO_URL3,PRO_DATE) values (146,'AMD FX',100000,'(주)옥션','https://www.amd.com/system/files/fx-badge-1260x709.png',100000,100000,'8코어 8스레드 데스크탑 CPU',143,143,'TAG',1,1,1,1,1,null,'옥션','옥션2',100000,'옥션3',to_date('18/12/11','RR/MM/DD'));
Insert into EDUC239.TB_PRODUCT (PRO_NUM,PRO_NAME,PRO_LOW,PRO_SITE,PRO_MAIN_IMAGE,PRO_PRICE,PRO_PRICE3,PRO_EXPLAN,PRO_BUY_HITS,PRO_HITS,PRO_TAG,FIRST_CAT_NUM,SECOND_CAT_NUM,THIRD_CAT_NUM,LAST_CAT_NUM,PRODUCT_DETAIL_NUM,PRO_BUY,PRO_URL,PRO_URL2,PRO_PRICE2,PRO_URL3,PRO_DATE) values (147,'AMD FX',100000,'(주)옥션','https://www.amd.com/system/files/fx-badge-1260x709.png',100000,100000,'8코어 8스레드 데스크탑 CPU',144,144,'TAG',1,1,1,1,1,null,'옥션','옥션2',100000,'옥션3',to_date('18/12/11','RR/MM/DD'));
Insert into EDUC239.TB_PRODUCT (PRO_NUM,PRO_NAME,PRO_LOW,PRO_SITE,PRO_MAIN_IMAGE,PRO_PRICE,PRO_PRICE3,PRO_EXPLAN,PRO_BUY_HITS,PRO_HITS,PRO_TAG,FIRST_CAT_NUM,SECOND_CAT_NUM,THIRD_CAT_NUM,LAST_CAT_NUM,PRODUCT_DETAIL_NUM,PRO_BUY,PRO_URL,PRO_URL2,PRO_PRICE2,PRO_URL3,PRO_DATE) values (148,'AMD FX',100000,'(주)옥션','https://www.amd.com/system/files/fx-badge-1260x709.png',100000,100000,'8코어 8스레드 데스크탑 CPU',145,145,'TAG',1,1,1,1,1,null,'옥션','옥션2',100000,'옥션3',to_date('18/12/11','RR/MM/DD'));
Insert into EDUC239.TB_PRODUCT (PRO_NUM,PRO_NAME,PRO_LOW,PRO_SITE,PRO_MAIN_IMAGE,PRO_PRICE,PRO_PRICE3,PRO_EXPLAN,PRO_BUY_HITS,PRO_HITS,PRO_TAG,FIRST_CAT_NUM,SECOND_CAT_NUM,THIRD_CAT_NUM,LAST_CAT_NUM,PRODUCT_DETAIL_NUM,PRO_BUY,PRO_URL,PRO_URL2,PRO_PRICE2,PRO_URL3,PRO_DATE) values (149,'AMD FX',100000,'(주)옥션','https://www.amd.com/system/files/fx-badge-1260x709.png',100000,100000,'8코어 8스레드 데스크탑 CPU',146,146,'TAG',1,1,1,1,1,null,'옥션','옥션2',100000,'옥션3',to_date('18/12/11','RR/MM/DD'));
Insert into EDUC239.TB_PRODUCT (PRO_NUM,PRO_NAME,PRO_LOW,PRO_SITE,PRO_MAIN_IMAGE,PRO_PRICE,PRO_PRICE3,PRO_EXPLAN,PRO_BUY_HITS,PRO_HITS,PRO_TAG,FIRST_CAT_NUM,SECOND_CAT_NUM,THIRD_CAT_NUM,LAST_CAT_NUM,PRODUCT_DETAIL_NUM,PRO_BUY,PRO_URL,PRO_URL2,PRO_PRICE2,PRO_URL3,PRO_DATE) values (150,'AMD FX',100000,'(주)옥션','https://www.amd.com/system/files/fx-badge-1260x709.png',100000,100000,'8코어 8스레드 데스크탑 CPU',147,147,'TAG',1,1,1,1,1,null,'옥션','옥션2',100000,'옥션3',to_date('18/12/11','RR/MM/DD'));
Insert into EDUC239.TB_PRODUCT (PRO_NUM,PRO_NAME,PRO_LOW,PRO_SITE,PRO_MAIN_IMAGE,PRO_PRICE,PRO_PRICE3,PRO_EXPLAN,PRO_BUY_HITS,PRO_HITS,PRO_TAG,FIRST_CAT_NUM,SECOND_CAT_NUM,THIRD_CAT_NUM,LAST_CAT_NUM,PRODUCT_DETAIL_NUM,PRO_BUY,PRO_URL,PRO_URL2,PRO_PRICE2,PRO_URL3,PRO_DATE) values (151,'AMD FX',100000,'(주)옥션','https://www.amd.com/system/files/fx-badge-1260x709.png',100000,100000,'8코어 8스레드 데스크탑 CPU',148,148,'TAG',1,1,1,1,1,null,'옥션','옥션2',100000,'옥션3',to_date('18/12/11','RR/MM/DD'));
Insert into EDUC239.TB_PRODUCT (PRO_NUM,PRO_NAME,PRO_LOW,PRO_SITE,PRO_MAIN_IMAGE,PRO_PRICE,PRO_PRICE3,PRO_EXPLAN,PRO_BUY_HITS,PRO_HITS,PRO_TAG,FIRST_CAT_NUM,SECOND_CAT_NUM,THIRD_CAT_NUM,LAST_CAT_NUM,PRODUCT_DETAIL_NUM,PRO_BUY,PRO_URL,PRO_URL2,PRO_PRICE2,PRO_URL3,PRO_DATE) values (152,'AMD FX',100000,'(주)옥션','https://www.amd.com/system/files/fx-badge-1260x709.png',100000,100000,'8코어 8스레드 데스크탑 CPU',149,149,'TAG',1,1,1,1,1,null,'옥션','옥션2',100000,'옥션3',to_date('18/12/11','RR/MM/DD'));
Insert into EDUC239.TB_PRODUCT (PRO_NUM,PRO_NAME,PRO_LOW,PRO_SITE,PRO_MAIN_IMAGE,PRO_PRICE,PRO_PRICE3,PRO_EXPLAN,PRO_BUY_HITS,PRO_HITS,PRO_TAG,FIRST_CAT_NUM,SECOND_CAT_NUM,THIRD_CAT_NUM,LAST_CAT_NUM,PRODUCT_DETAIL_NUM,PRO_BUY,PRO_URL,PRO_URL2,PRO_PRICE2,PRO_URL3,PRO_DATE) values (153,'AMD FX',100000,'(주)옥션','https://www.amd.com/system/files/fx-badge-1260x709.png',100000,100000,'8코어 8스레드 데스크탑 CPU',150,150,'TAG',1,1,1,1,1,null,'옥션','옥션2',100000,'옥션3',to_date('18/12/11','RR/MM/DD'));
Insert into EDUC239.TB_PRODUCT (PRO_NUM,PRO_NAME,PRO_LOW,PRO_SITE,PRO_MAIN_IMAGE,PRO_PRICE,PRO_PRICE3,PRO_EXPLAN,PRO_BUY_HITS,PRO_HITS,PRO_TAG,FIRST_CAT_NUM,SECOND_CAT_NUM,THIRD_CAT_NUM,LAST_CAT_NUM,PRODUCT_DETAIL_NUM,PRO_BUY,PRO_URL,PRO_URL2,PRO_PRICE2,PRO_URL3,PRO_DATE) values (154,'AMD FX',100000,'(주)옥션','https://www.amd.com/system/files/fx-badge-1260x709.png',100000,100000,'8코어 8스레드 데스크탑 CPU',151,151,'TAG',1,1,1,1,1,null,'옥션','옥션2',100000,'옥션3',to_date('18/12/11','RR/MM/DD'));
Insert into EDUC239.TB_PRODUCT (PRO_NUM,PRO_NAME,PRO_LOW,PRO_SITE,PRO_MAIN_IMAGE,PRO_PRICE,PRO_PRICE3,PRO_EXPLAN,PRO_BUY_HITS,PRO_HITS,PRO_TAG,FIRST_CAT_NUM,SECOND_CAT_NUM,THIRD_CAT_NUM,LAST_CAT_NUM,PRODUCT_DETAIL_NUM,PRO_BUY,PRO_URL,PRO_URL2,PRO_PRICE2,PRO_URL3,PRO_DATE) values (155,'AMD FX',100000,'(주)옥션','https://www.amd.com/system/files/fx-badge-1260x709.png',100000,100000,'8코어 8스레드 데스크탑 CPU',152,152,'TAG',1,1,1,1,1,null,'옥션','옥션2',100000,'옥션3',to_date('18/12/11','RR/MM/DD'));
Insert into EDUC239.TB_PRODUCT (PRO_NUM,PRO_NAME,PRO_LOW,PRO_SITE,PRO_MAIN_IMAGE,PRO_PRICE,PRO_PRICE3,PRO_EXPLAN,PRO_BUY_HITS,PRO_HITS,PRO_TAG,FIRST_CAT_NUM,SECOND_CAT_NUM,THIRD_CAT_NUM,LAST_CAT_NUM,PRODUCT_DETAIL_NUM,PRO_BUY,PRO_URL,PRO_URL2,PRO_PRICE2,PRO_URL3,PRO_DATE) values (156,'AMD FX',100000,'(주)옥션','https://www.amd.com/system/files/fx-badge-1260x709.png',100000,100000,'8코어 8스레드 데스크탑 CPU',153,153,'TAG',1,1,1,1,1,null,'옥션','옥션2',100000,'옥션3',to_date('18/12/11','RR/MM/DD'));
Insert into EDUC239.TB_PRODUCT (PRO_NUM,PRO_NAME,PRO_LOW,PRO_SITE,PRO_MAIN_IMAGE,PRO_PRICE,PRO_PRICE3,PRO_EXPLAN,PRO_BUY_HITS,PRO_HITS,PRO_TAG,FIRST_CAT_NUM,SECOND_CAT_NUM,THIRD_CAT_NUM,LAST_CAT_NUM,PRODUCT_DETAIL_NUM,PRO_BUY,PRO_URL,PRO_URL2,PRO_PRICE2,PRO_URL3,PRO_DATE) values (157,'AMD FX',100000,'(주)옥션','https://www.amd.com/system/files/fx-badge-1260x709.png',100000,100000,'8코어 8스레드 데스크탑 CPU',154,154,'TAG',1,1,1,1,1,null,'옥션','옥션2',100000,'옥션3',to_date('18/12/11','RR/MM/DD'));
Insert into EDUC239.TB_PRODUCT (PRO_NUM,PRO_NAME,PRO_LOW,PRO_SITE,PRO_MAIN_IMAGE,PRO_PRICE,PRO_PRICE3,PRO_EXPLAN,PRO_BUY_HITS,PRO_HITS,PRO_TAG,FIRST_CAT_NUM,SECOND_CAT_NUM,THIRD_CAT_NUM,LAST_CAT_NUM,PRODUCT_DETAIL_NUM,PRO_BUY,PRO_URL,PRO_URL2,PRO_PRICE2,PRO_URL3,PRO_DATE) values (158,'AMD FX',100000,'(주)옥션','https://www.amd.com/system/files/fx-badge-1260x709.png',100000,100000,'8코어 8스레드 데스크탑 CPU',155,155,'TAG',1,1,1,1,1,null,'옥션','옥션2',100000,'옥션3',to_date('18/12/11','RR/MM/DD'));
Insert into EDUC239.TB_PRODUCT (PRO_NUM,PRO_NAME,PRO_LOW,PRO_SITE,PRO_MAIN_IMAGE,PRO_PRICE,PRO_PRICE3,PRO_EXPLAN,PRO_BUY_HITS,PRO_HITS,PRO_TAG,FIRST_CAT_NUM,SECOND_CAT_NUM,THIRD_CAT_NUM,LAST_CAT_NUM,PRODUCT_DETAIL_NUM,PRO_BUY,PRO_URL,PRO_URL2,PRO_PRICE2,PRO_URL3,PRO_DATE) values (159,'AMD FX',100000,'(주)옥션','https://www.amd.com/system/files/fx-badge-1260x709.png',100000,100000,'8코어 8스레드 데스크탑 CPU',156,156,'TAG',1,1,1,1,1,null,'옥션','옥션2',100000,'옥션3',to_date('18/12/11','RR/MM/DD'));
Insert into EDUC239.TB_PRODUCT (PRO_NUM,PRO_NAME,PRO_LOW,PRO_SITE,PRO_MAIN_IMAGE,PRO_PRICE,PRO_PRICE3,PRO_EXPLAN,PRO_BUY_HITS,PRO_HITS,PRO_TAG,FIRST_CAT_NUM,SECOND_CAT_NUM,THIRD_CAT_NUM,LAST_CAT_NUM,PRODUCT_DETAIL_NUM,PRO_BUY,PRO_URL,PRO_URL2,PRO_PRICE2,PRO_URL3,PRO_DATE) values (160,'AMD FX',100000,'(주)옥션','https://www.amd.com/system/files/fx-badge-1260x709.png',100000,100000,'8코어 8스레드 데스크탑 CPU',157,157,'TAG',1,1,1,1,1,null,'옥션','옥션2',100000,'옥션3',to_date('18/12/11','RR/MM/DD'));
Insert into EDUC239.TB_PRODUCT (PRO_NUM,PRO_NAME,PRO_LOW,PRO_SITE,PRO_MAIN_IMAGE,PRO_PRICE,PRO_PRICE3,PRO_EXPLAN,PRO_BUY_HITS,PRO_HITS,PRO_TAG,FIRST_CAT_NUM,SECOND_CAT_NUM,THIRD_CAT_NUM,LAST_CAT_NUM,PRODUCT_DETAIL_NUM,PRO_BUY,PRO_URL,PRO_URL2,PRO_PRICE2,PRO_URL3,PRO_DATE) values (161,'AMD FX',100000,'(주)옥션','https://www.amd.com/system/files/fx-badge-1260x709.png',100000,100000,'8코어 8스레드 데스크탑 CPU',158,158,'TAG',1,1,1,1,1,null,'옥션','옥션2',100000,'옥션3',to_date('18/12/11','RR/MM/DD'));
Insert into EDUC239.TB_PRODUCT (PRO_NUM,PRO_NAME,PRO_LOW,PRO_SITE,PRO_MAIN_IMAGE,PRO_PRICE,PRO_PRICE3,PRO_EXPLAN,PRO_BUY_HITS,PRO_HITS,PRO_TAG,FIRST_CAT_NUM,SECOND_CAT_NUM,THIRD_CAT_NUM,LAST_CAT_NUM,PRODUCT_DETAIL_NUM,PRO_BUY,PRO_URL,PRO_URL2,PRO_PRICE2,PRO_URL3,PRO_DATE) values (162,'AMD FX',100000,'(주)옥션','https://www.amd.com/system/files/fx-badge-1260x709.png',100000,100000,'8코어 8스레드 데스크탑 CPU',159,159,'TAG',1,1,1,1,1,null,'옥션','옥션2',100000,'옥션3',to_date('18/12/11','RR/MM/DD'));
Insert into EDUC239.TB_PRODUCT (PRO_NUM,PRO_NAME,PRO_LOW,PRO_SITE,PRO_MAIN_IMAGE,PRO_PRICE,PRO_PRICE3,PRO_EXPLAN,PRO_BUY_HITS,PRO_HITS,PRO_TAG,FIRST_CAT_NUM,SECOND_CAT_NUM,THIRD_CAT_NUM,LAST_CAT_NUM,PRODUCT_DETAIL_NUM,PRO_BUY,PRO_URL,PRO_URL2,PRO_PRICE2,PRO_URL3,PRO_DATE) values (163,'AMD FX',100000,'(주)옥션','https://www.amd.com/system/files/fx-badge-1260x709.png',100000,100000,'8코어 8스레드 데스크탑 CPU',160,160,'TAG',1,1,1,1,1,null,'옥션','옥션2',100000,'옥션3',to_date('18/12/11','RR/MM/DD'));
Insert into EDUC239.TB_PRODUCT (PRO_NUM,PRO_NAME,PRO_LOW,PRO_SITE,PRO_MAIN_IMAGE,PRO_PRICE,PRO_PRICE3,PRO_EXPLAN,PRO_BUY_HITS,PRO_HITS,PRO_TAG,FIRST_CAT_NUM,SECOND_CAT_NUM,THIRD_CAT_NUM,LAST_CAT_NUM,PRODUCT_DETAIL_NUM,PRO_BUY,PRO_URL,PRO_URL2,PRO_PRICE2,PRO_URL3,PRO_DATE) values (164,'AMD FX',100000,'(주)옥션','https://www.amd.com/system/files/fx-badge-1260x709.png',100000,100000,'8코어 8스레드 데스크탑 CPU',161,161,'TAG',1,1,1,1,1,null,'옥션','옥션2',100000,'옥션3',to_date('18/12/11','RR/MM/DD'));
Insert into EDUC239.TB_PRODUCT (PRO_NUM,PRO_NAME,PRO_LOW,PRO_SITE,PRO_MAIN_IMAGE,PRO_PRICE,PRO_PRICE3,PRO_EXPLAN,PRO_BUY_HITS,PRO_HITS,PRO_TAG,FIRST_CAT_NUM,SECOND_CAT_NUM,THIRD_CAT_NUM,LAST_CAT_NUM,PRODUCT_DETAIL_NUM,PRO_BUY,PRO_URL,PRO_URL2,PRO_PRICE2,PRO_URL3,PRO_DATE) values (165,'AMD FX',100000,'(주)옥션','https://www.amd.com/system/files/fx-badge-1260x709.png',100000,100000,'8코어 8스레드 데스크탑 CPU',162,162,'TAG',1,1,1,1,1,null,'옥션','옥션2',100000,'옥션3',to_date('18/12/11','RR/MM/DD'));
Insert into EDUC239.TB_PRODUCT (PRO_NUM,PRO_NAME,PRO_LOW,PRO_SITE,PRO_MAIN_IMAGE,PRO_PRICE,PRO_PRICE3,PRO_EXPLAN,PRO_BUY_HITS,PRO_HITS,PRO_TAG,FIRST_CAT_NUM,SECOND_CAT_NUM,THIRD_CAT_NUM,LAST_CAT_NUM,PRODUCT_DETAIL_NUM,PRO_BUY,PRO_URL,PRO_URL2,PRO_PRICE2,PRO_URL3,PRO_DATE) values (166,'AMD FX',100000,'(주)옥션','https://www.amd.com/system/files/fx-badge-1260x709.png',100000,100000,'8코어 8스레드 데스크탑 CPU',163,163,'TAG',1,1,1,1,1,null,'옥션','옥션2',100000,'옥션3',to_date('18/12/11','RR/MM/DD'));
Insert into EDUC239.TB_PRODUCT (PRO_NUM,PRO_NAME,PRO_LOW,PRO_SITE,PRO_MAIN_IMAGE,PRO_PRICE,PRO_PRICE3,PRO_EXPLAN,PRO_BUY_HITS,PRO_HITS,PRO_TAG,FIRST_CAT_NUM,SECOND_CAT_NUM,THIRD_CAT_NUM,LAST_CAT_NUM,PRODUCT_DETAIL_NUM,PRO_BUY,PRO_URL,PRO_URL2,PRO_PRICE2,PRO_URL3,PRO_DATE) values (167,'AMD FX',100000,'(주)옥션','https://www.amd.com/system/files/fx-badge-1260x709.png',100000,100000,'8코어 8스레드 데스크탑 CPU',164,164,'TAG',1,1,1,1,1,null,'옥션','옥션2',100000,'옥션3',to_date('18/12/11','RR/MM/DD'));
Insert into EDUC239.TB_PRODUCT (PRO_NUM,PRO_NAME,PRO_LOW,PRO_SITE,PRO_MAIN_IMAGE,PRO_PRICE,PRO_PRICE3,PRO_EXPLAN,PRO_BUY_HITS,PRO_HITS,PRO_TAG,FIRST_CAT_NUM,SECOND_CAT_NUM,THIRD_CAT_NUM,LAST_CAT_NUM,PRODUCT_DETAIL_NUM,PRO_BUY,PRO_URL,PRO_URL2,PRO_PRICE2,PRO_URL3,PRO_DATE) values (168,'AMD FX',100000,'(주)옥션','https://www.amd.com/system/files/fx-badge-1260x709.png',100000,100000,'8코어 8스레드 데스크탑 CPU',165,165,'TAG',1,1,1,1,1,null,'옥션','옥션2',100000,'옥션3',to_date('18/12/11','RR/MM/DD'));
Insert into EDUC239.TB_PRODUCT (PRO_NUM,PRO_NAME,PRO_LOW,PRO_SITE,PRO_MAIN_IMAGE,PRO_PRICE,PRO_PRICE3,PRO_EXPLAN,PRO_BUY_HITS,PRO_HITS,PRO_TAG,FIRST_CAT_NUM,SECOND_CAT_NUM,THIRD_CAT_NUM,LAST_CAT_NUM,PRODUCT_DETAIL_NUM,PRO_BUY,PRO_URL,PRO_URL2,PRO_PRICE2,PRO_URL3,PRO_DATE) values (169,'AMD FX',100000,'(주)옥션','https://www.amd.com/system/files/fx-badge-1260x709.png',100000,100000,'8코어 8스레드 데스크탑 CPU',166,166,'TAG',1,1,1,1,1,null,'옥션','옥션2',100000,'옥션3',to_date('18/12/11','RR/MM/DD'));
Insert into EDUC239.TB_PRODUCT (PRO_NUM,PRO_NAME,PRO_LOW,PRO_SITE,PRO_MAIN_IMAGE,PRO_PRICE,PRO_PRICE3,PRO_EXPLAN,PRO_BUY_HITS,PRO_HITS,PRO_TAG,FIRST_CAT_NUM,SECOND_CAT_NUM,THIRD_CAT_NUM,LAST_CAT_NUM,PRODUCT_DETAIL_NUM,PRO_BUY,PRO_URL,PRO_URL2,PRO_PRICE2,PRO_URL3,PRO_DATE) values (170,'AMD FX',100000,'(주)옥션','https://www.amd.com/system/files/fx-badge-1260x709.png',100000,100000,'8코어 8스레드 데스크탑 CPU',167,167,'TAG',1,1,1,1,1,null,'옥션','옥션2',100000,'옥션3',to_date('18/12/11','RR/MM/DD'));
Insert into EDUC239.TB_PRODUCT (PRO_NUM,PRO_NAME,PRO_LOW,PRO_SITE,PRO_MAIN_IMAGE,PRO_PRICE,PRO_PRICE3,PRO_EXPLAN,PRO_BUY_HITS,PRO_HITS,PRO_TAG,FIRST_CAT_NUM,SECOND_CAT_NUM,THIRD_CAT_NUM,LAST_CAT_NUM,PRODUCT_DETAIL_NUM,PRO_BUY,PRO_URL,PRO_URL2,PRO_PRICE2,PRO_URL3,PRO_DATE) values (171,'AMD FX',100000,'(주)옥션','https://www.amd.com/system/files/fx-badge-1260x709.png',100000,100000,'8코어 8스레드 데스크탑 CPU',168,168,'TAG',1,1,1,1,1,null,'옥션','옥션2',100000,'옥션3',to_date('18/12/11','RR/MM/DD'));
Insert into EDUC239.TB_PRODUCT (PRO_NUM,PRO_NAME,PRO_LOW,PRO_SITE,PRO_MAIN_IMAGE,PRO_PRICE,PRO_PRICE3,PRO_EXPLAN,PRO_BUY_HITS,PRO_HITS,PRO_TAG,FIRST_CAT_NUM,SECOND_CAT_NUM,THIRD_CAT_NUM,LAST_CAT_NUM,PRODUCT_DETAIL_NUM,PRO_BUY,PRO_URL,PRO_URL2,PRO_PRICE2,PRO_URL3,PRO_DATE) values (172,'AMD FX',100000,'(주)옥션','https://www.amd.com/system/files/fx-badge-1260x709.png',100000,100000,'8코어 8스레드 데스크탑 CPU',169,169,'TAG',1,1,1,1,1,null,'옥션','옥션2',100000,'옥션3',to_date('18/12/11','RR/MM/DD'));
Insert into EDUC239.TB_PRODUCT (PRO_NUM,PRO_NAME,PRO_LOW,PRO_SITE,PRO_MAIN_IMAGE,PRO_PRICE,PRO_PRICE3,PRO_EXPLAN,PRO_BUY_HITS,PRO_HITS,PRO_TAG,FIRST_CAT_NUM,SECOND_CAT_NUM,THIRD_CAT_NUM,LAST_CAT_NUM,PRODUCT_DETAIL_NUM,PRO_BUY,PRO_URL,PRO_URL2,PRO_PRICE2,PRO_URL3,PRO_DATE) values (173,'AMD FX',100000,'(주)옥션','https://www.amd.com/system/files/fx-badge-1260x709.png',100000,100000,'8코어 8스레드 데스크탑 CPU',170,170,'TAG',1,1,1,1,1,null,'옥션','옥션2',100000,'옥션3',to_date('18/12/11','RR/MM/DD'));
Insert into EDUC239.TB_PRODUCT (PRO_NUM,PRO_NAME,PRO_LOW,PRO_SITE,PRO_MAIN_IMAGE,PRO_PRICE,PRO_PRICE3,PRO_EXPLAN,PRO_BUY_HITS,PRO_HITS,PRO_TAG,FIRST_CAT_NUM,SECOND_CAT_NUM,THIRD_CAT_NUM,LAST_CAT_NUM,PRODUCT_DETAIL_NUM,PRO_BUY,PRO_URL,PRO_URL2,PRO_PRICE2,PRO_URL3,PRO_DATE) values (174,'AMD FX',100000,'(주)옥션','https://www.amd.com/system/files/fx-badge-1260x709.png',100000,100000,'8코어 8스레드 데스크탑 CPU',171,171,'TAG',1,1,1,1,1,null,'옥션','옥션2',100000,'옥션3',to_date('18/12/11','RR/MM/DD'));
Insert into EDUC239.TB_PRODUCT (PRO_NUM,PRO_NAME,PRO_LOW,PRO_SITE,PRO_MAIN_IMAGE,PRO_PRICE,PRO_PRICE3,PRO_EXPLAN,PRO_BUY_HITS,PRO_HITS,PRO_TAG,FIRST_CAT_NUM,SECOND_CAT_NUM,THIRD_CAT_NUM,LAST_CAT_NUM,PRODUCT_DETAIL_NUM,PRO_BUY,PRO_URL,PRO_URL2,PRO_PRICE2,PRO_URL3,PRO_DATE) values (175,'AMD FX',100000,'(주)옥션','https://www.amd.com/system/files/fx-badge-1260x709.png',100000,100000,'8코어 8스레드 데스크탑 CPU',172,172,'TAG',1,1,1,1,1,null,'옥션','옥션2',100000,'옥션3',to_date('18/12/11','RR/MM/DD'));
Insert into EDUC239.TB_PRODUCT (PRO_NUM,PRO_NAME,PRO_LOW,PRO_SITE,PRO_MAIN_IMAGE,PRO_PRICE,PRO_PRICE3,PRO_EXPLAN,PRO_BUY_HITS,PRO_HITS,PRO_TAG,FIRST_CAT_NUM,SECOND_CAT_NUM,THIRD_CAT_NUM,LAST_CAT_NUM,PRODUCT_DETAIL_NUM,PRO_BUY,PRO_URL,PRO_URL2,PRO_PRICE2,PRO_URL3,PRO_DATE) values (176,'AMD FX',100000,'(주)옥션','https://www.amd.com/system/files/fx-badge-1260x709.png',100000,100000,'8코어 8스레드 데스크탑 CPU',173,173,'TAG',1,1,1,1,1,null,'옥션','옥션2',100000,'옥션3',to_date('18/12/11','RR/MM/DD'));
Insert into EDUC239.TB_PRODUCT (PRO_NUM,PRO_NAME,PRO_LOW,PRO_SITE,PRO_MAIN_IMAGE,PRO_PRICE,PRO_PRICE3,PRO_EXPLAN,PRO_BUY_HITS,PRO_HITS,PRO_TAG,FIRST_CAT_NUM,SECOND_CAT_NUM,THIRD_CAT_NUM,LAST_CAT_NUM,PRODUCT_DETAIL_NUM,PRO_BUY,PRO_URL,PRO_URL2,PRO_PRICE2,PRO_URL3,PRO_DATE) values (177,'AMD FX',100000,'(주)옥션','https://www.amd.com/system/files/fx-badge-1260x709.png',100000,100000,'8코어 8스레드 데스크탑 CPU',174,174,'TAG',1,1,1,1,1,null,'옥션','옥션2',100000,'옥션3',to_date('18/12/11','RR/MM/DD'));
Insert into EDUC239.TB_PRODUCT (PRO_NUM,PRO_NAME,PRO_LOW,PRO_SITE,PRO_MAIN_IMAGE,PRO_PRICE,PRO_PRICE3,PRO_EXPLAN,PRO_BUY_HITS,PRO_HITS,PRO_TAG,FIRST_CAT_NUM,SECOND_CAT_NUM,THIRD_CAT_NUM,LAST_CAT_NUM,PRODUCT_DETAIL_NUM,PRO_BUY,PRO_URL,PRO_URL2,PRO_PRICE2,PRO_URL3,PRO_DATE) values (21,'i5-8130U',90000,'(주)옥션','https://c1.neweggimages.com/NeweggImage/ProductImage/19-117-822-Z01.jpg',91000,95000,'2코어 4스레드 모바일용 CPU',18,19,'TAG',1,1,1,1,1,null,'옥션','옥션2',95000,'옥션3',to_date('18/12/11','RR/MM/DD'));
Insert into EDUC239.TB_PRODUCT (PRO_NUM,PRO_NAME,PRO_LOW,PRO_SITE,PRO_MAIN_IMAGE,PRO_PRICE,PRO_PRICE3,PRO_EXPLAN,PRO_BUY_HITS,PRO_HITS,PRO_TAG,FIRST_CAT_NUM,SECOND_CAT_NUM,THIRD_CAT_NUM,LAST_CAT_NUM,PRODUCT_DETAIL_NUM,PRO_BUY,PRO_URL,PRO_URL2,PRO_PRICE2,PRO_URL3,PRO_DATE) values (22,'i9-9900K',900000,'(주)옥션','https://images-na.ssl-images-amazon.com/images/I/71a3r0U3nhL._SX425_.jpg',910000,950000,'8코어 8스레드 데스크탑 CPU',19,19,'TAG',1,1,1,1,1,null,'옥션','옥션2',950000,'옥션3',to_date('18/12/11','RR/MM/DD'));
Insert into EDUC239.TB_PRODUCT (PRO_NUM,PRO_NAME,PRO_LOW,PRO_SITE,PRO_MAIN_IMAGE,PRO_PRICE,PRO_PRICE3,PRO_EXPLAN,PRO_BUY_HITS,PRO_HITS,PRO_TAG,FIRST_CAT_NUM,SECOND_CAT_NUM,THIRD_CAT_NUM,LAST_CAT_NUM,PRODUCT_DETAIL_NUM,PRO_BUY,PRO_URL,PRO_URL2,PRO_PRICE2,PRO_URL3,PRO_DATE) values (20,'i5-8250U',100000,'(주)옥션','http://techg.kr/wp-content/uploads/2017/12/Intel_Inside_logo_700.jpg',100000,300000,'4코어 8스레드 모바일용 CPU',17,5000,'TAG',1,1,1,1,1,null,'옥션','옥션2',200000,'옥션3',to_date('18/12/11','RR/MM/DD'));
Insert into EDUC239.TB_PRODUCT (PRO_NUM,PRO_NAME,PRO_LOW,PRO_SITE,PRO_MAIN_IMAGE,PRO_PRICE,PRO_PRICE3,PRO_EXPLAN,PRO_BUY_HITS,PRO_HITS,PRO_TAG,FIRST_CAT_NUM,SECOND_CAT_NUM,THIRD_CAT_NUM,LAST_CAT_NUM,PRODUCT_DETAIL_NUM,PRO_BUY,PRO_URL,PRO_URL2,PRO_PRICE2,PRO_URL3,PRO_DATE) values (23,'스레드리퍼 2990',1900000,'(주)옥션','https://encrypted-tbn0.gstatic.com/images?q=tbn:ANd9GcRls3eaatcK34UztfREO2ItpJXH5Mc-O3ayLZtQt6DX_E8LlXM9EA',1910000,1950000,'16코어 32스레드 데스크탑 CPU',20,4801,'TAG',1,1,1,1,1,null,'옥션','옥션2',1950000,'옥션3',to_date('18/12/11','RR/MM/DD'));
Insert into EDUC239.TB_PRODUCT (PRO_NUM,PRO_NAME,PRO_LOW,PRO_SITE,PRO_MAIN_IMAGE,PRO_PRICE,PRO_PRICE3,PRO_EXPLAN,PRO_BUY_HITS,PRO_HITS,PRO_TAG,FIRST_CAT_NUM,SECOND_CAT_NUM,THIRD_CAT_NUM,LAST_CAT_NUM,PRODUCT_DETAIL_NUM,PRO_BUY,PRO_URL,PRO_URL2,PRO_PRICE2,PRO_URL3,PRO_DATE) values (24,'인텔 셀러론',30000,'(주)옥션','http://www.intel.com/content/dam/www/global/badges/badge-celeron.png?width=200',30000,35000,'2코어 2쓰레드 보급형 CPU',21,21,'TAG',1,1,1,1,1,null,'옥션','옥션2',38000,'옥션3',to_date('18/12/11','RR/MM/DD'));
Insert into EDUC239.TB_PRODUCT (PRO_NUM,PRO_NAME,PRO_LOW,PRO_SITE,PRO_MAIN_IMAGE,PRO_PRICE,PRO_PRICE3,PRO_EXPLAN,PRO_BUY_HITS,PRO_HITS,PRO_TAG,FIRST_CAT_NUM,SECOND_CAT_NUM,THIRD_CAT_NUM,LAST_CAT_NUM,PRODUCT_DETAIL_NUM,PRO_BUY,PRO_URL,PRO_URL2,PRO_PRICE2,PRO_URL3,PRO_DATE) values (25,'인텔 펜티엄',30000,'(주)옥션','http://www.ilovepc.co.kr/news/photo/201712/17980_28759_1423.jpg',40000,45000,'2코어 2쓰레드 중급형 CPU',22,22,'TAG',1,1,1,1,1,null,'옥션','옥션2',48000,'옥션3',to_date('18/12/11','RR/MM/DD'));
Insert into EDUC239.TB_PRODUCT (PRO_NUM,PRO_NAME,PRO_LOW,PRO_SITE,PRO_MAIN_IMAGE,PRO_PRICE,PRO_PRICE3,PRO_EXPLAN,PRO_BUY_HITS,PRO_HITS,PRO_TAG,FIRST_CAT_NUM,SECOND_CAT_NUM,THIRD_CAT_NUM,LAST_CAT_NUM,PRODUCT_DETAIL_NUM,PRO_BUY,PRO_URL,PRO_URL2,PRO_PRICE2,PRO_URL3,PRO_DATE) values (26,'인텔 제온',3000000,'(주)옥션','http://www.itworld.co.kr/sites/default/files/image/2018/09/01.jpg',4000000,4500000,'서버용 CPU',23,23,'TAG',1,1,1,1,1,null,'옥션','옥션2',4800000,'옥션3',to_date('18/12/11','RR/MM/DD'));
Insert into EDUC239.TB_PRODUCT (PRO_NUM,PRO_NAME,PRO_LOW,PRO_SITE,PRO_MAIN_IMAGE,PRO_PRICE,PRO_PRICE3,PRO_EXPLAN,PRO_BUY_HITS,PRO_HITS,PRO_TAG,FIRST_CAT_NUM,SECOND_CAT_NUM,THIRD_CAT_NUM,LAST_CAT_NUM,PRODUCT_DETAIL_NUM,PRO_BUY,PRO_URL,PRO_URL2,PRO_PRICE2,PRO_URL3,PRO_DATE) values (27,'AMD 옵테론',3000000,'(주)옥션','http://image.itdonga.com/files/2012/12/07/01_8.jpg',4000000,4500000,'서버용 CPU',24,24,'TAG',1,1,1,1,1,null,'옥션','옥션2',4800000,'옥션3',to_date('18/12/11','RR/MM/DD'));
Insert into EDUC239.TB_PRODUCT (PRO_NUM,PRO_NAME,PRO_LOW,PRO_SITE,PRO_MAIN_IMAGE,PRO_PRICE,PRO_PRICE3,PRO_EXPLAN,PRO_BUY_HITS,PRO_HITS,PRO_TAG,FIRST_CAT_NUM,SECOND_CAT_NUM,THIRD_CAT_NUM,LAST_CAT_NUM,PRODUCT_DETAIL_NUM,PRO_BUY,PRO_URL,PRO_URL2,PRO_PRICE2,PRO_URL3,PRO_DATE) values (28,'AMD FX',100000,'(주)옥션','https://www.amd.com/system/files/fx-badge-1260x709.png',100000,100000,'8코어 8스레드 데스크탑 CPU',25,25,'TAG',1,1,1,1,1,null,'옥션','옥션2',100000,'옥션3',to_date('18/12/11','RR/MM/DD'));
Insert into EDUC239.TB_PRODUCT (PRO_NUM,PRO_NAME,PRO_LOW,PRO_SITE,PRO_MAIN_IMAGE,PRO_PRICE,PRO_PRICE3,PRO_EXPLAN,PRO_BUY_HITS,PRO_HITS,PRO_TAG,FIRST_CAT_NUM,SECOND_CAT_NUM,THIRD_CAT_NUM,LAST_CAT_NUM,PRODUCT_DETAIL_NUM,PRO_BUY,PRO_URL,PRO_URL2,PRO_PRICE2,PRO_URL3,PRO_DATE) values (179,'AMD FX',100000,'(주)옥션','https://www.amd.com/system/files/fx-badge-1260x709.png',100000,100000,'8코어 8스레드 데스크탑 CPU',176,176,'TAG',1,1,1,1,1,null,'옥션','옥션2',100000,'옥션3',to_date('18/12/11','RR/MM/DD'));
Insert into EDUC239.TB_PRODUCT (PRO_NUM,PRO_NAME,PRO_LOW,PRO_SITE,PRO_MAIN_IMAGE,PRO_PRICE,PRO_PRICE3,PRO_EXPLAN,PRO_BUY_HITS,PRO_HITS,PRO_TAG,FIRST_CAT_NUM,SECOND_CAT_NUM,THIRD_CAT_NUM,LAST_CAT_NUM,PRODUCT_DETAIL_NUM,PRO_BUY,PRO_URL,PRO_URL2,PRO_PRICE2,PRO_URL3,PRO_DATE) values (180,'AMD FX',100000,'(주)옥션','https://www.amd.com/system/files/fx-badge-1260x709.png',100000,100000,'8코어 8스레드 데스크탑 CPU',177,177,'TAG',1,1,1,1,1,null,'옥션','옥션2',100000,'옥션3',to_date('18/12/11','RR/MM/DD'));
Insert into EDUC239.TB_PRODUCT (PRO_NUM,PRO_NAME,PRO_LOW,PRO_SITE,PRO_MAIN_IMAGE,PRO_PRICE,PRO_PRICE3,PRO_EXPLAN,PRO_BUY_HITS,PRO_HITS,PRO_TAG,FIRST_CAT_NUM,SECOND_CAT_NUM,THIRD_CAT_NUM,LAST_CAT_NUM,PRODUCT_DETAIL_NUM,PRO_BUY,PRO_URL,PRO_URL2,PRO_PRICE2,PRO_URL3,PRO_DATE) values (181,'AMD FX',100000,'(주)옥션','https://www.amd.com/system/files/fx-badge-1260x709.png',100000,100000,'8코어 8스레드 데스크탑 CPU',178,178,'TAG',1,1,1,1,1,null,'옥션','옥션2',100000,'옥션3',to_date('18/12/11','RR/MM/DD'));
Insert into EDUC239.TB_PRODUCT (PRO_NUM,PRO_NAME,PRO_LOW,PRO_SITE,PRO_MAIN_IMAGE,PRO_PRICE,PRO_PRICE3,PRO_EXPLAN,PRO_BUY_HITS,PRO_HITS,PRO_TAG,FIRST_CAT_NUM,SECOND_CAT_NUM,THIRD_CAT_NUM,LAST_CAT_NUM,PRODUCT_DETAIL_NUM,PRO_BUY,PRO_URL,PRO_URL2,PRO_PRICE2,PRO_URL3,PRO_DATE) values (182,'AMD FX',100000,'(주)옥션','https://www.amd.com/system/files/fx-badge-1260x709.png',100000,100000,'8코어 8스레드 데스크탑 CPU',179,179,'TAG',1,1,1,1,1,null,'옥션','옥션2',100000,'옥션3',to_date('18/12/11','RR/MM/DD'));
Insert into EDUC239.TB_PRODUCT (PRO_NUM,PRO_NAME,PRO_LOW,PRO_SITE,PRO_MAIN_IMAGE,PRO_PRICE,PRO_PRICE3,PRO_EXPLAN,PRO_BUY_HITS,PRO_HITS,PRO_TAG,FIRST_CAT_NUM,SECOND_CAT_NUM,THIRD_CAT_NUM,LAST_CAT_NUM,PRODUCT_DETAIL_NUM,PRO_BUY,PRO_URL,PRO_URL2,PRO_PRICE2,PRO_URL3,PRO_DATE) values (183,'AMD FX',100000,'(주)옥션','https://www.amd.com/system/files/fx-badge-1260x709.png',100000,100000,'8코어 8스레드 데스크탑 CPU',180,180,'TAG',1,1,1,1,1,null,'옥션','옥션2',100000,'옥션3',to_date('18/12/11','RR/MM/DD'));
Insert into EDUC239.TB_PRODUCT (PRO_NUM,PRO_NAME,PRO_LOW,PRO_SITE,PRO_MAIN_IMAGE,PRO_PRICE,PRO_PRICE3,PRO_EXPLAN,PRO_BUY_HITS,PRO_HITS,PRO_TAG,FIRST_CAT_NUM,SECOND_CAT_NUM,THIRD_CAT_NUM,LAST_CAT_NUM,PRODUCT_DETAIL_NUM,PRO_BUY,PRO_URL,PRO_URL2,PRO_PRICE2,PRO_URL3,PRO_DATE) values (184,'AMD FX',100000,'(주)옥션','https://www.amd.com/system/files/fx-badge-1260x709.png',100000,100000,'8코어 8스레드 데스크탑 CPU',181,181,'TAG',1,1,1,1,1,null,'옥션','옥션2',100000,'옥션3',to_date('18/12/11','RR/MM/DD'));
Insert into EDUC239.TB_PRODUCT (PRO_NUM,PRO_NAME,PRO_LOW,PRO_SITE,PRO_MAIN_IMAGE,PRO_PRICE,PRO_PRICE3,PRO_EXPLAN,PRO_BUY_HITS,PRO_HITS,PRO_TAG,FIRST_CAT_NUM,SECOND_CAT_NUM,THIRD_CAT_NUM,LAST_CAT_NUM,PRODUCT_DETAIL_NUM,PRO_BUY,PRO_URL,PRO_URL2,PRO_PRICE2,PRO_URL3,PRO_DATE) values (185,'AMD FX',100000,'(주)옥션','https://www.amd.com/system/files/fx-badge-1260x709.png',100000,100000,'8코어 8스레드 데스크탑 CPU',182,183,'TAG',1,1,1,1,1,null,'옥션','옥션2',100000,'옥션3',to_date('18/12/11','RR/MM/DD'));
Insert into EDUC239.TB_PRODUCT (PRO_NUM,PRO_NAME,PRO_LOW,PRO_SITE,PRO_MAIN_IMAGE,PRO_PRICE,PRO_PRICE3,PRO_EXPLAN,PRO_BUY_HITS,PRO_HITS,PRO_TAG,FIRST_CAT_NUM,SECOND_CAT_NUM,THIRD_CAT_NUM,LAST_CAT_NUM,PRODUCT_DETAIL_NUM,PRO_BUY,PRO_URL,PRO_URL2,PRO_PRICE2,PRO_URL3,PRO_DATE) values (67,'AMD FX',100000,'(주)옥션','https://www.amd.com/system/files/fx-badge-1260x709.png',100000,100000,'8코어 8스레드 데스크탑 CPU',64,64,'TAG',1,1,1,1,1,null,'옥션','옥션2',100000,'옥션3',to_date('18/12/11','RR/MM/DD'));
Insert into EDUC239.TB_PRODUCT (PRO_NUM,PRO_NAME,PRO_LOW,PRO_SITE,PRO_MAIN_IMAGE,PRO_PRICE,PRO_PRICE3,PRO_EXPLAN,PRO_BUY_HITS,PRO_HITS,PRO_TAG,FIRST_CAT_NUM,SECOND_CAT_NUM,THIRD_CAT_NUM,LAST_CAT_NUM,PRODUCT_DETAIL_NUM,PRO_BUY,PRO_URL,PRO_URL2,PRO_PRICE2,PRO_URL3,PRO_DATE) values (68,'AMD FX',100000,'(주)옥션','https://www.amd.com/system/files/fx-badge-1260x709.png',100000,100000,'8코어 8스레드 데스크탑 CPU',65,65,'TAG',1,1,1,1,1,null,'옥션','옥션2',100000,'옥션3',to_date('18/12/11','RR/MM/DD'));
Insert into EDUC239.TB_PRODUCT (PRO_NUM,PRO_NAME,PRO_LOW,PRO_SITE,PRO_MAIN_IMAGE,PRO_PRICE,PRO_PRICE3,PRO_EXPLAN,PRO_BUY_HITS,PRO_HITS,PRO_TAG,FIRST_CAT_NUM,SECOND_CAT_NUM,THIRD_CAT_NUM,LAST_CAT_NUM,PRODUCT_DETAIL_NUM,PRO_BUY,PRO_URL,PRO_URL2,PRO_PRICE2,PRO_URL3,PRO_DATE) values (69,'AMD FX',100000,'(주)옥션','https://www.amd.com/system/files/fx-badge-1260x709.png',100000,100000,'8코어 8스레드 데스크탑 CPU',66,66,'TAG',1,1,1,1,1,null,'옥션','옥션2',100000,'옥션3',to_date('18/12/11','RR/MM/DD'));
Insert into EDUC239.TB_PRODUCT (PRO_NUM,PRO_NAME,PRO_LOW,PRO_SITE,PRO_MAIN_IMAGE,PRO_PRICE,PRO_PRICE3,PRO_EXPLAN,PRO_BUY_HITS,PRO_HITS,PRO_TAG,FIRST_CAT_NUM,SECOND_CAT_NUM,THIRD_CAT_NUM,LAST_CAT_NUM,PRODUCT_DETAIL_NUM,PRO_BUY,PRO_URL,PRO_URL2,PRO_PRICE2,PRO_URL3,PRO_DATE) values (70,'AMD FX',100000,'(주)옥션','https://www.amd.com/system/files/fx-badge-1260x709.png',100000,100000,'8코어 8스레드 데스크탑 CPU',67,67,'TAG',1,1,1,1,1,null,'옥션','옥션2',100000,'옥션3',to_date('18/12/11','RR/MM/DD'));
Insert into EDUC239.TB_PRODUCT (PRO_NUM,PRO_NAME,PRO_LOW,PRO_SITE,PRO_MAIN_IMAGE,PRO_PRICE,PRO_PRICE3,PRO_EXPLAN,PRO_BUY_HITS,PRO_HITS,PRO_TAG,FIRST_CAT_NUM,SECOND_CAT_NUM,THIRD_CAT_NUM,LAST_CAT_NUM,PRODUCT_DETAIL_NUM,PRO_BUY,PRO_URL,PRO_URL2,PRO_PRICE2,PRO_URL3,PRO_DATE) values (71,'AMD FX',100000,'(주)옥션','https://www.amd.com/system/files/fx-badge-1260x709.png',100000,100000,'8코어 8스레드 데스크탑 CPU',68,68,'TAG',1,1,1,1,1,null,'옥션','옥션2',100000,'옥션3',to_date('18/12/11','RR/MM/DD'));
Insert into EDUC239.TB_PRODUCT (PRO_NUM,PRO_NAME,PRO_LOW,PRO_SITE,PRO_MAIN_IMAGE,PRO_PRICE,PRO_PRICE3,PRO_EXPLAN,PRO_BUY_HITS,PRO_HITS,PRO_TAG,FIRST_CAT_NUM,SECOND_CAT_NUM,THIRD_CAT_NUM,LAST_CAT_NUM,PRODUCT_DETAIL_NUM,PRO_BUY,PRO_URL,PRO_URL2,PRO_PRICE2,PRO_URL3,PRO_DATE) values (72,'AMD FX',100000,'(주)옥션','https://www.amd.com/system/files/fx-badge-1260x709.png',100000,100000,'8코어 8스레드 데스크탑 CPU',69,69,'TAG',1,1,1,1,1,null,'옥션','옥션2',100000,'옥션3',to_date('18/12/11','RR/MM/DD'));
Insert into EDUC239.TB_PRODUCT (PRO_NUM,PRO_NAME,PRO_LOW,PRO_SITE,PRO_MAIN_IMAGE,PRO_PRICE,PRO_PRICE3,PRO_EXPLAN,PRO_BUY_HITS,PRO_HITS,PRO_TAG,FIRST_CAT_NUM,SECOND_CAT_NUM,THIRD_CAT_NUM,LAST_CAT_NUM,PRODUCT_DETAIL_NUM,PRO_BUY,PRO_URL,PRO_URL2,PRO_PRICE2,PRO_URL3,PRO_DATE) values (73,'AMD FX',100000,'(주)옥션','https://www.amd.com/system/files/fx-badge-1260x709.png',100000,100000,'8코어 8스레드 데스크탑 CPU',70,70,'TAG',1,1,1,1,1,null,'옥션','옥션2',100000,'옥션3',to_date('18/12/11','RR/MM/DD'));
Insert into EDUC239.TB_PRODUCT (PRO_NUM,PRO_NAME,PRO_LOW,PRO_SITE,PRO_MAIN_IMAGE,PRO_PRICE,PRO_PRICE3,PRO_EXPLAN,PRO_BUY_HITS,PRO_HITS,PRO_TAG,FIRST_CAT_NUM,SECOND_CAT_NUM,THIRD_CAT_NUM,LAST_CAT_NUM,PRODUCT_DETAIL_NUM,PRO_BUY,PRO_URL,PRO_URL2,PRO_PRICE2,PRO_URL3,PRO_DATE) values (74,'AMD FX',100000,'(주)옥션','https://www.amd.com/system/files/fx-badge-1260x709.png',100000,100000,'8코어 8스레드 데스크탑 CPU',71,71,'TAG',1,1,1,1,1,null,'옥션','옥션2',100000,'옥션3',to_date('18/12/11','RR/MM/DD'));
Insert into EDUC239.TB_PRODUCT (PRO_NUM,PRO_NAME,PRO_LOW,PRO_SITE,PRO_MAIN_IMAGE,PRO_PRICE,PRO_PRICE3,PRO_EXPLAN,PRO_BUY_HITS,PRO_HITS,PRO_TAG,FIRST_CAT_NUM,SECOND_CAT_NUM,THIRD_CAT_NUM,LAST_CAT_NUM,PRODUCT_DETAIL_NUM,PRO_BUY,PRO_URL,PRO_URL2,PRO_PRICE2,PRO_URL3,PRO_DATE) values (75,'AMD FX',100000,'(주)옥션','https://www.amd.com/system/files/fx-badge-1260x709.png',100000,100000,'8코어 8스레드 데스크탑 CPU',72,72,'TAG',1,1,1,1,1,null,'옥션','옥션2',100000,'옥션3',to_date('18/12/11','RR/MM/DD'));
Insert into EDUC239.TB_PRODUCT (PRO_NUM,PRO_NAME,PRO_LOW,PRO_SITE,PRO_MAIN_IMAGE,PRO_PRICE,PRO_PRICE3,PRO_EXPLAN,PRO_BUY_HITS,PRO_HITS,PRO_TAG,FIRST_CAT_NUM,SECOND_CAT_NUM,THIRD_CAT_NUM,LAST_CAT_NUM,PRODUCT_DETAIL_NUM,PRO_BUY,PRO_URL,PRO_URL2,PRO_PRICE2,PRO_URL3,PRO_DATE) values (76,'AMD FX',100000,'(주)옥션','https://www.amd.com/system/files/fx-badge-1260x709.png',100000,100000,'8코어 8스레드 데스크탑 CPU',73,73,'TAG',1,1,1,1,1,null,'옥션','옥션2',100000,'옥션3',to_date('18/12/11','RR/MM/DD'));
Insert into EDUC239.TB_PRODUCT (PRO_NUM,PRO_NAME,PRO_LOW,PRO_SITE,PRO_MAIN_IMAGE,PRO_PRICE,PRO_PRICE3,PRO_EXPLAN,PRO_BUY_HITS,PRO_HITS,PRO_TAG,FIRST_CAT_NUM,SECOND_CAT_NUM,THIRD_CAT_NUM,LAST_CAT_NUM,PRODUCT_DETAIL_NUM,PRO_BUY,PRO_URL,PRO_URL2,PRO_PRICE2,PRO_URL3,PRO_DATE) values (77,'AMD FX',100000,'(주)옥션','https://www.amd.com/system/files/fx-badge-1260x709.png',100000,100000,'8코어 8스레드 데스크탑 CPU',74,74,'TAG',1,1,1,1,1,null,'옥션','옥션2',100000,'옥션3',to_date('18/12/11','RR/MM/DD'));
Insert into EDUC239.TB_PRODUCT (PRO_NUM,PRO_NAME,PRO_LOW,PRO_SITE,PRO_MAIN_IMAGE,PRO_PRICE,PRO_PRICE3,PRO_EXPLAN,PRO_BUY_HITS,PRO_HITS,PRO_TAG,FIRST_CAT_NUM,SECOND_CAT_NUM,THIRD_CAT_NUM,LAST_CAT_NUM,PRODUCT_DETAIL_NUM,PRO_BUY,PRO_URL,PRO_URL2,PRO_PRICE2,PRO_URL3,PRO_DATE) values (78,'AMD FX',100000,'(주)옥션','https://www.amd.com/system/files/fx-badge-1260x709.png',100000,100000,'8코어 8스레드 데스크탑 CPU',75,75,'TAG',1,1,1,1,1,null,'옥션','옥션2',100000,'옥션3',to_date('18/12/11','RR/MM/DD'));
Insert into EDUC239.TB_PRODUCT (PRO_NUM,PRO_NAME,PRO_LOW,PRO_SITE,PRO_MAIN_IMAGE,PRO_PRICE,PRO_PRICE3,PRO_EXPLAN,PRO_BUY_HITS,PRO_HITS,PRO_TAG,FIRST_CAT_NUM,SECOND_CAT_NUM,THIRD_CAT_NUM,LAST_CAT_NUM,PRODUCT_DETAIL_NUM,PRO_BUY,PRO_URL,PRO_URL2,PRO_PRICE2,PRO_URL3,PRO_DATE) values (79,'AMD FX',100000,'(주)옥션','https://www.amd.com/system/files/fx-badge-1260x709.png',100000,100000,'8코어 8스레드 데스크탑 CPU',76,76,'TAG',1,1,1,1,1,null,'옥션','옥션2',100000,'옥션3',to_date('18/12/11','RR/MM/DD'));
Insert into EDUC239.TB_PRODUCT (PRO_NUM,PRO_NAME,PRO_LOW,PRO_SITE,PRO_MAIN_IMAGE,PRO_PRICE,PRO_PRICE3,PRO_EXPLAN,PRO_BUY_HITS,PRO_HITS,PRO_TAG,FIRST_CAT_NUM,SECOND_CAT_NUM,THIRD_CAT_NUM,LAST_CAT_NUM,PRODUCT_DETAIL_NUM,PRO_BUY,PRO_URL,PRO_URL2,PRO_PRICE2,PRO_URL3,PRO_DATE) values (80,'AMD FX',100000,'(주)옥션','https://www.amd.com/system/files/fx-badge-1260x709.png',100000,100000,'8코어 8스레드 데스크탑 CPU',77,77,'TAG',1,1,1,1,1,null,'옥션','옥션2',100000,'옥션3',to_date('18/12/11','RR/MM/DD'));
Insert into EDUC239.TB_PRODUCT (PRO_NUM,PRO_NAME,PRO_LOW,PRO_SITE,PRO_MAIN_IMAGE,PRO_PRICE,PRO_PRICE3,PRO_EXPLAN,PRO_BUY_HITS,PRO_HITS,PRO_TAG,FIRST_CAT_NUM,SECOND_CAT_NUM,THIRD_CAT_NUM,LAST_CAT_NUM,PRODUCT_DETAIL_NUM,PRO_BUY,PRO_URL,PRO_URL2,PRO_PRICE2,PRO_URL3,PRO_DATE) values (81,'AMD FX',100000,'(주)옥션','https://www.amd.com/system/files/fx-badge-1260x709.png',100000,100000,'8코어 8스레드 데스크탑 CPU',78,78,'TAG',1,1,1,1,1,null,'옥션','옥션2',100000,'옥션3',to_date('18/12/11','RR/MM/DD'));
Insert into EDUC239.TB_PRODUCT (PRO_NUM,PRO_NAME,PRO_LOW,PRO_SITE,PRO_MAIN_IMAGE,PRO_PRICE,PRO_PRICE3,PRO_EXPLAN,PRO_BUY_HITS,PRO_HITS,PRO_TAG,FIRST_CAT_NUM,SECOND_CAT_NUM,THIRD_CAT_NUM,LAST_CAT_NUM,PRODUCT_DETAIL_NUM,PRO_BUY,PRO_URL,PRO_URL2,PRO_PRICE2,PRO_URL3,PRO_DATE) values (82,'AMD FX',100000,'(주)옥션','https://www.amd.com/system/files/fx-badge-1260x709.png',100000,100000,'8코어 8스레드 데스크탑 CPU',79,79,'TAG',1,1,1,1,1,null,'옥션','옥션2',100000,'옥션3',to_date('18/12/11','RR/MM/DD'));
Insert into EDUC239.TB_PRODUCT (PRO_NUM,PRO_NAME,PRO_LOW,PRO_SITE,PRO_MAIN_IMAGE,PRO_PRICE,PRO_PRICE3,PRO_EXPLAN,PRO_BUY_HITS,PRO_HITS,PRO_TAG,FIRST_CAT_NUM,SECOND_CAT_NUM,THIRD_CAT_NUM,LAST_CAT_NUM,PRODUCT_DETAIL_NUM,PRO_BUY,PRO_URL,PRO_URL2,PRO_PRICE2,PRO_URL3,PRO_DATE) values (83,'AMD FX',100000,'(주)옥션','https://www.amd.com/system/files/fx-badge-1260x709.png',100000,100000,'8코어 8스레드 데스크탑 CPU',80,80,'TAG',1,1,1,1,1,null,'옥션','옥션2',100000,'옥션3',to_date('18/12/11','RR/MM/DD'));
Insert into EDUC239.TB_PRODUCT (PRO_NUM,PRO_NAME,PRO_LOW,PRO_SITE,PRO_MAIN_IMAGE,PRO_PRICE,PRO_PRICE3,PRO_EXPLAN,PRO_BUY_HITS,PRO_HITS,PRO_TAG,FIRST_CAT_NUM,SECOND_CAT_NUM,THIRD_CAT_NUM,LAST_CAT_NUM,PRODUCT_DETAIL_NUM,PRO_BUY,PRO_URL,PRO_URL2,PRO_PRICE2,PRO_URL3,PRO_DATE) values (84,'AMD FX',100000,'(주)옥션','https://www.amd.com/system/files/fx-badge-1260x709.png',100000,100000,'8코어 8스레드 데스크탑 CPU',81,81,'TAG',1,1,1,1,1,null,'옥션','옥션2',100000,'옥션3',to_date('18/12/11','RR/MM/DD'));
Insert into EDUC239.TB_PRODUCT (PRO_NUM,PRO_NAME,PRO_LOW,PRO_SITE,PRO_MAIN_IMAGE,PRO_PRICE,PRO_PRICE3,PRO_EXPLAN,PRO_BUY_HITS,PRO_HITS,PRO_TAG,FIRST_CAT_NUM,SECOND_CAT_NUM,THIRD_CAT_NUM,LAST_CAT_NUM,PRODUCT_DETAIL_NUM,PRO_BUY,PRO_URL,PRO_URL2,PRO_PRICE2,PRO_URL3,PRO_DATE) values (85,'AMD FX',100000,'(주)옥션','https://www.amd.com/system/files/fx-badge-1260x709.png',100000,100000,'8코어 8스레드 데스크탑 CPU',82,82,'TAG',1,1,1,1,1,null,'옥션','옥션2',100000,'옥션3',to_date('18/12/11','RR/MM/DD'));
Insert into EDUC239.TB_PRODUCT (PRO_NUM,PRO_NAME,PRO_LOW,PRO_SITE,PRO_MAIN_IMAGE,PRO_PRICE,PRO_PRICE3,PRO_EXPLAN,PRO_BUY_HITS,PRO_HITS,PRO_TAG,FIRST_CAT_NUM,SECOND_CAT_NUM,THIRD_CAT_NUM,LAST_CAT_NUM,PRODUCT_DETAIL_NUM,PRO_BUY,PRO_URL,PRO_URL2,PRO_PRICE2,PRO_URL3,PRO_DATE) values (86,'AMD FX',100000,'(주)옥션','https://www.amd.com/system/files/fx-badge-1260x709.png',100000,100000,'8코어 8스레드 데스크탑 CPU',83,83,'TAG',1,1,1,1,1,null,'옥션','옥션2',100000,'옥션3',to_date('18/12/11','RR/MM/DD'));
Insert into EDUC239.TB_PRODUCT (PRO_NUM,PRO_NAME,PRO_LOW,PRO_SITE,PRO_MAIN_IMAGE,PRO_PRICE,PRO_PRICE3,PRO_EXPLAN,PRO_BUY_HITS,PRO_HITS,PRO_TAG,FIRST_CAT_NUM,SECOND_CAT_NUM,THIRD_CAT_NUM,LAST_CAT_NUM,PRODUCT_DETAIL_NUM,PRO_BUY,PRO_URL,PRO_URL2,PRO_PRICE2,PRO_URL3,PRO_DATE) values (87,'AMD FX',100000,'(주)옥션','https://www.amd.com/system/files/fx-badge-1260x709.png',100000,100000,'8코어 8스레드 데스크탑 CPU',84,84,'TAG',1,1,1,1,1,null,'옥션','옥션2',100000,'옥션3',to_date('18/12/11','RR/MM/DD'));
Insert into EDUC239.TB_PRODUCT (PRO_NUM,PRO_NAME,PRO_LOW,PRO_SITE,PRO_MAIN_IMAGE,PRO_PRICE,PRO_PRICE3,PRO_EXPLAN,PRO_BUY_HITS,PRO_HITS,PRO_TAG,FIRST_CAT_NUM,SECOND_CAT_NUM,THIRD_CAT_NUM,LAST_CAT_NUM,PRODUCT_DETAIL_NUM,PRO_BUY,PRO_URL,PRO_URL2,PRO_PRICE2,PRO_URL3,PRO_DATE) values (88,'AMD FX',100000,'(주)옥션','https://www.amd.com/system/files/fx-badge-1260x709.png',100000,100000,'8코어 8스레드 데스크탑 CPU',85,85,'TAG',1,1,1,1,1,null,'옥션','옥션2',100000,'옥션3',to_date('18/12/11','RR/MM/DD'));
Insert into EDUC239.TB_PRODUCT (PRO_NUM,PRO_NAME,PRO_LOW,PRO_SITE,PRO_MAIN_IMAGE,PRO_PRICE,PRO_PRICE3,PRO_EXPLAN,PRO_BUY_HITS,PRO_HITS,PRO_TAG,FIRST_CAT_NUM,SECOND_CAT_NUM,THIRD_CAT_NUM,LAST_CAT_NUM,PRODUCT_DETAIL_NUM,PRO_BUY,PRO_URL,PRO_URL2,PRO_PRICE2,PRO_URL3,PRO_DATE) values (89,'AMD FX',100000,'(주)옥션','https://www.amd.com/system/files/fx-badge-1260x709.png',100000,100000,'8코어 8스레드 데스크탑 CPU',86,86,'TAG',1,1,1,1,1,null,'옥션','옥션2',100000,'옥션3',to_date('18/12/11','RR/MM/DD'));
Insert into EDUC239.TB_PRODUCT (PRO_NUM,PRO_NAME,PRO_LOW,PRO_SITE,PRO_MAIN_IMAGE,PRO_PRICE,PRO_PRICE3,PRO_EXPLAN,PRO_BUY_HITS,PRO_HITS,PRO_TAG,FIRST_CAT_NUM,SECOND_CAT_NUM,THIRD_CAT_NUM,LAST_CAT_NUM,PRODUCT_DETAIL_NUM,PRO_BUY,PRO_URL,PRO_URL2,PRO_PRICE2,PRO_URL3,PRO_DATE) values (90,'AMD FX',100000,'(주)옥션','https://www.amd.com/system/files/fx-badge-1260x709.png',100000,100000,'8코어 8스레드 데스크탑 CPU',87,87,'TAG',1,1,1,1,1,null,'옥션','옥션2',100000,'옥션3',to_date('18/12/11','RR/MM/DD'));
Insert into EDUC239.TB_PRODUCT (PRO_NUM,PRO_NAME,PRO_LOW,PRO_SITE,PRO_MAIN_IMAGE,PRO_PRICE,PRO_PRICE3,PRO_EXPLAN,PRO_BUY_HITS,PRO_HITS,PRO_TAG,FIRST_CAT_NUM,SECOND_CAT_NUM,THIRD_CAT_NUM,LAST_CAT_NUM,PRODUCT_DETAIL_NUM,PRO_BUY,PRO_URL,PRO_URL2,PRO_PRICE2,PRO_URL3,PRO_DATE) values (91,'AMD FX',100000,'(주)옥션','https://www.amd.com/system/files/fx-badge-1260x709.png',100000,100000,'8코어 8스레드 데스크탑 CPU',88,88,'TAG',1,1,1,1,1,null,'옥션','옥션2',100000,'옥션3',to_date('18/12/11','RR/MM/DD'));
Insert into EDUC239.TB_PRODUCT (PRO_NUM,PRO_NAME,PRO_LOW,PRO_SITE,PRO_MAIN_IMAGE,PRO_PRICE,PRO_PRICE3,PRO_EXPLAN,PRO_BUY_HITS,PRO_HITS,PRO_TAG,FIRST_CAT_NUM,SECOND_CAT_NUM,THIRD_CAT_NUM,LAST_CAT_NUM,PRODUCT_DETAIL_NUM,PRO_BUY,PRO_URL,PRO_URL2,PRO_PRICE2,PRO_URL3,PRO_DATE) values (92,'AMD FX',100000,'(주)옥션','https://www.amd.com/system/files/fx-badge-1260x709.png',100000,100000,'8코어 8스레드 데스크탑 CPU',89,89,'TAG',1,1,1,1,1,null,'옥션','옥션2',100000,'옥션3',to_date('18/12/11','RR/MM/DD'));
Insert into EDUC239.TB_PRODUCT (PRO_NUM,PRO_NAME,PRO_LOW,PRO_SITE,PRO_MAIN_IMAGE,PRO_PRICE,PRO_PRICE3,PRO_EXPLAN,PRO_BUY_HITS,PRO_HITS,PRO_TAG,FIRST_CAT_NUM,SECOND_CAT_NUM,THIRD_CAT_NUM,LAST_CAT_NUM,PRODUCT_DETAIL_NUM,PRO_BUY,PRO_URL,PRO_URL2,PRO_PRICE2,PRO_URL3,PRO_DATE) values (93,'AMD FX',100000,'(주)옥션','https://www.amd.com/system/files/fx-badge-1260x709.png',100000,100000,'8코어 8스레드 데스크탑 CPU',90,90,'TAG',1,1,1,1,1,null,'옥션','옥션2',100000,'옥션3',to_date('18/12/11','RR/MM/DD'));
Insert into EDUC239.TB_PRODUCT (PRO_NUM,PRO_NAME,PRO_LOW,PRO_SITE,PRO_MAIN_IMAGE,PRO_PRICE,PRO_PRICE3,PRO_EXPLAN,PRO_BUY_HITS,PRO_HITS,PRO_TAG,FIRST_CAT_NUM,SECOND_CAT_NUM,THIRD_CAT_NUM,LAST_CAT_NUM,PRODUCT_DETAIL_NUM,PRO_BUY,PRO_URL,PRO_URL2,PRO_PRICE2,PRO_URL3,PRO_DATE) values (94,'AMD FX',100000,'(주)옥션','https://www.amd.com/system/files/fx-badge-1260x709.png',100000,100000,'8코어 8스레드 데스크탑 CPU',91,91,'TAG',1,1,1,1,1,null,'옥션','옥션2',100000,'옥션3',to_date('18/12/11','RR/MM/DD'));
Insert into EDUC239.TB_PRODUCT (PRO_NUM,PRO_NAME,PRO_LOW,PRO_SITE,PRO_MAIN_IMAGE,PRO_PRICE,PRO_PRICE3,PRO_EXPLAN,PRO_BUY_HITS,PRO_HITS,PRO_TAG,FIRST_CAT_NUM,SECOND_CAT_NUM,THIRD_CAT_NUM,LAST_CAT_NUM,PRODUCT_DETAIL_NUM,PRO_BUY,PRO_URL,PRO_URL2,PRO_PRICE2,PRO_URL3,PRO_DATE) values (95,'AMD FX',100000,'(주)옥션','https://www.amd.com/system/files/fx-badge-1260x709.png',100000,100000,'8코어 8스레드 데스크탑 CPU',92,92,'TAG',1,1,1,1,1,null,'옥션','옥션2',100000,'옥션3',to_date('18/12/11','RR/MM/DD'));
Insert into EDUC239.TB_PRODUCT (PRO_NUM,PRO_NAME,PRO_LOW,PRO_SITE,PRO_MAIN_IMAGE,PRO_PRICE,PRO_PRICE3,PRO_EXPLAN,PRO_BUY_HITS,PRO_HITS,PRO_TAG,FIRST_CAT_NUM,SECOND_CAT_NUM,THIRD_CAT_NUM,LAST_CAT_NUM,PRODUCT_DETAIL_NUM,PRO_BUY,PRO_URL,PRO_URL2,PRO_PRICE2,PRO_URL3,PRO_DATE) values (96,'AMD FX',100000,'(주)옥션','https://www.amd.com/system/files/fx-badge-1260x709.png',100000,100000,'8코어 8스레드 데스크탑 CPU',93,93,'TAG',1,1,1,1,1,null,'옥션','옥션2',100000,'옥션3',to_date('18/12/11','RR/MM/DD'));
Insert into EDUC239.TB_PRODUCT (PRO_NUM,PRO_NAME,PRO_LOW,PRO_SITE,PRO_MAIN_IMAGE,PRO_PRICE,PRO_PRICE3,PRO_EXPLAN,PRO_BUY_HITS,PRO_HITS,PRO_TAG,FIRST_CAT_NUM,SECOND_CAT_NUM,THIRD_CAT_NUM,LAST_CAT_NUM,PRODUCT_DETAIL_NUM,PRO_BUY,PRO_URL,PRO_URL2,PRO_PRICE2,PRO_URL3,PRO_DATE) values (97,'AMD FX',100000,'(주)옥션','https://www.amd.com/system/files/fx-badge-1260x709.png',100000,100000,'8코어 8스레드 데스크탑 CPU',94,94,'TAG',1,1,1,1,1,null,'옥션','옥션2',100000,'옥션3',to_date('18/12/11','RR/MM/DD'));
Insert into EDUC239.TB_PRODUCT (PRO_NUM,PRO_NAME,PRO_LOW,PRO_SITE,PRO_MAIN_IMAGE,PRO_PRICE,PRO_PRICE3,PRO_EXPLAN,PRO_BUY_HITS,PRO_HITS,PRO_TAG,FIRST_CAT_NUM,SECOND_CAT_NUM,THIRD_CAT_NUM,LAST_CAT_NUM,PRODUCT_DETAIL_NUM,PRO_BUY,PRO_URL,PRO_URL2,PRO_PRICE2,PRO_URL3,PRO_DATE) values (98,'AMD FX',100000,'(주)옥션','https://www.amd.com/system/files/fx-badge-1260x709.png',100000,100000,'8코어 8스레드 데스크탑 CPU',95,95,'TAG',1,1,1,1,1,null,'옥션','옥션2',100000,'옥션3',to_date('18/12/11','RR/MM/DD'));
Insert into EDUC239.TB_PRODUCT (PRO_NUM,PRO_NAME,PRO_LOW,PRO_SITE,PRO_MAIN_IMAGE,PRO_PRICE,PRO_PRICE3,PRO_EXPLAN,PRO_BUY_HITS,PRO_HITS,PRO_TAG,FIRST_CAT_NUM,SECOND_CAT_NUM,THIRD_CAT_NUM,LAST_CAT_NUM,PRODUCT_DETAIL_NUM,PRO_BUY,PRO_URL,PRO_URL2,PRO_PRICE2,PRO_URL3,PRO_DATE) values (99,'AMD FX',100000,'(주)옥션','https://www.amd.com/system/files/fx-badge-1260x709.png',100000,100000,'8코어 8스레드 데스크탑 CPU',96,96,'TAG',1,1,1,1,1,null,'옥션','옥션2',100000,'옥션3',to_date('18/12/11','RR/MM/DD'));
Insert into EDUC239.TB_PRODUCT (PRO_NUM,PRO_NAME,PRO_LOW,PRO_SITE,PRO_MAIN_IMAGE,PRO_PRICE,PRO_PRICE3,PRO_EXPLAN,PRO_BUY_HITS,PRO_HITS,PRO_TAG,FIRST_CAT_NUM,SECOND_CAT_NUM,THIRD_CAT_NUM,LAST_CAT_NUM,PRODUCT_DETAIL_NUM,PRO_BUY,PRO_URL,PRO_URL2,PRO_PRICE2,PRO_URL3,PRO_DATE) values (100,'AMD FX',100000,'(주)옥션','https://www.amd.com/system/files/fx-badge-1260x709.png',100000,100000,'8코어 8스레드 데스크탑 CPU',97,97,'TAG',1,1,1,1,1,null,'옥션','옥션2',100000,'옥션3',to_date('18/12/11','RR/MM/DD'));
Insert into EDUC239.TB_PRODUCT (PRO_NUM,PRO_NAME,PRO_LOW,PRO_SITE,PRO_MAIN_IMAGE,PRO_PRICE,PRO_PRICE3,PRO_EXPLAN,PRO_BUY_HITS,PRO_HITS,PRO_TAG,FIRST_CAT_NUM,SECOND_CAT_NUM,THIRD_CAT_NUM,LAST_CAT_NUM,PRODUCT_DETAIL_NUM,PRO_BUY,PRO_URL,PRO_URL2,PRO_PRICE2,PRO_URL3,PRO_DATE) values (101,'AMD FX',100000,'(주)옥션','https://www.amd.com/system/files/fx-badge-1260x709.png',100000,100000,'8코어 8스레드 데스크탑 CPU',98,98,'TAG',1,1,1,1,1,null,'옥션','옥션2',100000,'옥션3',to_date('18/12/11','RR/MM/DD'));
Insert into EDUC239.TB_PRODUCT (PRO_NUM,PRO_NAME,PRO_LOW,PRO_SITE,PRO_MAIN_IMAGE,PRO_PRICE,PRO_PRICE3,PRO_EXPLAN,PRO_BUY_HITS,PRO_HITS,PRO_TAG,FIRST_CAT_NUM,SECOND_CAT_NUM,THIRD_CAT_NUM,LAST_CAT_NUM,PRODUCT_DETAIL_NUM,PRO_BUY,PRO_URL,PRO_URL2,PRO_PRICE2,PRO_URL3,PRO_DATE) values (102,'AMD FX',100000,'(주)옥션','https://www.amd.com/system/files/fx-badge-1260x709.png',100000,100000,'8코어 8스레드 데스크탑 CPU',99,99,'TAG',1,1,1,1,1,null,'옥션','옥션2',100000,'옥션3',to_date('18/12/11','RR/MM/DD'));
Insert into EDUC239.TB_PRODUCT (PRO_NUM,PRO_NAME,PRO_LOW,PRO_SITE,PRO_MAIN_IMAGE,PRO_PRICE,PRO_PRICE3,PRO_EXPLAN,PRO_BUY_HITS,PRO_HITS,PRO_TAG,FIRST_CAT_NUM,SECOND_CAT_NUM,THIRD_CAT_NUM,LAST_CAT_NUM,PRODUCT_DETAIL_NUM,PRO_BUY,PRO_URL,PRO_URL2,PRO_PRICE2,PRO_URL3,PRO_DATE) values (103,'AMD FX',100000,'(주)옥션','https://www.amd.com/system/files/fx-badge-1260x709.png',100000,100000,'8코어 8스레드 데스크탑 CPU',100,100,'TAG',1,1,1,1,1,null,'옥션','옥션2',100000,'옥션3',to_date('18/12/11','RR/MM/DD'));
Insert into EDUC239.TB_PRODUCT (PRO_NUM,PRO_NAME,PRO_LOW,PRO_SITE,PRO_MAIN_IMAGE,PRO_PRICE,PRO_PRICE3,PRO_EXPLAN,PRO_BUY_HITS,PRO_HITS,PRO_TAG,FIRST_CAT_NUM,SECOND_CAT_NUM,THIRD_CAT_NUM,LAST_CAT_NUM,PRODUCT_DETAIL_NUM,PRO_BUY,PRO_URL,PRO_URL2,PRO_PRICE2,PRO_URL3,PRO_DATE) values (104,'AMD FX',100000,'(주)옥션','https://www.amd.com/system/files/fx-badge-1260x709.png',100000,100000,'8코어 8스레드 데스크탑 CPU',101,101,'TAG',1,1,1,1,1,null,'옥션','옥션2',100000,'옥션3',to_date('18/12/11','RR/MM/DD'));
Insert into EDUC239.TB_PRODUCT (PRO_NUM,PRO_NAME,PRO_LOW,PRO_SITE,PRO_MAIN_IMAGE,PRO_PRICE,PRO_PRICE3,PRO_EXPLAN,PRO_BUY_HITS,PRO_HITS,PRO_TAG,FIRST_CAT_NUM,SECOND_CAT_NUM,THIRD_CAT_NUM,LAST_CAT_NUM,PRODUCT_DETAIL_NUM,PRO_BUY,PRO_URL,PRO_URL2,PRO_PRICE2,PRO_URL3,PRO_DATE) values (105,'AMD FX',100000,'(주)옥션','https://www.amd.com/system/files/fx-badge-1260x709.png',100000,100000,'8코어 8스레드 데스크탑 CPU',102,102,'TAG',1,1,1,1,1,null,'옥션','옥션2',100000,'옥션3',to_date('18/12/11','RR/MM/DD'));
Insert into EDUC239.TB_PRODUCT (PRO_NUM,PRO_NAME,PRO_LOW,PRO_SITE,PRO_MAIN_IMAGE,PRO_PRICE,PRO_PRICE3,PRO_EXPLAN,PRO_BUY_HITS,PRO_HITS,PRO_TAG,FIRST_CAT_NUM,SECOND_CAT_NUM,THIRD_CAT_NUM,LAST_CAT_NUM,PRODUCT_DETAIL_NUM,PRO_BUY,PRO_URL,PRO_URL2,PRO_PRICE2,PRO_URL3,PRO_DATE) values (106,'AMD FX',100000,'(주)옥션','https://www.amd.com/system/files/fx-badge-1260x709.png',100000,100000,'8코어 8스레드 데스크탑 CPU',103,103,'TAG',1,1,1,1,1,null,'옥션','옥션2',100000,'옥션3',to_date('18/12/11','RR/MM/DD'));
Insert into EDUC239.TB_PRODUCT (PRO_NUM,PRO_NAME,PRO_LOW,PRO_SITE,PRO_MAIN_IMAGE,PRO_PRICE,PRO_PRICE3,PRO_EXPLAN,PRO_BUY_HITS,PRO_HITS,PRO_TAG,FIRST_CAT_NUM,SECOND_CAT_NUM,THIRD_CAT_NUM,LAST_CAT_NUM,PRODUCT_DETAIL_NUM,PRO_BUY,PRO_URL,PRO_URL2,PRO_PRICE2,PRO_URL3,PRO_DATE) values (107,'AMD FX',100000,'(주)옥션','https://www.amd.com/system/files/fx-badge-1260x709.png',100000,100000,'8코어 8스레드 데스크탑 CPU',104,104,'TAG',1,1,1,1,1,null,'옥션','옥션2',100000,'옥션3',to_date('18/12/11','RR/MM/DD'));
Insert into EDUC239.TB_PRODUCT (PRO_NUM,PRO_NAME,PRO_LOW,PRO_SITE,PRO_MAIN_IMAGE,PRO_PRICE,PRO_PRICE3,PRO_EXPLAN,PRO_BUY_HITS,PRO_HITS,PRO_TAG,FIRST_CAT_NUM,SECOND_CAT_NUM,THIRD_CAT_NUM,LAST_CAT_NUM,PRODUCT_DETAIL_NUM,PRO_BUY,PRO_URL,PRO_URL2,PRO_PRICE2,PRO_URL3,PRO_DATE) values (19,'인텔i5',null,'옥션','https://www.intel.co.kr/content/dam/www/global/badges/badge-6th-gen-core-i5-vpro-trn-rwd.png.rendition.intel.web.224.126.png',1000,3000,'explain',16,16,'TAG',1,1,1,1,1,null,'auction1','auction2',2000,'auction3',to_date('18/12/10','RR/MM/DD'));
Insert into EDUC239.TB_PRODUCT (PRO_NUM,PRO_NAME,PRO_LOW,PRO_SITE,PRO_MAIN_IMAGE,PRO_PRICE,PRO_PRICE3,PRO_EXPLAN,PRO_BUY_HITS,PRO_HITS,PRO_TAG,FIRST_CAT_NUM,SECOND_CAT_NUM,THIRD_CAT_NUM,LAST_CAT_NUM,PRODUCT_DETAIL_NUM,PRO_BUY,PRO_URL,PRO_URL2,PRO_PRICE2,PRO_URL3,PRO_DATE) values (108,'AMD FX',100000,'(주)옥션','https://www.amd.com/system/files/fx-badge-1260x709.png',100000,100000,'8코어 8스레드 데스크탑 CPU',105,105,'TAG',1,1,1,1,1,null,'옥션','옥션2',100000,'옥션3',to_date('18/12/11','RR/MM/DD'));
Insert into EDUC239.TB_PRODUCT (PRO_NUM,PRO_NAME,PRO_LOW,PRO_SITE,PRO_MAIN_IMAGE,PRO_PRICE,PRO_PRICE3,PRO_EXPLAN,PRO_BUY_HITS,PRO_HITS,PRO_TAG,FIRST_CAT_NUM,SECOND_CAT_NUM,THIRD_CAT_NUM,LAST_CAT_NUM,PRODUCT_DETAIL_NUM,PRO_BUY,PRO_URL,PRO_URL2,PRO_PRICE2,PRO_URL3,PRO_DATE) values (109,'AMD FX',100000,'(주)옥션','https://www.amd.com/system/files/fx-badge-1260x709.png',100000,100000,'8코어 8스레드 데스크탑 CPU',106,106,'TAG',1,1,1,1,1,null,'옥션','옥션2',100000,'옥션3',to_date('18/12/11','RR/MM/DD'));
Insert into EDUC239.TB_PRODUCT (PRO_NUM,PRO_NAME,PRO_LOW,PRO_SITE,PRO_MAIN_IMAGE,PRO_PRICE,PRO_PRICE3,PRO_EXPLAN,PRO_BUY_HITS,PRO_HITS,PRO_TAG,FIRST_CAT_NUM,SECOND_CAT_NUM,THIRD_CAT_NUM,LAST_CAT_NUM,PRODUCT_DETAIL_NUM,PRO_BUY,PRO_URL,PRO_URL2,PRO_PRICE2,PRO_URL3,PRO_DATE) values (110,'AMD FX',100000,'(주)옥션','https://www.amd.com/system/files/fx-badge-1260x709.png',100000,100000,'8코어 8스레드 데스크탑 CPU',107,107,'TAG',1,1,1,1,1,null,'옥션','옥션2',100000,'옥션3',to_date('18/12/11','RR/MM/DD'));
Insert into EDUC239.TB_PRODUCT (PRO_NUM,PRO_NAME,PRO_LOW,PRO_SITE,PRO_MAIN_IMAGE,PRO_PRICE,PRO_PRICE3,PRO_EXPLAN,PRO_BUY_HITS,PRO_HITS,PRO_TAG,FIRST_CAT_NUM,SECOND_CAT_NUM,THIRD_CAT_NUM,LAST_CAT_NUM,PRODUCT_DETAIL_NUM,PRO_BUY,PRO_URL,PRO_URL2,PRO_PRICE2,PRO_URL3,PRO_DATE) values (111,'AMD FX',100000,'(주)옥션','https://www.amd.com/system/files/fx-badge-1260x709.png',100000,100000,'8코어 8스레드 데스크탑 CPU',108,108,'TAG',1,1,1,1,1,null,'옥션','옥션2',100000,'옥션3',to_date('18/12/11','RR/MM/DD'));
Insert into EDUC239.TB_PRODUCT (PRO_NUM,PRO_NAME,PRO_LOW,PRO_SITE,PRO_MAIN_IMAGE,PRO_PRICE,PRO_PRICE3,PRO_EXPLAN,PRO_BUY_HITS,PRO_HITS,PRO_TAG,FIRST_CAT_NUM,SECOND_CAT_NUM,THIRD_CAT_NUM,LAST_CAT_NUM,PRODUCT_DETAIL_NUM,PRO_BUY,PRO_URL,PRO_URL2,PRO_PRICE2,PRO_URL3,PRO_DATE) values (112,'AMD FX',100000,'(주)옥션','https://www.amd.com/system/files/fx-badge-1260x709.png',100000,100000,'8코어 8스레드 데스크탑 CPU',109,109,'TAG',1,1,1,1,1,null,'옥션','옥션2',100000,'옥션3',to_date('18/12/11','RR/MM/DD'));
Insert into EDUC239.TB_PRODUCT (PRO_NUM,PRO_NAME,PRO_LOW,PRO_SITE,PRO_MAIN_IMAGE,PRO_PRICE,PRO_PRICE3,PRO_EXPLAN,PRO_BUY_HITS,PRO_HITS,PRO_TAG,FIRST_CAT_NUM,SECOND_CAT_NUM,THIRD_CAT_NUM,LAST_CAT_NUM,PRODUCT_DETAIL_NUM,PRO_BUY,PRO_URL,PRO_URL2,PRO_PRICE2,PRO_URL3,PRO_DATE) values (113,'AMD FX',100000,'(주)옥션','https://www.amd.com/system/files/fx-badge-1260x709.png',100000,100000,'8코어 8스레드 데스크탑 CPU',110,110,'TAG',1,1,1,1,1,null,'옥션','옥션2',100000,'옥션3',to_date('18/12/11','RR/MM/DD'));
Insert into EDUC239.TB_PRODUCT (PRO_NUM,PRO_NAME,PRO_LOW,PRO_SITE,PRO_MAIN_IMAGE,PRO_PRICE,PRO_PRICE3,PRO_EXPLAN,PRO_BUY_HITS,PRO_HITS,PRO_TAG,FIRST_CAT_NUM,SECOND_CAT_NUM,THIRD_CAT_NUM,LAST_CAT_NUM,PRODUCT_DETAIL_NUM,PRO_BUY,PRO_URL,PRO_URL2,PRO_PRICE2,PRO_URL3,PRO_DATE) values (114,'AMD FX',100000,'(주)옥션','https://www.amd.com/system/files/fx-badge-1260x709.png',100000,100000,'8코어 8스레드 데스크탑 CPU',111,111,'TAG',1,1,1,1,1,null,'옥션','옥션2',100000,'옥션3',to_date('18/12/11','RR/MM/DD'));
Insert into EDUC239.TB_PRODUCT (PRO_NUM,PRO_NAME,PRO_LOW,PRO_SITE,PRO_MAIN_IMAGE,PRO_PRICE,PRO_PRICE3,PRO_EXPLAN,PRO_BUY_HITS,PRO_HITS,PRO_TAG,FIRST_CAT_NUM,SECOND_CAT_NUM,THIRD_CAT_NUM,LAST_CAT_NUM,PRODUCT_DETAIL_NUM,PRO_BUY,PRO_URL,PRO_URL2,PRO_PRICE2,PRO_URL3,PRO_DATE) values (115,'AMD FX',100000,'(주)옥션','https://www.amd.com/system/files/fx-badge-1260x709.png',100000,100000,'8코어 8스레드 데스크탑 CPU',112,112,'TAG',1,1,1,1,1,null,'옥션','옥션2',100000,'옥션3',to_date('18/12/11','RR/MM/DD'));
Insert into EDUC239.TB_PRODUCT (PRO_NUM,PRO_NAME,PRO_LOW,PRO_SITE,PRO_MAIN_IMAGE,PRO_PRICE,PRO_PRICE3,PRO_EXPLAN,PRO_BUY_HITS,PRO_HITS,PRO_TAG,FIRST_CAT_NUM,SECOND_CAT_NUM,THIRD_CAT_NUM,LAST_CAT_NUM,PRODUCT_DETAIL_NUM,PRO_BUY,PRO_URL,PRO_URL2,PRO_PRICE2,PRO_URL3,PRO_DATE) values (116,'AMD FX',100000,'(주)옥션','https://www.amd.com/system/files/fx-badge-1260x709.png',100000,100000,'8코어 8스레드 데스크탑 CPU',113,113,'TAG',1,1,1,1,1,null,'옥션','옥션2',100000,'옥션3',to_date('18/12/11','RR/MM/DD'));
Insert into EDUC239.TB_PRODUCT (PRO_NUM,PRO_NAME,PRO_LOW,PRO_SITE,PRO_MAIN_IMAGE,PRO_PRICE,PRO_PRICE3,PRO_EXPLAN,PRO_BUY_HITS,PRO_HITS,PRO_TAG,FIRST_CAT_NUM,SECOND_CAT_NUM,THIRD_CAT_NUM,LAST_CAT_NUM,PRODUCT_DETAIL_NUM,PRO_BUY,PRO_URL,PRO_URL2,PRO_PRICE2,PRO_URL3,PRO_DATE) values (117,'AMD FX',100000,'(주)옥션','https://www.amd.com/system/files/fx-badge-1260x709.png',100000,100000,'8코어 8스레드 데스크탑 CPU',114,114,'TAG',1,1,1,1,1,null,'옥션','옥션2',100000,'옥션3',to_date('18/12/11','RR/MM/DD'));
Insert into EDUC239.TB_PRODUCT (PRO_NUM,PRO_NAME,PRO_LOW,PRO_SITE,PRO_MAIN_IMAGE,PRO_PRICE,PRO_PRICE3,PRO_EXPLAN,PRO_BUY_HITS,PRO_HITS,PRO_TAG,FIRST_CAT_NUM,SECOND_CAT_NUM,THIRD_CAT_NUM,LAST_CAT_NUM,PRODUCT_DETAIL_NUM,PRO_BUY,PRO_URL,PRO_URL2,PRO_PRICE2,PRO_URL3,PRO_DATE) values (118,'AMD FX',100000,'(주)옥션','https://www.amd.com/system/files/fx-badge-1260x709.png',100000,100000,'8코어 8스레드 데스크탑 CPU',115,115,'TAG',1,1,1,1,1,null,'옥션','옥션2',100000,'옥션3',to_date('18/12/11','RR/MM/DD'));
Insert into EDUC239.TB_PRODUCT (PRO_NUM,PRO_NAME,PRO_LOW,PRO_SITE,PRO_MAIN_IMAGE,PRO_PRICE,PRO_PRICE3,PRO_EXPLAN,PRO_BUY_HITS,PRO_HITS,PRO_TAG,FIRST_CAT_NUM,SECOND_CAT_NUM,THIRD_CAT_NUM,LAST_CAT_NUM,PRODUCT_DETAIL_NUM,PRO_BUY,PRO_URL,PRO_URL2,PRO_PRICE2,PRO_URL3,PRO_DATE) values (119,'AMD FX',100000,'(주)옥션','https://www.amd.com/system/files/fx-badge-1260x709.png',100000,100000,'8코어 8스레드 데스크탑 CPU',116,116,'TAG',1,1,1,1,1,null,'옥션','옥션2',100000,'옥션3',to_date('18/12/11','RR/MM/DD'));
Insert into EDUC239.TB_PRODUCT (PRO_NUM,PRO_NAME,PRO_LOW,PRO_SITE,PRO_MAIN_IMAGE,PRO_PRICE,PRO_PRICE3,PRO_EXPLAN,PRO_BUY_HITS,PRO_HITS,PRO_TAG,FIRST_CAT_NUM,SECOND_CAT_NUM,THIRD_CAT_NUM,LAST_CAT_NUM,PRODUCT_DETAIL_NUM,PRO_BUY,PRO_URL,PRO_URL2,PRO_PRICE2,PRO_URL3,PRO_DATE) values (120,'AMD FX',100000,'(주)옥션','https://www.amd.com/system/files/fx-badge-1260x709.png',100000,100000,'8코어 8스레드 데스크탑 CPU',117,117,'TAG',1,1,1,1,1,null,'옥션','옥션2',100000,'옥션3',to_date('18/12/11','RR/MM/DD'));
Insert into EDUC239.TB_PRODUCT (PRO_NUM,PRO_NAME,PRO_LOW,PRO_SITE,PRO_MAIN_IMAGE,PRO_PRICE,PRO_PRICE3,PRO_EXPLAN,PRO_BUY_HITS,PRO_HITS,PRO_TAG,FIRST_CAT_NUM,SECOND_CAT_NUM,THIRD_CAT_NUM,LAST_CAT_NUM,PRODUCT_DETAIL_NUM,PRO_BUY,PRO_URL,PRO_URL2,PRO_PRICE2,PRO_URL3,PRO_DATE) values (121,'AMD FX',100000,'(주)옥션','https://www.amd.com/system/files/fx-badge-1260x709.png',100000,100000,'8코어 8스레드 데스크탑 CPU',118,118,'TAG',1,1,1,1,1,null,'옥션','옥션2',100000,'옥션3',to_date('18/12/11','RR/MM/DD'));
Insert into EDUC239.TB_PRODUCT (PRO_NUM,PRO_NAME,PRO_LOW,PRO_SITE,PRO_MAIN_IMAGE,PRO_PRICE,PRO_PRICE3,PRO_EXPLAN,PRO_BUY_HITS,PRO_HITS,PRO_TAG,FIRST_CAT_NUM,SECOND_CAT_NUM,THIRD_CAT_NUM,LAST_CAT_NUM,PRODUCT_DETAIL_NUM,PRO_BUY,PRO_URL,PRO_URL2,PRO_PRICE2,PRO_URL3,PRO_DATE) values (122,'AMD FX',100000,'(주)옥션','https://www.amd.com/system/files/fx-badge-1260x709.png',100000,100000,'8코어 8스레드 데스크탑 CPU',119,119,'TAG',1,1,1,1,1,null,'옥션','옥션2',100000,'옥션3',to_date('18/12/11','RR/MM/DD'));
Insert into EDUC239.TB_PRODUCT (PRO_NUM,PRO_NAME,PRO_LOW,PRO_SITE,PRO_MAIN_IMAGE,PRO_PRICE,PRO_PRICE3,PRO_EXPLAN,PRO_BUY_HITS,PRO_HITS,PRO_TAG,FIRST_CAT_NUM,SECOND_CAT_NUM,THIRD_CAT_NUM,LAST_CAT_NUM,PRODUCT_DETAIL_NUM,PRO_BUY,PRO_URL,PRO_URL2,PRO_PRICE2,PRO_URL3,PRO_DATE) values (123,'AMD FX',100000,'(주)옥션','https://www.amd.com/system/files/fx-badge-1260x709.png',100000,100000,'8코어 8스레드 데스크탑 CPU',120,120,'TAG',1,1,1,1,1,null,'옥션','옥션2',100000,'옥션3',to_date('18/12/11','RR/MM/DD'));
Insert into EDUC239.TB_PRODUCT (PRO_NUM,PRO_NAME,PRO_LOW,PRO_SITE,PRO_MAIN_IMAGE,PRO_PRICE,PRO_PRICE3,PRO_EXPLAN,PRO_BUY_HITS,PRO_HITS,PRO_TAG,FIRST_CAT_NUM,SECOND_CAT_NUM,THIRD_CAT_NUM,LAST_CAT_NUM,PRODUCT_DETAIL_NUM,PRO_BUY,PRO_URL,PRO_URL2,PRO_PRICE2,PRO_URL3,PRO_DATE) values (124,'AMD FX',100000,'(주)옥션','https://www.amd.com/system/files/fx-badge-1260x709.png',100000,100000,'8코어 8스레드 데스크탑 CPU',121,121,'TAG',1,1,1,1,1,null,'옥션','옥션2',100000,'옥션3',to_date('18/12/11','RR/MM/DD'));
Insert into EDUC239.TB_PRODUCT (PRO_NUM,PRO_NAME,PRO_LOW,PRO_SITE,PRO_MAIN_IMAGE,PRO_PRICE,PRO_PRICE3,PRO_EXPLAN,PRO_BUY_HITS,PRO_HITS,PRO_TAG,FIRST_CAT_NUM,SECOND_CAT_NUM,THIRD_CAT_NUM,LAST_CAT_NUM,PRODUCT_DETAIL_NUM,PRO_BUY,PRO_URL,PRO_URL2,PRO_PRICE2,PRO_URL3,PRO_DATE) values (125,'AMD FX',100000,'(주)옥션','https://www.amd.com/system/files/fx-badge-1260x709.png',100000,100000,'8코어 8스레드 데스크탑 CPU',122,122,'TAG',1,1,1,1,1,null,'옥션','옥션2',100000,'옥션3',to_date('18/12/11','RR/MM/DD'));
Insert into EDUC239.TB_PRODUCT (PRO_NUM,PRO_NAME,PRO_LOW,PRO_SITE,PRO_MAIN_IMAGE,PRO_PRICE,PRO_PRICE3,PRO_EXPLAN,PRO_BUY_HITS,PRO_HITS,PRO_TAG,FIRST_CAT_NUM,SECOND_CAT_NUM,THIRD_CAT_NUM,LAST_CAT_NUM,PRODUCT_DETAIL_NUM,PRO_BUY,PRO_URL,PRO_URL2,PRO_PRICE2,PRO_URL3,PRO_DATE) values (126,'AMD FX',100000,'(주)옥션','https://www.amd.com/system/files/fx-badge-1260x709.png',100000,100000,'8코어 8스레드 데스크탑 CPU',123,123,'TAG',1,1,1,1,1,null,'옥션','옥션2',100000,'옥션3',to_date('18/12/11','RR/MM/DD'));
Insert into EDUC239.TB_PRODUCT (PRO_NUM,PRO_NAME,PRO_LOW,PRO_SITE,PRO_MAIN_IMAGE,PRO_PRICE,PRO_PRICE3,PRO_EXPLAN,PRO_BUY_HITS,PRO_HITS,PRO_TAG,FIRST_CAT_NUM,SECOND_CAT_NUM,THIRD_CAT_NUM,LAST_CAT_NUM,PRODUCT_DETAIL_NUM,PRO_BUY,PRO_URL,PRO_URL2,PRO_PRICE2,PRO_URL3,PRO_DATE) values (127,'AMD FX',100000,'(주)옥션','https://www.amd.com/system/files/fx-badge-1260x709.png',100000,100000,'8코어 8스레드 데스크탑 CPU',124,124,'TAG',1,1,1,1,1,null,'옥션','옥션2',100000,'옥션3',to_date('18/12/11','RR/MM/DD'));
Insert into EDUC239.TB_PRODUCT (PRO_NUM,PRO_NAME,PRO_LOW,PRO_SITE,PRO_MAIN_IMAGE,PRO_PRICE,PRO_PRICE3,PRO_EXPLAN,PRO_BUY_HITS,PRO_HITS,PRO_TAG,FIRST_CAT_NUM,SECOND_CAT_NUM,THIRD_CAT_NUM,LAST_CAT_NUM,PRODUCT_DETAIL_NUM,PRO_BUY,PRO_URL,PRO_URL2,PRO_PRICE2,PRO_URL3,PRO_DATE) values (128,'AMD FX',100000,'(주)옥션','https://www.amd.com/system/files/fx-badge-1260x709.png',100000,100000,'8코어 8스레드 데스크탑 CPU',125,125,'TAG',1,1,1,1,1,null,'옥션','옥션2',100000,'옥션3',to_date('18/12/11','RR/MM/DD'));
Insert into EDUC239.TB_PRODUCT (PRO_NUM,PRO_NAME,PRO_LOW,PRO_SITE,PRO_MAIN_IMAGE,PRO_PRICE,PRO_PRICE3,PRO_EXPLAN,PRO_BUY_HITS,PRO_HITS,PRO_TAG,FIRST_CAT_NUM,SECOND_CAT_NUM,THIRD_CAT_NUM,LAST_CAT_NUM,PRODUCT_DETAIL_NUM,PRO_BUY,PRO_URL,PRO_URL2,PRO_PRICE2,PRO_URL3,PRO_DATE) values (129,'AMD FX',100000,'(주)옥션','https://www.amd.com/system/files/fx-badge-1260x709.png',100000,100000,'8코어 8스레드 데스크탑 CPU',126,126,'TAG',1,1,1,1,1,null,'옥션','옥션2',100000,'옥션3',to_date('18/12/11','RR/MM/DD'));
Insert into EDUC239.TB_PRODUCT (PRO_NUM,PRO_NAME,PRO_LOW,PRO_SITE,PRO_MAIN_IMAGE,PRO_PRICE,PRO_PRICE3,PRO_EXPLAN,PRO_BUY_HITS,PRO_HITS,PRO_TAG,FIRST_CAT_NUM,SECOND_CAT_NUM,THIRD_CAT_NUM,LAST_CAT_NUM,PRODUCT_DETAIL_NUM,PRO_BUY,PRO_URL,PRO_URL2,PRO_PRICE2,PRO_URL3,PRO_DATE) values (130,'AMD FX',100000,'(주)옥션','https://www.amd.com/system/files/fx-badge-1260x709.png',100000,100000,'8코어 8스레드 데스크탑 CPU',127,127,'TAG',1,1,1,1,1,null,'옥션','옥션2',100000,'옥션3',to_date('18/12/11','RR/MM/DD'));
Insert into EDUC239.TB_PRODUCT (PRO_NUM,PRO_NAME,PRO_LOW,PRO_SITE,PRO_MAIN_IMAGE,PRO_PRICE,PRO_PRICE3,PRO_EXPLAN,PRO_BUY_HITS,PRO_HITS,PRO_TAG,FIRST_CAT_NUM,SECOND_CAT_NUM,THIRD_CAT_NUM,LAST_CAT_NUM,PRODUCT_DETAIL_NUM,PRO_BUY,PRO_URL,PRO_URL2,PRO_PRICE2,PRO_URL3,PRO_DATE) values (131,'AMD FX',100000,'(주)옥션','https://www.amd.com/system/files/fx-badge-1260x709.png',100000,100000,'8코어 8스레드 데스크탑 CPU',128,128,'TAG',1,1,1,1,1,null,'옥션','옥션2',100000,'옥션3',to_date('18/12/11','RR/MM/DD'));
Insert into EDUC239.TB_PRODUCT (PRO_NUM,PRO_NAME,PRO_LOW,PRO_SITE,PRO_MAIN_IMAGE,PRO_PRICE,PRO_PRICE3,PRO_EXPLAN,PRO_BUY_HITS,PRO_HITS,PRO_TAG,FIRST_CAT_NUM,SECOND_CAT_NUM,THIRD_CAT_NUM,LAST_CAT_NUM,PRODUCT_DETAIL_NUM,PRO_BUY,PRO_URL,PRO_URL2,PRO_PRICE2,PRO_URL3,PRO_DATE) values (132,'AMD FX',100000,'(주)옥션','https://www.amd.com/system/files/fx-badge-1260x709.png',100000,100000,'8코어 8스레드 데스크탑 CPU',129,129,'TAG',1,1,1,1,1,null,'옥션','옥션2',100000,'옥션3',to_date('18/12/11','RR/MM/DD'));
Insert into EDUC239.TB_PRODUCT (PRO_NUM,PRO_NAME,PRO_LOW,PRO_SITE,PRO_MAIN_IMAGE,PRO_PRICE,PRO_PRICE3,PRO_EXPLAN,PRO_BUY_HITS,PRO_HITS,PRO_TAG,FIRST_CAT_NUM,SECOND_CAT_NUM,THIRD_CAT_NUM,LAST_CAT_NUM,PRODUCT_DETAIL_NUM,PRO_BUY,PRO_URL,PRO_URL2,PRO_PRICE2,PRO_URL3,PRO_DATE) values (133,'AMD FX',100000,'(주)옥션','https://www.amd.com/system/files/fx-badge-1260x709.png',100000,100000,'8코어 8스레드 데스크탑 CPU',130,130,'TAG',1,1,1,1,1,null,'옥션','옥션2',100000,'옥션3',to_date('18/12/11','RR/MM/DD'));
Insert into EDUC239.TB_PRODUCT (PRO_NUM,PRO_NAME,PRO_LOW,PRO_SITE,PRO_MAIN_IMAGE,PRO_PRICE,PRO_PRICE3,PRO_EXPLAN,PRO_BUY_HITS,PRO_HITS,PRO_TAG,FIRST_CAT_NUM,SECOND_CAT_NUM,THIRD_CAT_NUM,LAST_CAT_NUM,PRODUCT_DETAIL_NUM,PRO_BUY,PRO_URL,PRO_URL2,PRO_PRICE2,PRO_URL3,PRO_DATE) values (134,'AMD FX',100000,'(주)옥션','https://www.amd.com/system/files/fx-badge-1260x709.png',100000,100000,'8코어 8스레드 데스크탑 CPU',131,131,'TAG',1,1,1,1,1,null,'옥션','옥션2',100000,'옥션3',to_date('18/12/11','RR/MM/DD'));
Insert into EDUC239.TB_PRODUCT (PRO_NUM,PRO_NAME,PRO_LOW,PRO_SITE,PRO_MAIN_IMAGE,PRO_PRICE,PRO_PRICE3,PRO_EXPLAN,PRO_BUY_HITS,PRO_HITS,PRO_TAG,FIRST_CAT_NUM,SECOND_CAT_NUM,THIRD_CAT_NUM,LAST_CAT_NUM,PRODUCT_DETAIL_NUM,PRO_BUY,PRO_URL,PRO_URL2,PRO_PRICE2,PRO_URL3,PRO_DATE) values (135,'AMD FX',100000,'(주)옥션','https://www.amd.com/system/files/fx-badge-1260x709.png',100000,100000,'8코어 8스레드 데스크탑 CPU',132,132,'TAG',1,1,1,1,1,null,'옥션','옥션2',100000,'옥션3',to_date('18/12/11','RR/MM/DD'));
Insert into EDUC239.TB_PRODUCT (PRO_NUM,PRO_NAME,PRO_LOW,PRO_SITE,PRO_MAIN_IMAGE,PRO_PRICE,PRO_PRICE3,PRO_EXPLAN,PRO_BUY_HITS,PRO_HITS,PRO_TAG,FIRST_CAT_NUM,SECOND_CAT_NUM,THIRD_CAT_NUM,LAST_CAT_NUM,PRODUCT_DETAIL_NUM,PRO_BUY,PRO_URL,PRO_URL2,PRO_PRICE2,PRO_URL3,PRO_DATE) values (136,'AMD FX',100000,'(주)옥션','https://www.amd.com/system/files/fx-badge-1260x709.png',100000,100000,'8코어 8스레드 데스크탑 CPU',133,133,'TAG',1,1,1,1,1,null,'옥션','옥션2',100000,'옥션3',to_date('18/12/11','RR/MM/DD'));
Insert into EDUC239.TB_PRODUCT (PRO_NUM,PRO_NAME,PRO_LOW,PRO_SITE,PRO_MAIN_IMAGE,PRO_PRICE,PRO_PRICE3,PRO_EXPLAN,PRO_BUY_HITS,PRO_HITS,PRO_TAG,FIRST_CAT_NUM,SECOND_CAT_NUM,THIRD_CAT_NUM,LAST_CAT_NUM,PRODUCT_DETAIL_NUM,PRO_BUY,PRO_URL,PRO_URL2,PRO_PRICE2,PRO_URL3,PRO_DATE) values (137,'AMD FX',100000,'(주)옥션','https://www.amd.com/system/files/fx-badge-1260x709.png',100000,100000,'8코어 8스레드 데스크탑 CPU',134,134,'TAG',1,1,1,1,1,null,'옥션','옥션2',100000,'옥션3',to_date('18/12/11','RR/MM/DD'));
Insert into EDUC239.TB_PRODUCT (PRO_NUM,PRO_NAME,PRO_LOW,PRO_SITE,PRO_MAIN_IMAGE,PRO_PRICE,PRO_PRICE3,PRO_EXPLAN,PRO_BUY_HITS,PRO_HITS,PRO_TAG,FIRST_CAT_NUM,SECOND_CAT_NUM,THIRD_CAT_NUM,LAST_CAT_NUM,PRODUCT_DETAIL_NUM,PRO_BUY,PRO_URL,PRO_URL2,PRO_PRICE2,PRO_URL3,PRO_DATE) values (138,'AMD FX',100000,'(주)옥션','https://www.amd.com/system/files/fx-badge-1260x709.png',100000,100000,'8코어 8스레드 데스크탑 CPU',135,135,'TAG',1,1,1,1,1,null,'옥션','옥션2',100000,'옥션3',to_date('18/12/11','RR/MM/DD'));
Insert into EDUC239.TB_PRODUCT (PRO_NUM,PRO_NAME,PRO_LOW,PRO_SITE,PRO_MAIN_IMAGE,PRO_PRICE,PRO_PRICE3,PRO_EXPLAN,PRO_BUY_HITS,PRO_HITS,PRO_TAG,FIRST_CAT_NUM,SECOND_CAT_NUM,THIRD_CAT_NUM,LAST_CAT_NUM,PRODUCT_DETAIL_NUM,PRO_BUY,PRO_URL,PRO_URL2,PRO_PRICE2,PRO_URL3,PRO_DATE) values (139,'AMD FX',100000,'(주)옥션','https://www.amd.com/system/files/fx-badge-1260x709.png',100000,100000,'8코어 8스레드 데스크탑 CPU',136,136,'TAG',1,1,1,1,1,null,'옥션','옥션2',100000,'옥션3',to_date('18/12/11','RR/MM/DD'));
Insert into EDUC239.TB_PRODUCT (PRO_NUM,PRO_NAME,PRO_LOW,PRO_SITE,PRO_MAIN_IMAGE,PRO_PRICE,PRO_PRICE3,PRO_EXPLAN,PRO_BUY_HITS,PRO_HITS,PRO_TAG,FIRST_CAT_NUM,SECOND_CAT_NUM,THIRD_CAT_NUM,LAST_CAT_NUM,PRODUCT_DETAIL_NUM,PRO_BUY,PRO_URL,PRO_URL2,PRO_PRICE2,PRO_URL3,PRO_DATE) values (140,'AMD FX',100000,'(주)옥션','https://www.amd.com/system/files/fx-badge-1260x709.png',100000,100000,'8코어 8스레드 데스크탑 CPU',137,137,'TAG',1,1,1,1,1,null,'옥션','옥션2',100000,'옥션3',to_date('18/12/11','RR/MM/DD'));
Insert into EDUC239.TB_PRODUCT (PRO_NUM,PRO_NAME,PRO_LOW,PRO_SITE,PRO_MAIN_IMAGE,PRO_PRICE,PRO_PRICE3,PRO_EXPLAN,PRO_BUY_HITS,PRO_HITS,PRO_TAG,FIRST_CAT_NUM,SECOND_CAT_NUM,THIRD_CAT_NUM,LAST_CAT_NUM,PRODUCT_DETAIL_NUM,PRO_BUY,PRO_URL,PRO_URL2,PRO_PRICE2,PRO_URL3,PRO_DATE) values (141,'AMD FX',100000,'(주)옥션','https://www.amd.com/system/files/fx-badge-1260x709.png',100000,100000,'8코어 8스레드 데스크탑 CPU',138,138,'TAG',1,1,1,1,1,null,'옥션','옥션2',100000,'옥션3',to_date('18/12/11','RR/MM/DD'));
REM INSERTING into EDUC239.TB_PRODUCTDETAIL
SET DEFINE OFF;
Insert into EDUC239.TB_PRODUCTDETAIL (PRODUCT_DETAIL_NUM,MODEL_NAME,MODEL_BRAND) values (1,'i5_8500','INTEL');
REM INSERTING into EDUC239.TB_PRODUCT_IMG
SET DEFINE OFF;
Insert into EDUC239.TB_PRODUCT_IMG (PRODUCT_IMG_NUM,PRO_NUM,PRODUCT_IMG_ROUTE) values (2,19,'https://www.brainbox.co.kr/data/editor/1801/thumb-b7edb1319dc3cb960201389880964d1e_1516681833_7399_730x411.jpg');
Insert into EDUC239.TB_PRODUCT_IMG (PRODUCT_IMG_NUM,PRO_NUM,PRODUCT_IMG_ROUTE) values (3,19,'http://review.chosun.com/site/data/img_dir/2017/03/03/2017030301545_0.jpg');
Insert into EDUC239.TB_PRODUCT_IMG (PRODUCT_IMG_NUM,PRO_NUM,PRODUCT_IMG_ROUTE) values (4,19,'https://encrypted-tbn0.gstatic.com/images?q=tbn:ANd9GcTIkWeXfe5PK1TWX4dkQqGqzrDgzAvMtMh-jQyCoG-Uj1YJpudS');
REM INSERTING into EDUC239.TB_PRODUCT_STAT
SET DEFINE OFF;
REM INSERTING into EDUC239.TB_REVIEW
SET DEFINE OFF;
Insert into EDUC239.TB_REVIEW (REVIEW_NUM,REVIEW_TITLE,USER_ID,PRO_NUM,REVIEW_DATE,REVIEW_GRADE,REVIEW_CONT,REVIEW_IMAGE,REVIEW_HITS) values (4,'ㅁㅁㅁㅁㅁㅁㅁㅁ','admin',19,to_date('18/12/15','RR/MM/DD'),3.5,null,null,0);
Insert into EDUC239.TB_REVIEW (REVIEW_NUM,REVIEW_TITLE,USER_ID,PRO_NUM,REVIEW_DATE,REVIEW_GRADE,REVIEW_CONT,REVIEW_IMAGE,REVIEW_HITS) values (10,'123132423434114','admin',19,to_date('18/12/15','RR/MM/DD'),3.5,'aasdfdsfda',null,5);
Insert into EDUC239.TB_REVIEW (REVIEW_NUM,REVIEW_TITLE,USER_ID,PRO_NUM,REVIEW_DATE,REVIEW_GRADE,REVIEW_CONT,REVIEW_IMAGE,REVIEW_HITS) values (11,'ㄴㅁㄹㄴㅁㅇㅇㄴㄹㅇ12312312','admin',19,to_date('18/12/15','RR/MM/DD'),4.5,'<p>123123sads</p>',null,1);
Insert into EDUC239.TB_REVIEW (REVIEW_NUM,REVIEW_TITLE,USER_ID,PRO_NUM,REVIEW_DATE,REVIEW_GRADE,REVIEW_CONT,REVIEW_IMAGE,REVIEW_HITS) values (5,'asdfdas','admin',19,to_date('18/12/15','RR/MM/DD'),4.5,null,null,1);
Insert into EDUC239.TB_REVIEW (REVIEW_NUM,REVIEW_TITLE,USER_ID,PRO_NUM,REVIEW_DATE,REVIEW_GRADE,REVIEW_CONT,REVIEW_IMAGE,REVIEW_HITS) values (6,'aaaa','admin',19,to_date('18/12/15','RR/MM/DD'),0.5,null,null,0);
Insert into EDUC239.TB_REVIEW (REVIEW_NUM,REVIEW_TITLE,USER_ID,PRO_NUM,REVIEW_DATE,REVIEW_GRADE,REVIEW_CONT,REVIEW_IMAGE,REVIEW_HITS) values (7,'nnnnnnnn','admin',19,to_date('18/12/15','RR/MM/DD'),4.5,null,null,2);
Insert into EDUC239.TB_REVIEW (REVIEW_NUM,REVIEW_TITLE,USER_ID,PRO_NUM,REVIEW_DATE,REVIEW_GRADE,REVIEW_CONT,REVIEW_IMAGE,REVIEW_HITS) values (8,'mmmmmmm','admin',19,to_date('18/12/15','RR/MM/DD'),4.5,null,null,1);
Insert into EDUC239.TB_REVIEW (REVIEW_NUM,REVIEW_TITLE,USER_ID,PRO_NUM,REVIEW_DATE,REVIEW_GRADE,REVIEW_CONT,REVIEW_IMAGE,REVIEW_HITS) values (2,'i5 사용후기 5','admin',19,to_date('18/12/15','RR/MM/DD'),3.5,null,null,16);
Insert into EDUC239.TB_REVIEW (REVIEW_NUM,REVIEW_TITLE,USER_ID,PRO_NUM,REVIEW_DATE,REVIEW_GRADE,REVIEW_CONT,REVIEW_IMAGE,REVIEW_HITS) values (3,'asdffsd','admin',19,to_date('18/12/15','RR/MM/DD'),3.5,null,null,1);
REM INSERTING into EDUC239.TB_REVIEW_IMG
SET DEFINE OFF;
REM INSERTING into EDUC239.TB_SEARCH_STAT
SET DEFINE OFF;
REM INSERTING into EDUC239.TB_SECOND_CATEGORY
SET DEFINE OFF;
Insert into EDUC239.TB_SECOND_CATEGORY (SECOND_CAT_NUM,FIRST_CAT_NUM,SECOND_CAT_NAME) values (1,1,'PC주요부품');
REM INSERTING into EDUC239.TB_THIRD_CATEGORY
SET DEFINE OFF;
Insert into EDUC239.TB_THIRD_CATEGORY (THIRD_CAT_NUM,SECOND_CAT_NUM,THIRD_CAT_NAME) values (1,1,'CPU');
Insert into EDUC239.TB_THIRD_CATEGORY (THIRD_CAT_NUM,SECOND_CAT_NUM,THIRD_CAT_NAME) values (2,1,'	메인보드');
Insert into EDUC239.TB_THIRD_CATEGORY (THIRD_CAT_NUM,SECOND_CAT_NUM,THIRD_CAT_NAME) values (3,1,'	메모리');
REM INSERTING into EDUC239.TB_USER
SET DEFINE OFF;
Insert into EDUC239.TB_USER (USER_ID,USER_PW,USER_EMAIL,USER_GRADE,SESSIONKEY,SESSIONLIMIT,USER_NUM) values ('user01','user01','user01@user01.com',3,null,null,2);
Insert into EDUC239.TB_USER (USER_ID,USER_PW,USER_EMAIL,USER_GRADE,SESSIONKEY,SESSIONLIMIT,USER_NUM) values ('a123','a123','a123@aaa.com',3,'364AD1A3E072FFFFDCF1D83B0F25E9C3',to_timestamp('18/12/12 15:29:39.013000000','RR/MM/DD HH24:MI:SSXFF'),3);
Insert into EDUC239.TB_USER (USER_ID,USER_PW,USER_EMAIL,USER_GRADE,SESSIONKEY,SESSIONLIMIT,USER_NUM) values ('admin2','admin','test000@ddd.com',3,null,null,4);
Insert into EDUC239.TB_USER (USER_ID,USER_PW,USER_EMAIL,USER_GRADE,SESSIONKEY,SESSIONLIMIT,USER_NUM) values ('qqqq111111','11','ascasc@sdsdd.com',3,null,null,5);
Insert into EDUC239.TB_USER (USER_ID,USER_PW,USER_EMAIL,USER_GRADE,SESSIONKEY,SESSIONLIMIT,USER_NUM) values ('이정욱','123','pjhjhj2321@1516.com',3,null,null,6);
Insert into EDUC239.TB_USER (USER_ID,USER_PW,USER_EMAIL,USER_GRADE,SESSIONKEY,SESSIONLIMIT,USER_NUM) values ('a1234','a1234','a1234@as123.com',3,null,null,9);
Insert into EDUC239.TB_USER (USER_ID,USER_PW,USER_EMAIL,USER_GRADE,SESSIONKEY,SESSIONLIMIT,USER_NUM) values ('aaa','1234','123@123.123',3,null,null,10);
Insert into EDUC239.TB_USER (USER_ID,USER_PW,USER_EMAIL,USER_GRADE,SESSIONKEY,SESSIONLIMIT,USER_NUM) values ('user02','user02','user012@user01.com',3,null,null,11);
Insert into EDUC239.TB_USER (USER_ID,USER_PW,USER_EMAIL,USER_GRADE,SESSIONKEY,SESSIONLIMIT,USER_NUM) values ('a1a2','1234','a1a2@gmail.com',null,'none',null,12);
Insert into EDUC239.TB_USER (USER_ID,USER_PW,USER_EMAIL,USER_GRADE,SESSIONKEY,SESSIONLIMIT,USER_NUM) values ('admin','admin','admin@admin.com',1,'6B9B7A49C0EE49E20368856699EB2D0D',to_timestamp('19/01/07 14:05:28.808000000','RR/MM/DD HH24:MI:SSXFF'),1);
REM INSERTING into EDUC239.TC_ADMIN
SET DEFINE OFF;
Insert into EDUC239.TC_ADMIN (A_ID,A_PWD,A_NAME,A_EMAIL,A_TEL,SESSIONKEY,SESSIONLIMIT) values ('yt','0000','김예성','yt@gmail.com','01087879657',null,null);
Insert into EDUC239.TC_ADMIN (A_ID,A_PWD,A_NAME,A_EMAIL,A_TEL,SESSIONKEY,SESSIONLIMIT) values ('KJH','0000','ㄱㅈㅎ','EHFPAL','01042495555','none',null);
Insert into EDUC239.TC_ADMIN (A_ID,A_PWD,A_NAME,A_EMAIL,A_TEL,SESSIONKEY,SESSIONLIMIT) values ('ad','daf','박아랑','ad@naver.com','01094947865',null,null);
Insert into EDUC239.TC_ADMIN (A_ID,A_PWD,A_NAME,A_EMAIL,A_TEL,SESSIONKEY,SESSIONLIMIT) values ('sh','0000','배세희','sh@gmail.com','01044144414',null,null);
Insert into EDUC239.TC_ADMIN (A_ID,A_PWD,A_NAME,A_EMAIL,A_TEL,SESSIONKEY,SESSIONLIMIT) values ('jh','0000','김지혜','jh@gmail.com','01049632123',null,null);
REM INSERTING into EDUC239.TC_CARD_CATEGORY
SET DEFINE OFF;
REM INSERTING into EDUC239.TC_CART
SET DEFINE OFF;
REM INSERTING into EDUC239.TC_EVENT
SET DEFINE OFF;
Insert into EDUC239.TC_EVENT (E_NUM,E_STARTDATE,E_ENDDATE,E_DETAIL,E_LINK,E_NAME) values (7,to_date('18/12/29','RR/MM/DD'),to_date('19/01/10','RR/MM/DD'),'연말을 맞이하여 폭탄 세일이 진행됩니다!! 
모두 지갑을 준비하시고 29일을 기다려주세요','www.mungnyang.com','* 연말 맞이 세일 *');
Insert into EDUC239.TC_EVENT (E_NUM,E_STARTDATE,E_ENDDATE,E_DETAIL,E_LINK,E_NAME) values (2,to_date('18/12/05','RR/MM/DD'),to_date('18/12/29','RR/MM/DD'),'강아지와 고양이 모두가 좋아하는 간식이 출시되었습니다!','www.mungnyang.com','강아지와 고양이 모두가 즐기는 간식');
Insert into EDUC239.TC_EVENT (E_NUM,E_STARTDATE,E_ENDDATE,E_DETAIL,E_LINK,E_NAME) values (3,to_date('18/12/20','RR/MM/DD'),to_date('18/12/29','RR/MM/DD'),'고양이가 귀엽죠? 그러면 사주세요 !!','www.mungnyang.com','고양이 훈련용품 1+1 행사중');
Insert into EDUC239.TC_EVENT (E_NUM,E_STARTDATE,E_ENDDATE,E_DETAIL,E_LINK,E_NAME) values (8,to_date('18/12/29','RR/MM/DD'),to_date('19/01/10','RR/MM/DD'),'연말을 맞이하여 폭탄 세일이 진행됩니다!! 
모두 지갑을 준비하시고 29일을 기다려주세요','www.mungnyang.com','* 연말 맞이 폭탄 세일 *');
Insert into EDUC239.TC_EVENT (E_NUM,E_STARTDATE,E_ENDDATE,E_DETAIL,E_LINK,E_NAME) values (9,to_date('18/12/05','RR/MM/DD'),to_date('18/12/29','RR/MM/DD'),'강아지와 고양이 모두가 좋아하는 간식이 출시되었습니다!','www.mungnyang.com','강아지와 고양이 모두가 즐기는 간식');
Insert into EDUC239.TC_EVENT (E_NUM,E_STARTDATE,E_ENDDATE,E_DETAIL,E_LINK,E_NAME) values (10,to_date('18/12/20','RR/MM/DD'),to_date('18/12/29','RR/MM/DD'),'고양이가 귀엽죠? 그러면 사주세요 !!','www.mungnyang.com','고양이 훈련용품 1+1 행사중');
Insert into EDUC239.TC_EVENT (E_NUM,E_STARTDATE,E_ENDDATE,E_DETAIL,E_LINK,E_NAME) values (11,to_date('18/12/12','RR/MM/DD'),to_date('18/12/29','RR/MM/DD'),'강아지 목욕용품 할인해요','www.mungnyang.com','강아지 목욕용품 50% 할인');
Insert into EDUC239.TC_EVENT (E_NUM,E_STARTDATE,E_ENDDATE,E_DETAIL,E_LINK,E_NAME) values (12,to_date('19/01/02','RR/MM/DD'),to_date('19/01/26','RR/MM/DD'),'강아지 신발 할인합니다~','www.mungnyang.com','눈이 올땐 신발을 선물하세요!');
Insert into EDUC239.TC_EVENT (E_NUM,E_STARTDATE,E_ENDDATE,E_DETAIL,E_LINK,E_NAME) values (13,to_date('18/12/12','RR/MM/DD'),to_date('18/12/20','RR/MM/DD'),'강아지 이름 적힌 목줄 어때요','www.mungnyang.com','목줄에 이름 세겨드려요');
Insert into EDUC239.TC_EVENT (E_NUM,E_STARTDATE,E_ENDDATE,E_DETAIL,E_LINK,E_NAME) values (14,to_date('18/12/20','RR/MM/DD'),to_date('18/12/30','RR/MM/DD'),'크리스마스 관련 머리띠와 헤어핀을 판매합니다. 사이즈는 XL까지 매우 다양해요!','www.mungnyang.com','크리스마스 머리띠 할인판매 합니다');
Insert into EDUC239.TC_EVENT (E_NUM,E_STARTDATE,E_ENDDATE,E_DETAIL,E_LINK,E_NAME) values (1,to_date('18/12/12','RR/MM/DD'),to_date('18/12/29','RR/MM/DD'),'강아지 목욕용품 할인해요','www.mungnyang.com','강아지 목욕용품 50% 할인');
Insert into EDUC239.TC_EVENT (E_NUM,E_STARTDATE,E_ENDDATE,E_DETAIL,E_LINK,E_NAME) values (5,to_date('19/01/02','RR/MM/DD'),to_date('19/01/26','RR/MM/DD'),'강아지 신발 할인합니다~','www.mungnyang.com','눈이 올땐 신발을 선물하세요!');
Insert into EDUC239.TC_EVENT (E_NUM,E_STARTDATE,E_ENDDATE,E_DETAIL,E_LINK,E_NAME) values (4,to_date('18/12/12','RR/MM/DD'),to_date('18/12/20','RR/MM/DD'),'강아지 이름 적힌 목줄 어때요','www.mungnyang.com','목줄에 이름 세겨드려요');
Insert into EDUC239.TC_EVENT (E_NUM,E_STARTDATE,E_ENDDATE,E_DETAIL,E_LINK,E_NAME) values (6,to_date('18/12/20','RR/MM/DD'),to_date('18/12/30','RR/MM/DD'),'크리스마스 관련 머리띠와 헤어핀을 판매합니다. 사이즈는 XL까지 매우 다양해요!','www.mungnyang.com','크리스마스 머리띠 할인판매 합니다');
REM INSERTING into EDUC239.TC_E_D_FILE
SET DEFINE OFF;
Insert into EDUC239.TC_E_D_FILE (E_NUM,E_D_IMAGE_SRC) values (1,'\resources\eventImages\event01.png');
Insert into EDUC239.TC_E_D_FILE (E_NUM,E_D_IMAGE_SRC) values (2,'\resources\eventImages\event02.png');
Insert into EDUC239.TC_E_D_FILE (E_NUM,E_D_IMAGE_SRC) values (3,'\resources\eventImages\event03.png');
Insert into EDUC239.TC_E_D_FILE (E_NUM,E_D_IMAGE_SRC) values (4,'\resources\eventImages\event04.png');
Insert into EDUC239.TC_E_D_FILE (E_NUM,E_D_IMAGE_SRC) values (5,'\resources\eventImages\event05.png');
Insert into EDUC239.TC_E_D_FILE (E_NUM,E_D_IMAGE_SRC) values (6,'\resources\eventImages\event06.png');
Insert into EDUC239.TC_E_D_FILE (E_NUM,E_D_IMAGE_SRC) values (7,'\resources\eventImages\event07.png');
REM INSERTING into EDUC239.TC_E_FILE
SET DEFINE OFF;
Insert into EDUC239.TC_E_FILE (E_IMAGE_SRC,E_NUM,E_IMAGE_INDEX,E_D_IMAGE_SRC) values ('\resources\front\images\sd.jpg',4,1,'\resources\eventImages\event04.png');
Insert into EDUC239.TC_E_FILE (E_IMAGE_SRC,E_NUM,E_IMAGE_INDEX,E_D_IMAGE_SRC) values ('\resources\front\images\main_puppy03.jpg',1,1,'\resources\eventImages\event01.png');
Insert into EDUC239.TC_E_FILE (E_IMAGE_SRC,E_NUM,E_IMAGE_INDEX,E_D_IMAGE_SRC) values ('\resources\front\images\rcat2.jpg',2,1,'\resources\eventImages\event02.png');
Insert into EDUC239.TC_E_FILE (E_IMAGE_SRC,E_NUM,E_IMAGE_INDEX,E_D_IMAGE_SRC) values ('\resources\front\images\rcat1.jpg',3,1,'\resources\eventImages\event03.png');
Insert into EDUC239.TC_E_FILE (E_IMAGE_SRC,E_NUM,E_IMAGE_INDEX,E_D_IMAGE_SRC) values ('\resources\front\images\e01.jpg',6,1,'\resources\eventImages\event06.png');
Insert into EDUC239.TC_E_FILE (E_IMAGE_SRC,E_NUM,E_IMAGE_INDEX,E_D_IMAGE_SRC) values ('\resources\front\images\rcat4.jpg',5,1,'\resources\eventImages\event05.png');
Insert into EDUC239.TC_E_FILE (E_IMAGE_SRC,E_NUM,E_IMAGE_INDEX,E_D_IMAGE_SRC) values ('\resources\front\images\main_puppy01.jpg',7,1,'\resources\eventImages\event07.png');
REM INSERTING into EDUC239.TC_F_PRODUCT
SET DEFINE OFF;
REM INSERTING into EDUC239.TC_LEVEL
SET DEFINE OFF;
Insert into EDUC239.TC_LEVEL (LEVEL_CODE,L_NAME,L_POINT) values (3,'새싹',8);
Insert into EDUC239.TC_LEVEL (LEVEL_CODE,L_NAME,L_POINT) values (6,'흙',8);
Insert into EDUC239.TC_LEVEL (LEVEL_CODE,L_NAME,L_POINT) values (7,'자갈',0);
Insert into EDUC239.TC_LEVEL (LEVEL_CODE,L_NAME,L_POINT) values (8,'돌',0);
Insert into EDUC239.TC_LEVEL (LEVEL_CODE,L_NAME,L_POINT) values (1,'나무',12);
Insert into EDUC239.TC_LEVEL (LEVEL_CODE,L_NAME,L_POINT) values (2,'모종',10);
Insert into EDUC239.TC_LEVEL (LEVEL_CODE,L_NAME,L_POINT) values (5,'물',4);
Insert into EDUC239.TC_LEVEL (LEVEL_CODE,L_NAME,L_POINT) values (4,'씨앗',6);
REM INSERTING into EDUC239.TC_MEMBER
SET DEFINE OFF;
Insert into EDUC239.TC_MEMBER (M_ID,M_PWD,M_NAME,M_ADDRESS,M_TEL,M_EMAIL,LEVEL_CODE,POINT) values ('chun','3333','이춘희','윤정이 할머니집','222222','bomhee@gmail.com',1,0);
Insert into EDUC239.TC_MEMBER (M_ID,M_PWD,M_NAME,M_ADDRESS,M_TEL,M_EMAIL,LEVEL_CODE,POINT) values ('sese','987123','김무신','부산 자갈치 시장 2-1','3559415','sese@gmail.com',3,3);
Insert into EDUC239.TC_MEMBER (M_ID,M_PWD,M_NAME,M_ADDRESS,M_TEL,M_EMAIL,LEVEL_CODE,POINT) values ('tpgml9497','1234','배세희','대구 북구 침산남로116','3539497','saehee@9497',3,3);
Insert into EDUC239.TC_MEMBER (M_ID,M_PWD,M_NAME,M_ADDRESS,M_TEL,M_EMAIL,LEVEL_CODE,POINT) values ('jihye','0000','김지혜','영주 지혜네 집 3-1','3549874','jj@naver.com',null,null);
Insert into EDUC239.TC_MEMBER (M_ID,M_PWD,M_NAME,M_ADDRESS,M_TEL,M_EMAIL,LEVEL_CODE,POINT) values ('jj','11','제이제이','로스앤잴레스 현충로 351','4856987','jj@hanmail.net',1,0);
Insert into EDUC239.TC_MEMBER (M_ID,M_PWD,M_NAME,M_ADDRESS,M_TEL,M_EMAIL,LEVEL_CODE,POINT) values ('lee11','1234','이윤정','대구','5553333','ㄴㅇㄹ',1,0);
Insert into EDUC239.TC_MEMBER (M_ID,M_PWD,M_NAME,M_ADDRESS,M_TEL,M_EMAIL,LEVEL_CODE,POINT) values ('dorothy','0000','도로시','전라도 광주 대명동 435-3','4789654','doro@gmail.com',1,0);
Insert into EDUC239.TC_MEMBER (M_ID,M_PWD,M_NAME,M_ADDRESS,M_TEL,M_EMAIL,LEVEL_CODE,POINT) values ('yncyj','123456','전유진','대구광역시 수성구','3421234','yncyj@naver.com',1,4);
Insert into EDUC239.TC_MEMBER (M_ID,M_PWD,M_NAME,M_ADDRESS,M_TEL,M_EMAIL,LEVEL_CODE,POINT) values ('yynncc','456123','김유진','대구광역시 중구','1121234','yynncc@naver.com',1,2);
Insert into EDUC239.TC_MEMBER (M_ID,M_PWD,M_NAME,M_ADDRESS,M_TEL,M_EMAIL,LEVEL_CODE,POINT) values ('jisoo','675432','김지수','서울광역시 테헤란로','75275801','jisoo@naver.com',1,1);
Insert into EDUC239.TC_MEMBER (M_ID,M_PWD,M_NAME,M_ADDRESS,M_TEL,M_EMAIL,LEVEL_CODE,POINT) values ('jenny','875421','김제니','서울광역시 중구','8275422','jenny@naver.com',1,1);
Insert into EDUC239.TC_MEMBER (M_ID,M_PWD,M_NAME,M_ADDRESS,M_TEL,M_EMAIL,LEVEL_CODE,POINT) values ('cheyoung','886642','김채영','서울광역시 용산구','8223211','cheyoung@naver.com',2,3);
Insert into EDUC239.TC_MEMBER (M_ID,M_PWD,M_NAME,M_ADDRESS,M_TEL,M_EMAIL,LEVEL_CODE,POINT) values ('hemin','585821','안혜민','서울특별시 동대문구','5542111','hmin@naver.com',2,1);
Insert into EDUC239.TC_MEMBER (M_ID,M_PWD,M_NAME,M_ADDRESS,M_TEL,M_EMAIL,LEVEL_CODE,POINT) values ('ssmin','584221','김선민','도쿄 치요다구','5334721','ssmin@naver.com',1,1);
Insert into EDUC239.TC_MEMBER (M_ID,M_PWD,M_NAME,M_ADDRESS,M_TEL,M_EMAIL,LEVEL_CODE,POINT) values ('ayoung','852123','박아영','도쿄 신주쿠구','5424431','ayoung@naver.com',1,2);
Insert into EDUC239.TC_MEMBER (M_ID,M_PWD,M_NAME,M_ADDRESS,M_TEL,M_EMAIL,LEVEL_CODE,POINT) values ('temin','878653','김태민','대전광역시','5443771','temin@naver.com',2,2);
Insert into EDUC239.TC_MEMBER (M_ID,M_PWD,M_NAME,M_ADDRESS,M_TEL,M_EMAIL,LEVEL_CODE,POINT) values ('james','885538','제임스','로스엔젤레스','1212121','james@naver.com',1,2);
Insert into EDUC239.TC_MEMBER (M_ID,M_PWD,M_NAME,M_ADDRESS,M_TEL,M_EMAIL,LEVEL_CODE,POINT) values ('wiiliam','888888','윌리엄','뉴저지주','2424242','wiiliam@naver.com',1,3);
Insert into EDUC239.TC_MEMBER (M_ID,M_PWD,M_NAME,M_ADDRESS,M_TEL,M_EMAIL,LEVEL_CODE,POINT) values ('sera','128754','박세라','서울특별시 송파구','3477731','sera@naver.com',2,1);
Insert into EDUC239.TC_MEMBER (M_ID,M_PWD,M_NAME,M_ADDRESS,M_TEL,M_EMAIL,LEVEL_CODE,POINT) values ('teri','128224','김태리','서울특별시 송파구 송파동','378787','teri@naver.com',2,1);
Insert into EDUC239.TC_MEMBER (M_ID,M_PWD,M_NAME,M_ADDRESS,M_TEL,M_EMAIL,LEVEL_CODE,POINT) values ('sori','123784','김소리','영천시','3278228','sori@naver.com',2,1);
Insert into EDUC239.TC_MEMBER (M_ID,M_PWD,M_NAME,M_ADDRESS,M_TEL,M_EMAIL,LEVEL_CODE,POINT) values ('dagi','277741','박대기','영천시 창신동','3278248','dagi@naver.com',2,1);
Insert into EDUC239.TC_MEMBER (M_ID,M_PWD,M_NAME,M_ADDRESS,M_TEL,M_EMAIL,LEVEL_CODE,POINT) values ('access','1234','박접근','유럽 네덜란드 칠성동 4-2','5463214','access@naver.com',1,0);
Insert into EDUC239.TC_MEMBER (M_ID,M_PWD,M_NAME,M_ADDRESS,M_TEL,M_EMAIL,LEVEL_CODE,POINT) values ('arang','aaaa','김아랑','대구 수성구 김수진 집','9871234','arang@gmail.com',1,0);
Insert into EDUC239.TC_MEMBER (M_ID,M_PWD,M_NAME,M_ADDRESS,M_TEL,M_EMAIL,LEVEL_CODE,POINT) values ('saehee','1234','배세히','대구 북구 오봉산','1236984','sh@daum.net',1,0);
REM INSERTING into EDUC239.TC_NOTICE
SET DEFINE OFF;
Insert into EDUC239.TC_NOTICE (N_CODE,N_TITLE,N_UP_DATE,N_CONTENTS,N_VIEW_COUNT) values (13,'겨울 맞이 방한 용품 기획전',to_date('18/12/15','RR/MM/DD'),'모자, 장갑, 조끼, 덧신 다있습니다.',null);
Insert into EDUC239.TC_NOTICE (N_CODE,N_TITLE,N_UP_DATE,N_CONTENTS,N_VIEW_COUNT) values (11,'신년 인사 드립니다',to_date('18/12/15','RR/MM/DD'),'안녕하십니까~ 멍냥 홈페이지 입니다',null);
Insert into EDUC239.TC_NOTICE (N_CODE,N_TITLE,N_UP_DATE,N_CONTENTS,N_VIEW_COUNT) values (12,'* 공지사항  - 다음주 부터 시작되는 이벤트 설명*',to_date('18/12/15','RR/MM/DD'),'다음주 부터 크리스마스 관련 용품의 세일을 시작합니다!',null);
Insert into EDUC239.TC_NOTICE (N_CODE,N_TITLE,N_UP_DATE,N_CONTENTS,N_VIEW_COUNT) values (14,'[긴급] 12월 20일 고객센터 업무 중지 안내',to_date('18/12/15','RR/MM/DD'),'20일은 고객센터가 중지됩니다.',null);
Insert into EDUC239.TC_NOTICE (N_CODE,N_TITLE,N_UP_DATE,N_CONTENTS,N_VIEW_COUNT) values (15,'[리뷰 작성 이벤트 ] 댓글 이벤트 시작 안내',to_date('18/12/15','RR/MM/DD'),'이번주 부터 리뷰 작성 이벤트가 시작됩니다. 모두 힘써주세요 ^^',null);
Insert into EDUC239.TC_NOTICE (N_CODE,N_TITLE,N_UP_DATE,N_CONTENTS,N_VIEW_COUNT) values (16,'멍냥 홈페이지에 대한 설문조사 안내!',to_date('18/12/15','RR/MM/DD'),'홈페이지 개선을 위해 설문조사를 할 예정입니다. 모두 참여해 주세요!',null);
REM INSERTING into EDUC239.TC_NOTICE_IMAGE
SET DEFINE OFF;
REM INSERTING into EDUC239.TC_ORDER
SET DEFINE OFF;
REM INSERTING into EDUC239.TC_O_DETAIL
SET DEFINE OFF;
REM INSERTING into EDUC239.TC_PRODUCT
SET DEFINE OFF;
Insert into EDUC239.TC_PRODUCT (P_NAME,PRICE,SALE_PRICE,STOCK,P_POINT,P_DETAIL,P_SMALL,P_BIG,P_MIDDLE,P_SIZE,P_CODE,P_MAIN) values ('펫모닝 바베큐 갈비 인형',2200,1500,10,5,'펫모닝 바비큐 세트는 보화원단으로 만든 부드러운 감촉과 소프트한 느낌의 봉제 장난감입니다. 바비큐 세트 이미지를 귀엽게 표현하였으며, 디자인을 차별화하기 위해 세밀한 특징들을 자수 처리로 깔끔하게 표현하였습니다. 장난감 안에 있는 피리의 소리가 애견의 흥미를 유발 시키며, 활동성을 극대화시켜 비만 예방에 좋고 치석제거에도 도움이 됩니다. 장난감의 주재료는 사람의 옷이나 장식품 등에 사용하는 자재이기 때문에 안전하며, 애견의 특성상 입에 물고 뜯는 것이 일상의 생활이라 더욱 안전하게 만들었습니다. 손 세탁하고 완전 건조 후 사용하는 것을 권장합니다.',6,1,2,null,'d0011','베스트');
Insert into EDUC239.TC_PRODUCT (P_NAME,PRICE,SALE_PRICE,STOCK,P_POINT,P_DETAIL,P_SMALL,P_BIG,P_MIDDLE,P_SIZE,P_CODE,P_MAIN) values ('네츄럴코어 유기농 에코 1 양고기 작은알갱이 10kg',42000,35700,55,10,'네츄럴코어 유기농 에코1 양고기 작은알갱이는 미국 USDA와 유럽 ECOCERT로부터 유기농 인증을 획득한 믿을 수 있는 유기농 식품입니다. 모든 원료는 유기농 기준에 적합한 엄선된 원료만을 사용하여 애견에게 최고의 맛과 신체에 필요한 필수 영양소를 제공합니다. 호주산 양고기와 유기농 통곡물, 유기농 채소를 주원료로 사용하였습니다. 호주산 양고기는 칼로리와 지방 및 콜레스테롤 함량이 낮아 심혈관건강을 지켜주며, 필수 단백질과 불포화지방산이 풍부하여 피부트러블 개선과 건강한 피모유지에 도움이 됩니다.',3,1,1,null,'d0009','베스트');
Insert into EDUC239.TC_PRODUCT (P_NAME,PRICE,SALE_PRICE,STOCK,P_POINT,P_DETAIL,P_SMALL,P_BIG,P_MIDDLE,P_SIZE,P_CODE,P_MAIN) values ('뉴트리나 건강백서 푸들 2kg',38000,35000,100,10,'뉴트리나 건강백서 푸들은 푸들의 특성을 고려하여 설계한 사료로 알러지 개선에 도움을 주는 오메가 3 지방산을 강화 하였으며, 치석이 잘 생기는 푸들을 위한 SHP첨가, 글루코사민과 상어연골을 첨가하여 선천적 슬개골 탈구 및 관절건강에 도움을 줍니다. 비타민 E와 셀레늄 강화로 눈 건강에 보조적 도움을 주며, 반려동물의 건강을 위해 닭, 대두, 인공색소를 사용하지 않았습니다. 500g씩 낱개 개별포장 되어 지퍼백 스탠딩 파우치로 깔끔한 개폐가 가능하며 급여시 손에 묻히지 않고 보관이 편리합니다.',2,1,1,null,'d0010','신상');
Insert into EDUC239.TC_PRODUCT (P_NAME,PRICE,SALE_PRICE,STOCK,P_POINT,P_DETAIL,P_SMALL,P_BIG,P_MIDDLE,P_SIZE,P_CODE,P_MAIN) values ('브리더 삑삑이 캐릭터 장난감 문어',3000,2500,10,5,'브리더 삑삑이 캐릭터 장난감은 문어, 버섯, 병아리, 당나귀 4가지 종류의 캐릭터가 있는 봉제 인형이며, 인형 내부에 삑삑이가 있어서 애견들이 재미있어 하며 시각과 청각을 함께 자극, 발달시키는데 좋습니다. 또, 장난감 인형을 씹으면서 치석이 제거되고 입냄새 제거 효과가 있으며 스트레스 해소에도 좋습니다. 가연성 제품으로 화기에 조심하시고, 심하게 물어 뜯어 먹지 않도록 제품의 상태를 관찰하시기 바랍니다. 간혹 털빠짐 현상이 있을 수 있는데, 이로 인한 교환이나 반품은 불가능하오니 유의하시고 주문 해 주세요.',6,1,2,null,'d0012','추천');
Insert into EDUC239.TC_PRODUCT (P_NAME,PRICE,SALE_PRICE,STOCK,P_POINT,P_DETAIL,P_SMALL,P_BIG,P_MIDDLE,P_SIZE,P_CODE,P_MAIN) values ('펫내추럴 엘라이신 60정',16000,13500,125,10,'펫내츄럴 엘라이신은 엘라이신을 주원료로 제조되었습니다. 엘라이신은 고양이의 세포생성과 면역력강화에 도움을 줍니다. 허비프 바이러스, 안과질환 호흡기질환에 개선 및 예방 효과가 있습니다. 약을 싫어하는 고양이의 습성을 이해하여 고양이가 좋아하는 생선모양으로 제조되었습니다. 반건조 츄 타입으로 식감이 부드럽습니다. 간식이 아닌 영양제입니다. 급여사항을 준수해 주십시오.',13,2,4,null,'c0004','추천');
Insert into EDUC239.TC_PRODUCT (P_NAME,PRICE,SALE_PRICE,STOCK,P_POINT,P_DETAIL,P_SMALL,P_BIG,P_MIDDLE,P_SIZE,P_CODE,P_MAIN) values ('펫츠루트 카샤카샤 재롱스틱 금붕어',4000,2300,20,5,'펫츠루트 카샤카샤 재롱스틱 금붕어는 일본 애견간식 선두업체인 도기맨의 second brand인 펫츠루트의 제품으로, 일본에서 대히트를 기록했던 마약같은 장난감입니다. 소리가 울리기 좋은 필름의 두께와 모양을 고려해, 고양이가 좋아하는 소리가 나도록 제작했으며 고양이가 좋아하는 천연깃털을 사용하였습니다. 스틱을 흔들 때 손이 아프지 않도록 안전캡이 있는 튜브를 부착하였으며, 오로라필름이 인쇄된 면이 고양이에게 직접 닿지 않도록 만들어, 고양이가 핥아도 안심할 수 있습니다. 장난감을 갖고 놀 때 고양이가 극도의 흥분상태가 되므로 주위에 위험한 물건 등은 치워주시고, 영유아 어린이가 접근하지 못하도록 해주시기 바랍니다.',18,2,5,null,'c0005','베스트');
Insert into EDUC239.TC_PRODUCT (P_NAME,PRICE,SALE_PRICE,STOCK,P_POINT,P_DETAIL,P_SMALL,P_BIG,P_MIDDLE,P_SIZE,P_CODE,P_MAIN) values ('챠오 츄르또 스틱 가다랑어 4개입',4000,2500,120,20,'챠오 츄르또 스틱 가다랑어는 닭고기로 만든 말랑한 식감의 저키 속에 츄르를 넣은 고양이 간식 입니다. 녹차추출물이 함유되어 있어 대소변의 악취를 줄여주고 각종 비타민 및 미네랄을 첨가하여 어린 고양이에서 노령묘까지 급여할 수 있습니다. 보존료를 사용하지 않고 엄선된 재료와 위생적인 공정으로 안심하고 급여할 수 있는 영양만점 간식입니다. 위생과 보관을 위해 개별포장 되어 있으며 한번 개봉한 제품은 전부 급여해주시고, 만일 급여 후 남은 제품은 별도의 밀봉용기에 담은 후 냉장보관 해주시기 바랍니다.',13,2,4,null,'c0017','추천');
Insert into EDUC239.TC_PRODUCT (P_NAME,PRICE,SALE_PRICE,STOCK,P_POINT,P_DETAIL,P_SMALL,P_BIG,P_MIDDLE,P_SIZE,P_CODE,P_MAIN) values ('afd',123,123,1,1,'fdsgdg',1,1,1,'hbfdh','ddddd','afds');
Insert into EDUC239.TC_PRODUCT (P_NAME,PRICE,SALE_PRICE,STOCK,P_POINT,P_DETAIL,P_SMALL,P_BIG,P_MIDDLE,P_SIZE,P_CODE,P_MAIN) values ('erhdejhreh',50000000,5555,55,5,'55555',3,1,2,'ㄹㄹ','test냠냠 ','신상');
Insert into EDUC239.TC_PRODUCT (P_NAME,PRICE,SALE_PRICE,STOCK,P_POINT,P_DETAIL,P_SMALL,P_BIG,P_MIDDLE,P_SIZE,P_CODE,P_MAIN) values ('고양이 파란 리본 원피스 ',60000,30000,150,10,'고양이가 좋아하는 파란색으로 만든 원피스 입니다',24,2,6,null,'c0018','추천');
Insert into EDUC239.TC_PRODUCT (P_NAME,PRICE,SALE_PRICE,STOCK,P_POINT,P_DETAIL,P_SMALL,P_BIG,P_MIDDLE,P_SIZE,P_CODE,P_MAIN) values ('고양이 세라복 (하의) 치마 ',50000,25000,120,5,'세일러문을 연상시키는 치마 디자인! 고양이가 좋아합니다',23,2,6,null,'c0019','베스트');
Insert into EDUC239.TC_PRODUCT (P_NAME,PRICE,SALE_PRICE,STOCK,P_POINT,P_DETAIL,P_SMALL,P_BIG,P_MIDDLE,P_SIZE,P_CODE,P_MAIN) values ('고양이 세라복 (상의) 조끼',30000,20000,100,5,'세일러문을 연상시키는 치마 디자인! 고양이가 좋아합니다',22,2,6,null,'c0020','신상');
Insert into EDUC239.TC_PRODUCT (P_NAME,PRICE,SALE_PRICE,STOCK,P_POINT,P_DETAIL,P_SMALL,P_BIG,P_MIDDLE,P_SIZE,P_CODE,P_MAIN) values ('고양이 겨울용 털 수면양말 ',5000,4500,100,10,'고양이가 매우 좋아하는 수면양말!! 신기도 하지만 들어가기도 한답니다~',21,2,6,null,'c0021','신상');
Insert into EDUC239.TC_PRODUCT (P_NAME,PRICE,SALE_PRICE,STOCK,P_POINT,P_DETAIL,P_SMALL,P_BIG,P_MIDDLE,P_SIZE,P_CODE,P_MAIN) values ('고양이 겨울용 원형 하우스 그레이',34000,31000,70,20,'고양이들의 새로운 마약 하우스! 놔두기만 하면 들어가서 그르렁 거리는 귀여운 고양이들을 한번 관찰해보세요 !! ',20,2,5,null,'c0022','신상');
Insert into EDUC239.TC_PRODUCT (P_NAME,PRICE,SALE_PRICE,STOCK,P_POINT,P_DETAIL,P_SMALL,P_BIG,P_MIDDLE,P_SIZE,P_CODE,P_MAIN) values ('고양이 목욕 방지 스크래치 고양이 가방 3 세대 다기능',2500,2400,80,10,'목욕 시킬때 골치아픈 일은 이제 그만!! 고양이들이 얌전하게 목욕하도록 도와줍니다!',19,2,5,null,'c0023','베스트');
Insert into EDUC239.TC_PRODUCT (P_NAME,PRICE,SALE_PRICE,STOCK,P_POINT,P_DETAIL,P_SMALL,P_BIG,P_MIDDLE,P_SIZE,P_CODE,P_MAIN) values ('펫츠루트 카샤카샤 재롱스틱 참새',3500,3000,90,5,'고양이가 좋아하는 장난감입니다! 집사들의 말을 잘 듣게 해주는 고마운 장난감!',18,2,5,null,'c0024','신상');
Insert into EDUC239.TC_PRODUCT (P_NAME,PRICE,SALE_PRICE,STOCK,P_POINT,P_DETAIL,P_SMALL,P_BIG,P_MIDDLE,P_SIZE,P_CODE,P_MAIN) values ('고양이의 화장실 하프 커버',7000,6000,8,5,'고양이의 배변 훈련을 잘 할 수있도록 도와줍니다. 그리고 냄새도 덜나고 청소하기도 훨씬 편리합니다!',17,2,5,null,'c0025','신상');
Insert into EDUC239.TC_PRODUCT (P_NAME,PRICE,SALE_PRICE,STOCK,P_POINT,P_DETAIL,P_SMALL,P_BIG,P_MIDDLE,P_SIZE,P_CODE,P_MAIN) values ('고양이 유기농 사료 멀티프로테인 2.45kg',45000,30000,10,8,'유기농 재료만 엄선해서 만든 고양이 사료!',16,2,4,null,'c0026','신상');
Insert into EDUC239.TC_PRODUCT (P_NAME,PRICE,SALE_PRICE,STOCK,P_POINT,P_DETAIL,P_SMALL,P_BIG,P_MIDDLE,P_SIZE,P_CODE,P_MAIN) values ('오가닉스 캣 치킨&완두 고양이 유기농 사료',38000,36000,50,10,'닭고기와 완두콩을 섞어서 만든 단백질 위주의 영양가 가득한 식단! 맛도 좋아서 입맛 없는 고양이들에게 엄청 좋은 상품입니다.',15,2,4,null,'c0027','신상');
Insert into EDUC239.TC_PRODUCT (P_NAME,PRICE,SALE_PRICE,STOCK,P_POINT,P_DETAIL,P_SMALL,P_BIG,P_MIDDLE,P_SIZE,P_CODE,P_MAIN) values ('뉴트리나 건강백서 말티즈 2kg',21000,17000,80,10,'뉴트리나 건강백서 말티즈는 말티즈의 특성을 고려하여 설계한 사료로 하얀 털을 더욱 돋보이게 관리해 줄 영양성분과 윤기나는 털을 위해 가수분해 연어를 주 원료로 사용하였습니다. 선천적 슬개골 탈구와 눈물이 많은 말티즈를 위해 관절 건강과 눈 및 착색감소에도 도움을 주는 성분을 첨가하였으며, SHP 첨가로 치아건강에 도움을 주고, 반려동물의 건강을 위해 닭, 대두, 인공색소를 사용하지 않았습니다. 500g씩 낱개 개별포장 되어 지퍼백 스탠딩 파우치로 깔끔한 개폐가 가능하며 급여시 손에 묻히지 않고 보관이 편리합니다.',1,1,1,null,'a-2','베스트');
Insert into EDUC239.TC_PRODUCT (P_NAME,PRICE,SALE_PRICE,STOCK,P_POINT,P_DETAIL,P_SMALL,P_BIG,P_MIDDLE,P_SIZE,P_CODE,P_MAIN) values ('ANF 프리미엄 램28 양고기 15kg',60000,48000,30,10,'ANF 프리미엄 램28 양고기는 생후 3개월 이후에 급여하는 사료로서, 육류 단백질과 엄선된 탄수화물 원, 조절된 오메가 지방산 비율이 합리적인 ANF 프리미엄 라인의 제품으로, 청정국인 호주에서 생산된 양고기로 만들어져 안심하고 급여하실 수 있습니다. 신선한 양고기와 쌀을 주원료로 사용하여 민감성 피부나 모질개선에 탁월한 효능을 발휘하며, 글루코사민을 첨가하여 관절연결 조직의 형성, 재생 및 유지에 도움을 줍니다.',1,1,1,null,'c0001','신상');
Insert into EDUC239.TC_PRODUCT (P_NAME,PRICE,SALE_PRICE,STOCK,P_POINT,P_DETAIL,P_SMALL,P_BIG,P_MIDDLE,P_SIZE,P_CODE,P_MAIN) values ('로얄캐닌 푸들 어덜트 1.5kg',23000,19000,45,10,'로얄캐닌 푸들 어덜트는 곱슬한 피모를 더욱 생기있게 가꿔주는데 도움을 주는 사료로, 생후 10개월 이상의 푸들을 위한 전용사료입니다. 풍부한 오메가3지방산(EPA & DHA) 보라지 오일 함유로 푸들의 풍성한 털 피모를 건강하게 유지할 수 있도록하며, 단백질 성분은 털 피모가 아름답게 자랄 수 있도록 하며, 적당한 근육량유지를 도와주고, 일반 단백질원에 특수발효처리를 하여 소화흡수도가 매우 높은 L.I.P.단백질을 사용하여 변 냄새를 줄여줍니다.',1,1,1,null,'b0001','베스트');
Insert into EDUC239.TC_PRODUCT (P_NAME,PRICE,SALE_PRICE,STOCK,P_POINT,P_DETAIL,P_SMALL,P_BIG,P_MIDDLE,P_SIZE,P_CODE,P_MAIN) values ('네츄럴코어 유기농 에코 2 오리고기 작은알갱이 2kg',22000,20000,55,10,'네츄럴코어 유기농 에코 2 오리고기 작은알갱이는 미국 USDA와 유럽 ECOCERT로부터 유기농 인증을 획득한 믿을 수 있는 유기농 식품입니다. 모든 원료는 유기농 기준에 적합한 엄선된 원료만을 사용하여 애견에게 최고의 맛과 신체에 필요한 필수 영양소를 제공합니다. 국내산 오리고기와 홍삼, 유기농 통곡물, 유기농 채소를 원료로 만들었습니다. 오리고기에는 아스타크산틴 성분이 다량 함유되어 있어 면역력 강화와 항산화 작용을 통한 노화방지, 스트레스 해소, 눈의 피로 감소, 혈행 개선에 도움이 됩니다. 유기농 고구마에 풍부한 양질의 식이섬유는 장건강을 개선시켜 소화기능 향상에 도움이 될 뿐만 아니라, 폴라보노이드 성분이 함유되어 있어 피부노화와 암예방에 탁월한 효과가 있습니다.',1,1,1,null,'d0001','신상');
Insert into EDUC239.TC_PRODUCT (P_NAME,PRICE,SALE_PRICE,STOCK,P_POINT,P_DETAIL,P_SMALL,P_BIG,P_MIDDLE,P_SIZE,P_CODE,P_MAIN) values ('ANF 프리미엄 램28 양고기 7.5kg',40000,28000,52,20,'ANF 프리미엄 램28 양고기는 생후 3개월 이후에 급여하는 사료로서, 육류 단백질과 엄선된 탄수화물 원, 조절된 오메가 지방산 비율이 합리적인 ANF 프리미엄 라인의 제품으로, 청정국인 호주에서 생산된 양고기로 만들어져 안심하고 급여하실 수 있습니다. 신선한 양고기와 쌀을 주원료로 사용하여 민감성 피부나 모질개선에 탁월한 효능을 발휘하며, 글루코사민을 첨가하여 관절연결 조직의 형성, 재생 및 유지에 도움을 줍니다. 또한, 정상의 영양과 밸런스 만으로는 부족하여 식물성 항산화제 원과 허브 식물 그리고 생균제 까지 넣어 특히 예민한 애견을 위해 추천합니다.',1,1,1,null,'e0001','추천');
Insert into EDUC239.TC_PRODUCT (P_NAME,PRICE,SALE_PRICE,STOCK,P_POINT,P_DETAIL,P_SMALL,P_BIG,P_MIDDLE,P_SIZE,P_CODE,P_MAIN) values ('그레인프리 어덜트 작은알갱이 2.72kg',42000,35700,55,10,'now 그레인프리 어덜트는 냉동하지 않은 사람이 섭취가능한 등급의 칠면조, 오리, 연어와 오일, 각종 야채와 과일을 사용하였습니다. now의 사료들은 지역농장에서 생산되는 달걀, 고기, 과일 및 야채 등을 지역 농민으로부터 공급받아 증기로 천천히 찌는 저온저속 기술로 가공처리하여 영양소 파괴를 막고 효육을 극대화 하였습니다. 칠면조와 닭고기는 단백질 공급해 주며, 연어는 필수 지방산이 함유되어 있습니다. 코코넛과 카놀라에서 추출한 오메가 3&6가 함유되어 면역력 증강 및 항산화 작용에 도움이 되고, 알레르기 반응을 일으키는 글루텐, 밀, 옥수수 무첨가인 그레인프리 사료로 피부개선에 도움이 됩니다. 또한, 브로콜리, 블루베리, 호박, 알파파 등 각종 과일과 허브를 사용하여 항산화 작용에 도움이 됩니다.',1,1,1,null,'c0002','베스트');
Insert into EDUC239.TC_PRODUCT (P_NAME,PRICE,SALE_PRICE,STOCK,P_POINT,P_DETAIL,P_SMALL,P_BIG,P_MIDDLE,P_SIZE,P_CODE,P_MAIN) values ('퀸 오브 토일렛 그레이',32000,28000,60,10,'퀸 오브 토일렛은 단단하고 견고한 소재의 PVC로 만들었으며, 고양이들을 배려한 빅사이즈 크기의 화장실입니다. 출입구가 반투명이라 고양이들의 프라이버시를 지켜주며, 반투명 커버가 안으로 경사져 있어 고양이들이 출입할 때 수월합니다. 원터치로 조립이 간단하고 단단하며 견고한 맞물림이 특징입니다. 억지로 반대로 끼우시면 고리가 부러질 수 있습니다. 고양이 화장실 용도 이외에 사용을 금합니다. 던지거나 힘주어 구부리지 말아주시기 바랍니다. 화기에 주의하시기 바랍니다. 조립방법은 다음과 같습니다. 고리부분을 안쪽방향으로 넣습니다. 밑에서부터 몸체의 고리 구멍에 천천히 끼웁니다. 그 다음에 윗부분을 끼워 딱 소리가 나면 완벽히 끼워진것 입니다.',17,2,5,null,'c0006','베스트');
Insert into EDUC239.TC_PRODUCT (P_NAME,PRICE,SALE_PRICE,STOCK,P_POINT,P_DETAIL,P_SMALL,P_BIG,P_MIDDLE,P_SIZE,P_CODE,P_MAIN) values ('도기맨 허니스마일 발톱깎이',7500,5100,100,10,'도기맨 허니스마일 발톱깎이는 잡기 쉬운 컴팩트 디자인으로 모든 애묘의 발톱을 쉽게 깎을 수 있도록 하였으며, 위생을 위한 항균처리 및 부식 방지를 위해 스테인레스 스틸로 제작되었습니다. 손잡이 부분은 특수가공 처리된 합성고무로 제작되어 그립감이 좋고, 잘 미끄러지지 않으며 편리합니다. 한 번에 조금씩 여러 번으로 나누어 잘라주시고 너무 깊숙이 자르지 않도록 합니다. 출혈이 있는 경우에는 베이비파우더 등을 이용하여 지혈을 해주시기 바랍니다.',19,2,5,null,'c0007','신상');
Insert into EDUC239.TC_PRODUCT (P_NAME,PRICE,SALE_PRICE,STOCK,P_POINT,P_DETAIL,P_SMALL,P_BIG,P_MIDDLE,P_SIZE,P_CODE,P_MAIN) values ('샤뜨 샴푸&린스 키튼 500ml',8000,5400,30,10,'샤뜨 샴푸&린스 키튼는 애완고양이의 목욕 시 뛰어난 세정효과와 위생 및 청결유지에 도움을 주는 제품으로 애완고양이의 건강한 피부와 모발에 도움을 줍니다. 애완고양이의 털에 충분히 물을 적신후 적당량 샴푸를 덜어 피모에 마사지하듯 구석구석 거품을 낸 후 충분히 씻어줍니다.',19,2,5,null,'c0008','신상');
Insert into EDUC239.TC_PRODUCT (P_NAME,PRICE,SALE_PRICE,STOCK,P_POINT,P_DETAIL,P_SMALL,P_BIG,P_MIDDLE,P_SIZE,P_CODE,P_MAIN) values ('마약박스 스크래쳐 감귤',10000,5900,45,10,'마약박스 스크래쳐 감귤은 옛 향수를 자극하는 재미있는 디자인과 프린팅이 독특한 박스형 스크래쳐입니다. 상자의 문구들을 하나씩 보는 재미뿐 아니라 상자형태로 되어있어 스크래칭 후에도 종이 부스러기가 날리지 않습니다.',18,2,5,null,'c0009','베스트');
Insert into EDUC239.TC_PRODUCT (P_NAME,PRICE,SALE_PRICE,STOCK,P_POINT,P_DETAIL,P_SMALL,P_BIG,P_MIDDLE,P_SIZE,P_CODE,P_MAIN) values ('모모제리 방울목도리 겨울이야기 눈사람 S',15000,14200,55,10,'모모제리 방울목도리는 귀여운 방울이 달린 반려동물 목도리입니다. 쫀쫀하고 포근한 소재를 사용하여 추위로부터 반려동물을 지켜주며 예쁜 방울이 착용 후에도 풀러지지 않도록 고정해줍니다. 또한 쉽고 편한 착용 방식으로 예민한 반려동물도 쉽게 착용 가능합니다.',22,2,6,null,'c0010','신상');
Insert into EDUC239.TC_PRODUCT (P_NAME,PRICE,SALE_PRICE,STOCK,P_POINT,P_DETAIL,P_SMALL,P_BIG,P_MIDDLE,P_SIZE,P_CODE,P_MAIN) values ('네코세카이 도라야키 하우스',38000,29000,120,20,'네코세카이 도라야키 하우스는 귀엽고 사랑스러운 모양과 촉감으로 귀여운 디자인뿐만 아니라 고양이들의 기호에 맞추어 디자인된 구조로 편안하고 아늑한 잠자리를 제공하여 금새 어느 고양이나 좋아할 수 있도록 만들었습니다. 민감하고 세심한 고양이들을 위해 직접 닿는 부분은 가장 부드러운 최고급 소재를 커버로 사용하여 편안하고 기분좋은 쉼터를 제공합니다. 세탁기에 돌리지 마시고 단독 손세탁하여 주시고, 세탁 후에는 통풍이 잘 되는 그늘에서 건조해 줍니다. 세탁 전 심하게 오염된 부분은 먼저 닦아내 주시고, 형태가 변형될 우려가 있으니 심하게 비틀어 짜는 것을 금합니다.',20,2,5,null,'c0011','추천');
Insert into EDUC239.TC_PRODUCT (P_NAME,PRICE,SALE_PRICE,STOCK,P_POINT,P_DETAIL,P_SMALL,P_BIG,P_MIDDLE,P_SIZE,P_CODE,P_MAIN) values ('캐츠랑 7kg',25000,17900,60,10,'캐츠랑은 어린고양이부터 어른고양이까지 전연령이 급여가능한 사료입니다. 균형잡힌 영양소를 바탕으로 피부 모질 향상 및 야맹증 예방에 효과적이며, 높은 소화력과 유카추출물 함유로 변이 단단하고, 냄새가 적습니다. 마그네슘을 줄이고 타우린이 첨가되어 고양이에게 발생할 수 있는 질병을 예방해주고, 천연섬유소를 사용하여 헤어볼 예방에도 도움을 줍니다. 캐츠랑은 일체의 항생제, 방부제, 색소, 인공향미제를 사용하지 않았습니다.',16,2,4,null,'c0012','베스트');
Insert into EDUC239.TC_PRODUCT (P_NAME,PRICE,SALE_PRICE,STOCK,P_POINT,P_DETAIL,P_SMALL,P_BIG,P_MIDDLE,P_SIZE,P_CODE,P_MAIN) values ('로투스 그레인프리 파테 살몬&야채 캔 78g',3000,2400,100,10,'로투스 그레인프리 파테 살몬&야채 캔은 부드러운 식감의 무스 타입으로 식감이 우수한 그레인프리 주식캔 입니다. 건강한 관절관리를 위한 콘드로이친과 글루코사민이 풍부한 뉴질랜드산 녹색입홍합과 타우린이 풍부한 신선한 조개를 사용합니다. 또한 고양이의 비뇨기 결석에 중요한 요소인 마그네슘 함량이 낮아 비뇨기 질환 예방에 도움을 줍니다. 로투스는 자체 공장이 있는 미국 캘리포니아에서 엄격한 품질관리와 위생적인 환경에서 자동화 시스템으로 제조되어 더욱 안전합니다.',14,2,4,null,'c0013','신상');
Insert into EDUC239.TC_PRODUCT (P_NAME,PRICE,SALE_PRICE,STOCK,P_POINT,P_DETAIL,P_SMALL,P_BIG,P_MIDDLE,P_SIZE,P_CODE,P_MAIN) values ('캣토리 모래 무향 15L',11000,7300,30,10,'캣토리 모래 무향은 가장 품질 좋은 100% 천연 벤토나이트만 엄선하여 고양이 화장실 전용 모래만 생산하는 첨단 설비 공장에서 원료를 만들었습니다. 개별입자의 부서짐 방지 및 흡수력, 응고력을 높이기 위하여 많은 공정과정을 거쳐, 굵고 단단하며 선명한 화이트색상의 둥근 알갱이만을 사용하였습니다. 중국에서 원료만 OEM생산하였으며, 국내에서 원료의 품질 검증 및 먼지와 분진을 제거하기 위해 특화된 기술을 적용하여 2중 먼지 제거 과정을 거쳐 국내에서 포장 생산되므로 먼지를 최대 99.99%까지 제거하였습니다. 놀라운 흡수력과 응고력으로 모래의 소모성이 적어 경제적이며, 청소하기에 아주 편리합니다. 어린이 손이 닿지 않는 곳에 보관하시고 먹지 않도록 합니다. 남은 모래는 습기가 많은 지역을 피하여 통풍이 잘되고 건조한 곳에 보관합니다. 고양이가 먹지 않도록 주의 바랍니다. 임산부는 가급적 용변처리를 삼가하시기 바랍니다. 변기에 버리면 하수구가 막힐 위험이 있으므로 버리지 않습니다. 정해진 용도 이외의 목적으로 사용하지 않습니다. 사용방법은 다음과 같습니다. 고양이 화장실에 캣토리를 7~10cm 정도의 높이로 채웁니다. 고양이가 화장실에서 배변후 굳은 용변덩어리와 분변을 걸러내어 쓰레기봉투에 버립니다. 모래의 양이 줄어들면 높이를 유지하기 위해 새모래를 적당량 보충합니다. 한 달에 한 번정도는 전체모래를 교환해 주시면 청결한 상태를 더욱 오랫동안 유지할 수 있습니다.',17,2,5,null,'c0014','신상');
Insert into EDUC239.TC_PRODUCT (P_NAME,PRICE,SALE_PRICE,STOCK,P_POINT,P_DETAIL,P_SMALL,P_BIG,P_MIDDLE,P_SIZE,P_CODE,P_MAIN) values ('메이킷 네임택 목걸이 서클 로즈골드',19000,19000,45,10,'메이킷 네임택 목걸이는 심플하고 미니멀한 디자인으로 가볍게 데일리로 착용할 수 있는 목걸이입니다. 헥사곤과 서클 팬던트를 고르실 수 있으며, 팬던트와 체인 모두 써지컬스틸을 사용하고 있습니다. 써지컬 스틸은 의료 수술용 도구에 주로 사용되는 특수강으로 알러지 반응과 변색이 없어 피부가 예민한 반려동물에게 적합합니다. 팬던트의 사이즈는 헥사곤 23 x 20mm, 서클 20 x 20mm이며, 색상은 로즈골드와 실버 두가지 색상이 있습니다. 앞면에는 이름, 뒷면에는 연락처와 서브메세지를 각인할 수 있습니다. 이름을 영문으로 기재할 경우 대소문자 구분이 필요하며, 서브메세지는 선택사항이므로 원하지 않으실 경우에는 기재를 생략해주시기 바랍니다. 체인길이는 직접 반려동물의 목둘레를 측정하신 후 선택하시고, 니퍼나 손톱깎이를 사용해 잘라서 길이 조절이 가능합니다. 구매결제시 각인정보 입력이 가능하며, 이름과 연락처 외 추가 정보를 입력하여도 상품에 해당되는 정보만 각인이 가능하니 구매에 참고 부탁 드립니다. 각인 작업 특성상 미세한 스크래치가 생길 수 있으나, 불량이나 하자가 아니므로 교환 및 환불의 사유가 되지 않습니다.',22,2,6,null,'c0015','베스트');
Insert into EDUC239.TC_PRODUCT (P_NAME,PRICE,SALE_PRICE,STOCK,P_POINT,P_DETAIL,P_SMALL,P_BIG,P_MIDDLE,P_SIZE,P_CODE,P_MAIN) values ('닥터펫 패션 이동가방 옐로우',40000,29900,55,10,'닥터펫 패션 이동가방은 디자인과 편리성을 최우선으로 생각하여, 세련되고 심플한 디자인과 애완동물이 이동중에 편하게 있을 수 있게 편리함을 우선으로 제작하였습니다. 내부에는 목줄 고정고리가 있어서 애완동물이 뛰어 나오는 것을 방지할 수 있으며, 파우치가 들어 있어서 간식 등 기타 필요한 물품을 용이하게 담을 수 있습니다. 양옆으로는 그물망으로 처리 되어있어 통풍이 잘 이루어지고, 이동시 애완동물이 답답함을 덜 느낄 수 있도록 하였습니다. 어깨끈이 포함되어있는 제품으로 3kg정도의 애묘에게 적합한 사이즈입니다.',20,2,5,null,'c0016','신상');
Insert into EDUC239.TC_PRODUCT (P_NAME,PRICE,SALE_PRICE,STOCK,P_POINT,P_DETAIL,P_SMALL,P_BIG,P_MIDDLE,P_SIZE,P_CODE,P_MAIN) values ('네츄럴코어 홀리스틱 베네 M32 멀티프로테인 7.2kg',38000,35000,100,10,'네츄럴코어 홀리스틱 베네 M32 멀티프로테인은 최적의 영양밸런스를 자랑하는 사료이며, 뼈를 발라낸 국내산 오리고기, 신선한 생선 및 우유와 같은 양질의 단백질원을 함유하여 강아지에게 필요한 양질의 단백질을 풍부하게 제공해주며, 아스타잔틴이 함유된 사료로 키운 오리고기는 면역력과 항산화 기능을 향상시키고 스트레스 및 눈의 피로를 감소시켜 줍니다. 비타민나무로 불리는 씨벅턴은 사과의 200~800배의 비타민을 함유하고 있으며 비타민A, C가 동시에 포함된 유일한 과실로 강력한 항산화 효과뿐아니라 각종 영양소의 신진대사율을 높여 비만 예방과 심혈관 질환 예방에 도움을 줍니다.',1,1,1,null,'a0001','신상');
Insert into EDUC239.TC_PRODUCT (P_NAME,PRICE,SALE_PRICE,STOCK,P_POINT,P_DETAIL,P_SMALL,P_BIG,P_MIDDLE,P_SIZE,P_CODE,P_MAIN) values ('로얄캐닌 미니 인도어 어덜트 3kg',40000,34000,100,10,'로얄캐닌 미니 인도어 어덜트는 실내 생활하는 생후 10개월 이상 소형견을 위한 사료입니다. 일반 단백질을 효소 처리한 L.I.P. 단백질로 소화 흡수도가 95%이상 되어 소화되지 않은 단백질의 양을 줄임으로써 변의 양(32% 감소)도 줄이고 변 냄새(악취 70%)를 줄이는데 도움을 줍니다. 또한, 풍부한 EPA-DHA 함유로 건강한 피부와 피모를 유지하는데 도움을 주며, 침속의 칼슘이 치아 표면에 흡착되는 것을 방지하여 치석 형성을 줄여주는데 도움을 주고, L-카르니틴이 지방의 대사를 도와 체구가 작은 강아지가 이상적인 체중을 유지할 수 있도록 도움을 줍니다.',1,1,1,null,'d0002','신상');
Insert into EDUC239.TC_PRODUCT (P_NAME,PRICE,SALE_PRICE,STOCK,P_POINT,P_DETAIL,P_SMALL,P_BIG,P_MIDDLE,P_SIZE,P_CODE,P_MAIN) values ('오리젠 오리지널 독 2kg',40000,21000,80,10,'오리젠 오리지널 독은 닭고기, 칠면조, 생선등 신선한 재료를 배합하여 만든 사료 입니다. 영양분이 풍부한 육류를 다량(85%) 사용하여 애견의 탄탄한 근육량을 유지해주며 저탄수화물, 저혈당 식품으로서 건강한 혈당 수치를 유지시키고 견종이나 생활양식에 관계없이 모든 개들을 최상의 신체 상태로 만들어줍니다. 동물성 지방은 애견이 최상의 건강을 유지하는데 필수적으로, 신선한 고기, 생선, 계란에서 천연적으로 나오는 가공하지 않은 지방을 사용하며, 신선한 생선에 가장 많이 들어있는 DHA와 EPA지방산은 면역계와 신경 시스템에 필수적인 영양소입니다. ',1,1,1,null,'d0003','베스트');
Insert into EDUC239.TC_PRODUCT (P_NAME,PRICE,SALE_PRICE,STOCK,P_POINT,P_DETAIL,P_SMALL,P_BIG,P_MIDDLE,P_SIZE,P_CODE,P_MAIN) values ('로얄캐닌 말티즈 어덜트 1.5kg',40000,34000,100,10,'로얄캐닌 말티즈 어덜트는 실내에서 생활하는 생후 10개월 이상의 말티즈를 위한 전용사료입니다. 풍부한 오메가3지방산(EPA & DHA), 보라지 오일과 비오틴 함유로 말티즈의 긴 피모를 건강하게 유지시켜 주며, 일반 단백질을 효소 처리한 L.I.P. 단백질 함유로 대변의 양과 변냄새를 줄여주는데 도움을 줍니다. 또한, 맞춤형 사료모양으로 말티즈가 사료를 부수어 먹을 수 있게 하여 기계적인 저작(브러쉬 효과)을 할 수 있게 하고, 소디움 폴리포스페이트를 함유하고 있어, 침 속의 칼슘이 플라크와 결합하는 것을 억제하여 치석이 생기는 것을 예방합니다.',1,1,1,null,'d0004','신상');
Insert into EDUC239.TC_PRODUCT (P_NAME,PRICE,SALE_PRICE,STOCK,P_POINT,P_DETAIL,P_SMALL,P_BIG,P_MIDDLE,P_SIZE,P_CODE,P_MAIN) values ('ANF 유기농 6Free 플러스 소고기&연어 1.8kg',18000,15900,30,10,'ANF 유기농 6Free 플러스 소고기&연어는 천연 유기농 원료를 주원료로 사용하였습니다. 천연 항산화 물질이 일반 원료에 비해 40% 이상 함유되어 있어 면역력 강화와 알러지에 예민한 애견의 피부모질 개선에 도움이 됩니다. ANF 유기농 6FREE는 잔류 농약이나 화학첨가물과 같은 유해 물질이 포함되지 않은 안전한 원료로 만든 사료로, 건강을 해칠 수 있는 GMO(유전자 변형 물질), 항생제, 살충제, 호르몬제, 합성착색료, 화학보존료 총 6가지 유해물질을 사용하지 않았습니다. 주원료인 소고기는 건강한 생활을 위해 필요한 단백질, 미네랄, 철분이 풍부하여 튼튼한 근육과 뼈, 기력회복에 도움이 됩니다. ',2,1,1,null,'d0005','신상');
Insert into EDUC239.TC_PRODUCT (P_NAME,PRICE,SALE_PRICE,STOCK,P_POINT,P_DETAIL,P_SMALL,P_BIG,P_MIDDLE,P_SIZE,P_CODE,P_MAIN) values ('네츄럴코어 유기농 에코 6 센시티브 솔루션 연어 작은알갱이 6kg',23000,19000,45,10,'네츄럴코어 유기농 에코 6 센시티브 솔루션 연어 작은알갱이는 비타민B1, B2 등이 풍부한 신선한 연어 순살코기 다량함유로 피부건강에 뛰어난 사료이며, 미국 USDA와 유럽 ECOCERT로부터 유기농 인증을 획득한 믿을 수 있는 유기농 식품으로 농약, 화학비료, 인공색소, 방부제 및 GMO로부터 안전한 제품입니다. 또한, 유기농 원료에 밀, 옥수수, 콩, 글루텐 등을 전혀 포함하지 않고 있어 민감성 피부, 아토피, 식이알러지가 있는 애견에게 적합하며 다량으로 함유되어 있는 천연 항산화 물질인 폴리페놀이 각종 질병과 노화의 원인이 되는 활성산소로부터 건강한 세포를 보호해 줍니다.',2,1,1,null,'d0006','베스트');
Insert into EDUC239.TC_PRODUCT (P_NAME,PRICE,SALE_PRICE,STOCK,P_POINT,P_DETAIL,P_SMALL,P_BIG,P_MIDDLE,P_SIZE,P_CODE,P_MAIN) values ('now 그레인프리 시니어 작은알갱이 2.72kg',22000,20000,55,10,'네츄럴코어 유기농 에코 2 오리고기 작은알갱이는 미국 USDA와 유럽 ECOCERT로부터 유기농 인증을 획득한 믿을 수 있는 유기농 식품입니다. 모든 원료는 유기농 기준에 적합한 엄선된 원료만을 사용하여 애견에게 최고의 맛과 신체에 필요한 필수 영양소를 제공합니다. 국내산 오리고기와 홍삼, 유기농 통곡물, 유기농 채소를 원료로 만들었습니다. 오리고기에는 아스타크산틴 성분이 다량 함유되어 있어 면역력 강화와 항산화 작용을 통한 노화방지, 스트레스 해소, 눈의 피로 감소, 혈행 개선에 도움이 됩니다. 유기농 고구마에 풍부한 양질의 식이섬유는 장건강을 개선시켜 소화기능 향상에 도움이 될 뿐만 아니라, 폴라보노이드 성분이 함유되어 있어 피부노화와 암예방에 탁월한 효과가 있습니다.',1,1,1,null,'d0007','신상');
Insert into EDUC239.TC_PRODUCT (P_NAME,PRICE,SALE_PRICE,STOCK,P_POINT,P_DETAIL,P_SMALL,P_BIG,P_MIDDLE,P_SIZE,P_CODE,P_MAIN) values ('ANF 홀리스틱 램&라이스 중간알갱이 7.5kg',50000,28000,120,20,'ANF 홀리스틱 램&라이스는 호주산 청정 양고기로 만든 홀리스틱 사료로 어린 강아지는 물론 노견까지 최고의 영양을 공급해주는 제품입니다. 양고기를 주원료로 하기때문에 기존 단백질에 대해 민감성 피부와 장을 가진 애견에게 권장하며, 현미와 양고기의 배합성이 우수하여 소화력이 좋은 탄수화물로 만들어졌습니다. 또한, 식물성 항산화제인 칵테일과 허브식물을 첨가하여 면역보조, 생리기능개선, 강장작용 및 소화기능에 도움이 됩니다. 대포장 사료이므로 개봉 후 밀봉을 잘 해주셔서 습기있는 장소 및 직사광선을 피하고 어두운 곳에 보관해 주시기바랍니다',3,1,1,null,'d0008','추천');
REM INSERTING into EDUC239.TC_P_BIG
SET DEFINE OFF;
Insert into EDUC239.TC_P_BIG (P_BIG,P_BIG_NAME) values (1,'강아지');
Insert into EDUC239.TC_P_BIG (P_BIG,P_BIG_NAME) values (2,'고양이');
REM INSERTING into EDUC239.TC_P_FILE
SET DEFINE OFF;
Insert into EDUC239.TC_P_FILE (P_IMAGE_SRC,P_IMAGE_INDEX,P_CODE) values ('\resources\front\images\d01.jpeg',1,'a0001');
Insert into EDUC239.TC_P_FILE (P_IMAGE_SRC,P_IMAGE_INDEX,P_CODE) values ('\resources\productImages\b0001.jpg',2,'b0001');
Insert into EDUC239.TC_P_FILE (P_IMAGE_SRC,P_IMAGE_INDEX,P_CODE) values ('\resources\productImages\c0001.jpg',3,'c0001');
Insert into EDUC239.TC_P_FILE (P_IMAGE_SRC,P_IMAGE_INDEX,P_CODE) values ('\resources\productImages\d0001.jpg',4,'d0001');
Insert into EDUC239.TC_P_FILE (P_IMAGE_SRC,P_IMAGE_INDEX,P_CODE) values ('\resources\productImages\e0001.jpg',5,'e0001');
Insert into EDUC239.TC_P_FILE (P_IMAGE_SRC,P_IMAGE_INDEX,P_CODE) values ('\resources\productImages\c0006.jpg',18,'c0006');
Insert into EDUC239.TC_P_FILE (P_IMAGE_SRC,P_IMAGE_INDEX,P_CODE) values ('\resources\productImages\c0007.jpg',20,'c0007');
Insert into EDUC239.TC_P_FILE (P_IMAGE_SRC,P_IMAGE_INDEX,P_CODE) values ('\resources\productImages\c0008.jpg',22,'c0008');
Insert into EDUC239.TC_P_FILE (P_IMAGE_SRC,P_IMAGE_INDEX,P_CODE) values ('\resources\productImages\c0009.jpg',24,'c0009');
Insert into EDUC239.TC_P_FILE (P_IMAGE_SRC,P_IMAGE_INDEX,P_CODE) values ('\resources\productImages\c0010.jpg',26,'c0010');
Insert into EDUC239.TC_P_FILE (P_IMAGE_SRC,P_IMAGE_INDEX,P_CODE) values ('\resources\productImages\c0011.jpg',27,'c0011');
Insert into EDUC239.TC_P_FILE (P_IMAGE_SRC,P_IMAGE_INDEX,P_CODE) values ('\resources\productImages\c0012.jpg',16,'c0012');
Insert into EDUC239.TC_P_FILE (P_IMAGE_SRC,P_IMAGE_INDEX,P_CODE) values ('\resources\productImages\c0013.jpg',17,'c0013');
Insert into EDUC239.TC_P_FILE (P_IMAGE_SRC,P_IMAGE_INDEX,P_CODE) values ('\resources\productImages\c0014.jpg',19,'c0014');
Insert into EDUC239.TC_P_FILE (P_IMAGE_SRC,P_IMAGE_INDEX,P_CODE) values ('\resources\productImages\c0015.jpg',21,'c0015');
Insert into EDUC239.TC_P_FILE (P_IMAGE_SRC,P_IMAGE_INDEX,P_CODE) values ('\resources\productImages\c0016.jpg',23,'c0016');
Insert into EDUC239.TC_P_FILE (P_IMAGE_SRC,P_IMAGE_INDEX,P_CODE) values ('\resources\productImages\c0017.jpg',25,'c0017');
Insert into EDUC239.TC_P_FILE (P_IMAGE_SRC,P_IMAGE_INDEX,P_CODE) values ('\resources\productImages\d0002.jpg',6,'d0002');
Insert into EDUC239.TC_P_FILE (P_IMAGE_SRC,P_IMAGE_INDEX,P_CODE) values ('\resources\productImages\d0003.jpg',7,'d0003');
Insert into EDUC239.TC_P_FILE (P_IMAGE_SRC,P_IMAGE_INDEX,P_CODE) values ('\resources\productImages\d0005.jpg',8,'d0005');
Insert into EDUC239.TC_P_FILE (P_IMAGE_SRC,P_IMAGE_INDEX,P_CODE) values ('\resources\productImages\d0004.jpg',9,'d0004');
Insert into EDUC239.TC_P_FILE (P_IMAGE_SRC,P_IMAGE_INDEX,P_CODE) values ('\resources\productImages\d0006.jpg',10,'d0006');
Insert into EDUC239.TC_P_FILE (P_IMAGE_SRC,P_IMAGE_INDEX,P_CODE) values ('\resources\productImages\d0007.jpg',11,'d0007');
Insert into EDUC239.TC_P_FILE (P_IMAGE_SRC,P_IMAGE_INDEX,P_CODE) values ('\resources\productImages\d0008.jpg',12,'d0008');
Insert into EDUC239.TC_P_FILE (P_IMAGE_SRC,P_IMAGE_INDEX,P_CODE) values ('\resources\productImages\c0004.jpg',15,'c0004');
Insert into EDUC239.TC_P_FILE (P_IMAGE_SRC,P_IMAGE_INDEX,P_CODE) values ('\resources\productImages\d0011.jpg',13,'d0011');
Insert into EDUC239.TC_P_FILE (P_IMAGE_SRC,P_IMAGE_INDEX,P_CODE) values ('\resources\productImages\d0012.jpg',14,'d0012');
Insert into EDUC239.TC_P_FILE (P_IMAGE_SRC,P_IMAGE_INDEX,P_CODE) values ('\resources\productImages\c0005.jpg',16,'c0005');
Insert into EDUC239.TC_P_FILE (P_IMAGE_SRC,P_IMAGE_INDEX,P_CODE) values ('\resources\productImages\c0018.jpg',18,'c0018');
Insert into EDUC239.TC_P_FILE (P_IMAGE_SRC,P_IMAGE_INDEX,P_CODE) values ('\resources\productImages\c0019.jpg',19,'c0019');
Insert into EDUC239.TC_P_FILE (P_IMAGE_SRC,P_IMAGE_INDEX,P_CODE) values ('\resources\productImages\c0020.jpg',20,'c0020');
Insert into EDUC239.TC_P_FILE (P_IMAGE_SRC,P_IMAGE_INDEX,P_CODE) values ('\resources\productImages\c0021.jpg',21,'c0021');
Insert into EDUC239.TC_P_FILE (P_IMAGE_SRC,P_IMAGE_INDEX,P_CODE) values ('\resources\productImages\c0022.jpg',22,'c0022');
Insert into EDUC239.TC_P_FILE (P_IMAGE_SRC,P_IMAGE_INDEX,P_CODE) values ('\resources\productImages\c0023.jpg',23,'c0023');
Insert into EDUC239.TC_P_FILE (P_IMAGE_SRC,P_IMAGE_INDEX,P_CODE) values ('\resources\productImages\c0024.jpg',24,'c0024');
Insert into EDUC239.TC_P_FILE (P_IMAGE_SRC,P_IMAGE_INDEX,P_CODE) values ('\resources\productImages\c0025.jpg',25,'c0025');
Insert into EDUC239.TC_P_FILE (P_IMAGE_SRC,P_IMAGE_INDEX,P_CODE) values ('\resources\productImages\c0026.jpg',26,'c0026');
Insert into EDUC239.TC_P_FILE (P_IMAGE_SRC,P_IMAGE_INDEX,P_CODE) values ('\resources\productImages\c0027.jpg',27,'c0027');
REM INSERTING into EDUC239.TC_P_MIDDLE
SET DEFINE OFF;
Insert into EDUC239.TC_P_MIDDLE (P_MIDDLE,P_MIDDLE_NAME,P_BIG) values (1,'사료/간식',1);
Insert into EDUC239.TC_P_MIDDLE (P_MIDDLE,P_MIDDLE_NAME,P_BIG) values (2,'생활/훈련',1);
Insert into EDUC239.TC_P_MIDDLE (P_MIDDLE,P_MIDDLE_NAME,P_BIG) values (3,'패션/악세사리',1);
Insert into EDUC239.TC_P_MIDDLE (P_MIDDLE,P_MIDDLE_NAME,P_BIG) values (4,'사료/간식',2);
Insert into EDUC239.TC_P_MIDDLE (P_MIDDLE,P_MIDDLE_NAME,P_BIG) values (5,'생활/훈련',2);
Insert into EDUC239.TC_P_MIDDLE (P_MIDDLE,P_MIDDLE_NAME,P_BIG) values (6,'패션/악세사리',2);
REM INSERTING into EDUC239.TC_P_SMALL
SET DEFINE OFF;
Insert into EDUC239.TC_P_SMALL (P_SMALL,P_SMALL_NAME,P_MIDDLE) values (1,'자견용',1);
Insert into EDUC239.TC_P_SMALL (P_SMALL,P_SMALL_NAME,P_MIDDLE) values (2,'성견용',1);
Insert into EDUC239.TC_P_SMALL (P_SMALL,P_SMALL_NAME,P_MIDDLE) values (3,'노견용',1);
Insert into EDUC239.TC_P_SMALL (P_SMALL,P_SMALL_NAME,P_MIDDLE) values (4,'유기농',1);
Insert into EDUC239.TC_P_SMALL (P_SMALL,P_SMALL_NAME,P_MIDDLE) values (5,'배변',2);
Insert into EDUC239.TC_P_SMALL (P_SMALL,P_SMALL_NAME,P_MIDDLE) values (6,'장난감',2);
Insert into EDUC239.TC_P_SMALL (P_SMALL,P_SMALL_NAME,P_MIDDLE) values (7,'목욕',2);
Insert into EDUC239.TC_P_SMALL (P_SMALL,P_SMALL_NAME,P_MIDDLE) values (8,'하우스',2);
Insert into EDUC239.TC_P_SMALL (P_SMALL,P_SMALL_NAME,P_MIDDLE) values (9,'신발',3);
Insert into EDUC239.TC_P_SMALL (P_SMALL,P_SMALL_NAME,P_MIDDLE) values (10,'상의',3);
Insert into EDUC239.TC_P_SMALL (P_SMALL,P_SMALL_NAME,P_MIDDLE) values (11,'하의',3);
Insert into EDUC239.TC_P_SMALL (P_SMALL,P_SMALL_NAME,P_MIDDLE) values (12,'원피스',3);
Insert into EDUC239.TC_P_SMALL (P_SMALL,P_SMALL_NAME,P_MIDDLE) values (13,'자묘용',4);
Insert into EDUC239.TC_P_SMALL (P_SMALL,P_SMALL_NAME,P_MIDDLE) values (14,'성묘용',4);
Insert into EDUC239.TC_P_SMALL (P_SMALL,P_SMALL_NAME,P_MIDDLE) values (15,'노묘용',4);
Insert into EDUC239.TC_P_SMALL (P_SMALL,P_SMALL_NAME,P_MIDDLE) values (16,'유기농',4);
Insert into EDUC239.TC_P_SMALL (P_SMALL,P_SMALL_NAME,P_MIDDLE) values (17,'배변',5);
Insert into EDUC239.TC_P_SMALL (P_SMALL,P_SMALL_NAME,P_MIDDLE) values (18,'장난감',5);
Insert into EDUC239.TC_P_SMALL (P_SMALL,P_SMALL_NAME,P_MIDDLE) values (19,'목욕',5);
Insert into EDUC239.TC_P_SMALL (P_SMALL,P_SMALL_NAME,P_MIDDLE) values (20,'하우스',5);
Insert into EDUC239.TC_P_SMALL (P_SMALL,P_SMALL_NAME,P_MIDDLE) values (21,'신발',6);
Insert into EDUC239.TC_P_SMALL (P_SMALL,P_SMALL_NAME,P_MIDDLE) values (22,'상의',6);
Insert into EDUC239.TC_P_SMALL (P_SMALL,P_SMALL_NAME,P_MIDDLE) values (23,'하의',6);
Insert into EDUC239.TC_P_SMALL (P_SMALL,P_SMALL_NAME,P_MIDDLE) values (24,'원피스',6);
REM INSERTING into EDUC239.TC_QNA
SET DEFINE OFF;
Insert into EDUC239.TC_QNA (Q_NUM,Q_TITLE,Q_UP_DATE,Q_CONTENTS,Q_CHECK,Q_VIEWCOUNT,Q_CATEGORY_NUM,M_ID,Q_A_CONTENTS,Q_A_DATE,A_ID) values (3,'배송',to_date('18/12/10','RR/MM/DD'),'내일 까지 올수있나요','답변완료',0,1,'jj','내일 까지는 배송이 어려울 것 같습니다.',null,'jh');
Insert into EDUC239.TC_QNA (Q_NUM,Q_TITLE,Q_UP_DATE,Q_CONTENTS,Q_CHECK,Q_VIEWCOUNT,Q_CATEGORY_NUM,M_ID,Q_A_CONTENTS,Q_A_DATE,A_ID) values (4,'환불',to_date('18/12/10','RR/MM/DD'),'아직 못받았는데 환불 요청이요','답변완료',0,2,'jj','죄송합니다. 환불처리 진행하겠습니다.',null,'jh');
Insert into EDUC239.TC_QNA (Q_NUM,Q_TITLE,Q_UP_DATE,Q_CONTENTS,Q_CHECK,Q_VIEWCOUNT,Q_CATEGORY_NUM,M_ID,Q_A_CONTENTS,Q_A_DATE,A_ID) values (5,'사이즈',to_date('18/12/10','RR/MM/DD'),'4.5kg이면 무슨 사이즈가 좋을까요?','답변완료',0,5,'jj','M사이즈나 L사이즈가 좋을것 같습니다vv',null,'jh');
Insert into EDUC239.TC_QNA (Q_NUM,Q_TITLE,Q_UP_DATE,Q_CONTENTS,Q_CHECK,Q_VIEWCOUNT,Q_CATEGORY_NUM,M_ID,Q_A_CONTENTS,Q_A_DATE,A_ID) values (6,'크기',to_date('18/12/10','RR/MM/DD'),'커넬 사이즈가 비슷한 물건을 알려주세요','답변완료',0,5,'jj','우체국 4번 박스 크기만합니다.',null,'jh');
Insert into EDUC239.TC_QNA (Q_NUM,Q_TITLE,Q_UP_DATE,Q_CONTENTS,Q_CHECK,Q_VIEWCOUNT,Q_CATEGORY_NUM,M_ID,Q_A_CONTENTS,Q_A_DATE,A_ID) values (1,'질문',to_date('18/12/10','RR/MM/DD'),'강아지들이 잘먹나요','답변완료',0,5,'jj','보통은 다 잘먹습니다',null,'jh');
REM INSERTING into EDUC239.TC_Q_CATEGORY
SET DEFINE OFF;
Insert into EDUC239.TC_Q_CATEGORY (Q_CATEGORY_NUM,Q_CATEGORY_NAME) values (2,'교환/환불');
Insert into EDUC239.TC_Q_CATEGORY (Q_CATEGORY_NUM,Q_CATEGORY_NAME) values (3,'후기 작성 관련');
Insert into EDUC239.TC_Q_CATEGORY (Q_CATEGORY_NUM,Q_CATEGORY_NAME) values (4,'포인트');
Insert into EDUC239.TC_Q_CATEGORY (Q_CATEGORY_NUM,Q_CATEGORY_NAME) values (5,'상품 관련');
Insert into EDUC239.TC_Q_CATEGORY (Q_CATEGORY_NUM,Q_CATEGORY_NAME) values (6,'회원정보 관련');
Insert into EDUC239.TC_Q_CATEGORY (Q_CATEGORY_NUM,Q_CATEGORY_NAME) values (1,'배송');
REM INSERTING into EDUC239.TC_REVIEW
SET DEFINE OFF;
Insert into EDUC239.TC_REVIEW (R_NUM,R_TITLE,R_DATE,R_VIEWCOUNT,R_CONTENTS,M_ID,P_CODE) values (2,'코코가 싫어해요',to_date('18/12/12','RR/MM/DD'),2,'코코는 마음에 안드나봐요 ㅠㅠ ','jj','c0001');
Insert into EDUC239.TC_REVIEW (R_NUM,R_TITLE,R_DATE,R_VIEWCOUNT,R_CONTENTS,M_ID,P_CODE) values (1,'고양이가 좋아해요',to_date('18/12/12','RR/MM/DD'),1,'고양이가 방석을 너무 좋아하네요 ㅜㅜ  다른 용품도 구매하려구요!','tpgml9497','c0002');
Insert into EDUC239.TC_REVIEW (R_NUM,R_TITLE,R_DATE,R_VIEWCOUNT,R_CONTENTS,M_ID,P_CODE) values (4,'만족스러운 간식.',to_date('18/12/14','RR/MM/DD'),1,'오랜만에 강아지가 간식을 맛있게 먹네요. 귀여워요','chun','d0001');
Insert into EDUC239.TC_REVIEW (R_NUM,R_TITLE,R_DATE,R_VIEWCOUNT,R_CONTENTS,M_ID,P_CODE) values (5,'고양이가 싫어해요',to_date('18/12/13','RR/MM/DD'),2,'코코는 마음에 안드나봐요 ㅠㅠ ','sese','c0005');
Insert into EDUC239.TC_REVIEW (R_NUM,R_TITLE,R_DATE,R_VIEWCOUNT,R_CONTENTS,M_ID,P_CODE) values (6,'뭐.. 만족합니다 ㅋ',to_date('18/12/13','RR/MM/DD'),0,'ㅋㅋ 만족합니다 ㅋㅋ 그런데 쫌 비싸네요 사료가 80000원 이라니 ㅋㅋ','saehee','d0008');
Insert into EDUC239.TC_REVIEW (R_NUM,R_TITLE,R_DATE,R_VIEWCOUNT,R_CONTENTS,M_ID,P_CODE) values (8,'코코가 싫어해요',to_date('18/12/12','RR/MM/DD'),2,'코코는 마음에 안드나봐요 ㅠㅠ ','teri','c0001');
Insert into EDUC239.TC_REVIEW (R_NUM,R_TITLE,R_DATE,R_VIEWCOUNT,R_CONTENTS,M_ID,P_CODE) values (10,'만족스러운 간식.',to_date('18/12/14','RR/MM/DD'),1,'오랜만에 강아지가 간식을 맛있게 먹네요. 귀여워요','chun','d0001');
Insert into EDUC239.TC_REVIEW (R_NUM,R_TITLE,R_DATE,R_VIEWCOUNT,R_CONTENTS,M_ID,P_CODE) values (11,'고양이가 싫어해요',to_date('18/12/13','RR/MM/DD'),2,'코코는 마음에 안드나봐요 ㅠㅠ ','sese','c0005');
Insert into EDUC239.TC_REVIEW (R_NUM,R_TITLE,R_DATE,R_VIEWCOUNT,R_CONTENTS,M_ID,P_CODE) values (12,'뭐.. 만족합니다 ㅋ',to_date('18/12/13','RR/MM/DD'),0,'ㅋㅋ 만족합니다 ㅋㅋ 그런데 쫌 비싸네요 사료가 80000원 이라니 ㅋㅋ','saehee','d0008');
Insert into EDUC239.TC_REVIEW (R_NUM,R_TITLE,R_DATE,R_VIEWCOUNT,R_CONTENTS,M_ID,P_CODE) values (14,'코코가 싫어해요',to_date('18/12/12','RR/MM/DD'),2,'코코는 마음에 안드나봐요 ㅠㅠ ','sera','c0001');
Insert into EDUC239.TC_REVIEW (R_NUM,R_TITLE,R_DATE,R_VIEWCOUNT,R_CONTENTS,M_ID,P_CODE) values (16,'만족스러운 간식.',to_date('18/12/14','RR/MM/DD'),1,'오랜만에 강아지가 간식을 맛있게 먹네요. 귀여워요','chun','d0001');
Insert into EDUC239.TC_REVIEW (R_NUM,R_TITLE,R_DATE,R_VIEWCOUNT,R_CONTENTS,M_ID,P_CODE) values (17,'고양이가 싫어해요',to_date('18/12/13','RR/MM/DD'),2,'코코는 마음에 안드나봐요 ㅠㅠ ','sese','c0005');
Insert into EDUC239.TC_REVIEW (R_NUM,R_TITLE,R_DATE,R_VIEWCOUNT,R_CONTENTS,M_ID,P_CODE) values (18,'뭐.. 만족합니다 ㅋ',to_date('18/12/13','RR/MM/DD'),0,'ㅋㅋ 만족합니다 ㅋㅋ 그런데 쫌 비싸네요 사료가 80000원 이라니 ㅋㅋ','saehee','d0008');
Insert into EDUC239.TC_REVIEW (R_NUM,R_TITLE,R_DATE,R_VIEWCOUNT,R_CONTENTS,M_ID,P_CODE) values (20,'코코가 싫어해요',to_date('18/12/12','RR/MM/DD'),2,'코코는 마음에 안드나봐요 ㅠㅠ ','jj','c0001');
Insert into EDUC239.TC_REVIEW (R_NUM,R_TITLE,R_DATE,R_VIEWCOUNT,R_CONTENTS,M_ID,P_CODE) values (22,'만족스러운 간식.',to_date('18/12/14','RR/MM/DD'),1,'오랜만에 강아지가 간식을 맛있게 먹네요. 귀여워요','chun','d0001');
Insert into EDUC239.TC_REVIEW (R_NUM,R_TITLE,R_DATE,R_VIEWCOUNT,R_CONTENTS,M_ID,P_CODE) values (23,'고양이가 싫어해요',to_date('18/12/13','RR/MM/DD'),2,'코코는 마음에 안드나봐요 ㅠㅠ ','sese','c0005');
Insert into EDUC239.TC_REVIEW (R_NUM,R_TITLE,R_DATE,R_VIEWCOUNT,R_CONTENTS,M_ID,P_CODE) values (24,'뭐.. 만족합니다 ㅋ',to_date('18/12/13','RR/MM/DD'),0,'ㅋㅋ 만족합니다 ㅋㅋ 그런데 쫌 비싸네요 사료가 80000원 이라니 ㅋㅋ','saehee','d0008');
REM INSERTING into EDUC239.TC_R_FILE
SET DEFINE OFF;
REM INSERTING into EDUC239.TC_USING_POINT
SET DEFINE OFF;
REM INSERTING into EDUC239.TD_ADMIN
SET DEFINE OFF;
Insert into EDUC239.TD_ADMIN (ADMIN_ID,ADMIN_PASSWORD,ADMIN_EMAIL,ADMIN_GRADE,ADMIN_IDX,ADMIN_NAME,ADMIN_OUT,SESSIONKEY,SESSIONLIMIT) values ('admin10','test10','admin10@ync.ac.kr',3,8,'babo',1,'none',null);
Insert into EDUC239.TD_ADMIN (ADMIN_ID,ADMIN_PASSWORD,ADMIN_EMAIL,ADMIN_GRADE,ADMIN_IDX,ADMIN_NAME,ADMIN_OUT,SESSIONKEY,SESSIONLIMIT) values ('admin1','pass1','admin1@ync.ac.kr',2,2,'관리자1',1,'none',null);
Insert into EDUC239.TD_ADMIN (ADMIN_ID,ADMIN_PASSWORD,ADMIN_EMAIL,ADMIN_GRADE,ADMIN_IDX,ADMIN_NAME,ADMIN_OUT,SESSIONKEY,SESSIONLIMIT) values ('admin2','pass2','admin2@ync.ac.kr',3,3,'관리자2',2,'none',null);
Insert into EDUC239.TD_ADMIN (ADMIN_ID,ADMIN_PASSWORD,ADMIN_EMAIL,ADMIN_GRADE,ADMIN_IDX,ADMIN_NAME,ADMIN_OUT,SESSIONKEY,SESSIONLIMIT) values ('admin3','test5','test5@ync.ac.kr',3,4,'test5',2,'none',null);
Insert into EDUC239.TD_ADMIN (ADMIN_ID,ADMIN_PASSWORD,ADMIN_EMAIL,ADMIN_GRADE,ADMIN_IDX,ADMIN_NAME,ADMIN_OUT,SESSIONKEY,SESSIONLIMIT) values ('admin','adminpwd','admin@ad.min',1,1,'마스터',1,'C95B21ED9406B06F9D6FFB6EA04A3534',to_date('18/12/21','RR/MM/DD'));
Insert into EDUC239.TD_ADMIN (ADMIN_ID,ADMIN_PASSWORD,ADMIN_EMAIL,ADMIN_GRADE,ADMIN_IDX,ADMIN_NAME,ADMIN_OUT,SESSIONKEY,SESSIONLIMIT) values ('admin4','pass4','admin4@ync.ac.kr',2,5,'테스트',1,'none',null);
Insert into EDUC239.TD_ADMIN (ADMIN_ID,ADMIN_PASSWORD,ADMIN_EMAIL,ADMIN_GRADE,ADMIN_IDX,ADMIN_NAME,ADMIN_OUT,SESSIONKEY,SESSIONLIMIT) values ('admin5','pass5','admin5@ync.ac.kr',3,6,'테스트2',1,'none',null);
Insert into EDUC239.TD_ADMIN (ADMIN_ID,ADMIN_PASSWORD,ADMIN_EMAIL,ADMIN_GRADE,ADMIN_IDX,ADMIN_NAME,ADMIN_OUT,SESSIONKEY,SESSIONLIMIT) values ('admin6','test6','admin6@ync.ac.kr',2,7,'test6',1,'none',null);
REM INSERTING into EDUC239.TD_BOOKING
SET DEFINE OFF;
Insert into EDUC239.TD_BOOKING (BOOKING_IDX,BOOKING_IN_DATE,BOOKING_OUT_DATE,BOOKING_CANCLE,ROOM_IDX,MEMBER_ID,BOOKING_CASH,BOOKING_PEOPLE,BOOKING_DATE,HOTEL_CODE) values (1,to_date('18/12/01','RR/MM/DD'),to_date('18/12/03','RR/MM/DD'),'N',1,'user06@ync.ac.kr',50000,4,to_date('18/12/05','RR/MM/DD'),'KORDAGDH');
Insert into EDUC239.TD_BOOKING (BOOKING_IDX,BOOKING_IN_DATE,BOOKING_OUT_DATE,BOOKING_CANCLE,ROOM_IDX,MEMBER_ID,BOOKING_CASH,BOOKING_PEOPLE,BOOKING_DATE,HOTEL_CODE) values (2,to_date('18/12/03','RR/MM/DD'),to_date('18/12/04','RR/MM/DD'),'N',2,'user06@ync.ac.kr',45000,2,to_date('18/12/06','RR/MM/DD'),'KORDAGDH');
Insert into EDUC239.TD_BOOKING (BOOKING_IDX,BOOKING_IN_DATE,BOOKING_OUT_DATE,BOOKING_CANCLE,ROOM_IDX,MEMBER_ID,BOOKING_CASH,BOOKING_PEOPLE,BOOKING_DATE,HOTEL_CODE) values (4,to_date('18/12/12','RR/MM/DD'),to_date('18/12/14','RR/MM/DD'),'N',2,'user06@ync.ac.kr',45000,2,to_date('18/12/06','RR/MM/DD'),'KORDAGDH');
Insert into EDUC239.TD_BOOKING (BOOKING_IDX,BOOKING_IN_DATE,BOOKING_OUT_DATE,BOOKING_CANCLE,ROOM_IDX,MEMBER_ID,BOOKING_CASH,BOOKING_PEOPLE,BOOKING_DATE,HOTEL_CODE) values (3,to_date('18/12/10','RR/MM/DD'),to_date('18/12/12','RR/MM/DD'),'N',1,'user06@ync.ac.kr',50000,4,to_date('18/11/30','RR/MM/DD'),'KORDAGDH');
Insert into EDUC239.TD_BOOKING (BOOKING_IDX,BOOKING_IN_DATE,BOOKING_OUT_DATE,BOOKING_CANCLE,ROOM_IDX,MEMBER_ID,BOOKING_CASH,BOOKING_PEOPLE,BOOKING_DATE,HOTEL_CODE) values (5,to_date('18/01/05','RR/MM/DD'),to_date('18/12/31','RR/MM/DD'),'N',3,'kim@ync.ac.kr',50000,2,to_date('18/01/01','RR/MM/DD'),'KORDAGDH');
Insert into EDUC239.TD_BOOKING (BOOKING_IDX,BOOKING_IN_DATE,BOOKING_OUT_DATE,BOOKING_CANCLE,ROOM_IDX,MEMBER_ID,BOOKING_CASH,BOOKING_PEOPLE,BOOKING_DATE,HOTEL_CODE) values (6,to_date('18/12/05','RR/MM/DD'),to_date('18/12/10','RR/MM/DD'),'N',2,'kim@ync.ac.kr',55000,4,to_date('18/01/02','RR/MM/DD'),'KORDAGDH');
Insert into EDUC239.TD_BOOKING (BOOKING_IDX,BOOKING_IN_DATE,BOOKING_OUT_DATE,BOOKING_CANCLE,ROOM_IDX,MEMBER_ID,BOOKING_CASH,BOOKING_PEOPLE,BOOKING_DATE,HOTEL_CODE) values (7,to_date('19/03/05','RR/MM/DD'),to_date('19/05/31','RR/MM/DD'),'Y',1,'kim@ync.ac.kr',60000,2,to_date('18/01/03','RR/MM/DD'),'KORDAGDH');
Insert into EDUC239.TD_BOOKING (BOOKING_IDX,BOOKING_IN_DATE,BOOKING_OUT_DATE,BOOKING_CANCLE,ROOM_IDX,MEMBER_ID,BOOKING_CASH,BOOKING_PEOPLE,BOOKING_DATE,HOTEL_CODE) values (8,to_date('19/04/01','RR/MM/DD'),to_date('19/05/01','RR/MM/DD'),'N',2,'kim@ync.ac.kr',65000,4,to_date('18/01/04','RR/MM/DD'),'KORDAGDH');
Insert into EDUC239.TD_BOOKING (BOOKING_IDX,BOOKING_IN_DATE,BOOKING_OUT_DATE,BOOKING_CANCLE,ROOM_IDX,MEMBER_ID,BOOKING_CASH,BOOKING_PEOPLE,BOOKING_DATE,HOTEL_CODE) values (9,to_date('18/12/07','RR/MM/DD'),to_date('19/12/31','RR/MM/DD'),'N',3,'kim@ync.ac.kr',70000,2,to_date('18/01/05','RR/MM/DD'),'KORDAGDH');
REM INSERTING into EDUC239.TD_CITY
SET DEFINE OFF;
Insert into EDUC239.TD_CITY (CITY_NAME,NATION_CODE,CITY_CODE) values ('대구','KOR','DAG');
REM INSERTING into EDUC239.TD_DISCOUNT
SET DEFINE OFF;
REM INSERTING into EDUC239.TD_DISCOUNT_INFO
SET DEFINE OFF;
REM INSERTING into EDUC239.TD_FAQ
SET DEFINE OFF;
Insert into EDUC239.TD_FAQ (FAQ_IDX,FAQ_TITLE,FAQ_CONTENT,ADMIN_ID,FAQ_DATE,FAQ_PREFERENCE,FAQ_OUT) values (1,'FAQTitle','FAQ_Content__Detail','admin',to_date('18/12/01','RR/MM/DD'),232,1);
Insert into EDUC239.TD_FAQ (FAQ_IDX,FAQ_TITLE,FAQ_CONTENT,ADMIN_ID,FAQ_DATE,FAQ_PREFERENCE,FAQ_OUT) values (2,'호텔 자주 묻는 질문 1','사실 테스트 포함하면 2번째에요','admin',to_date('18/12/03','RR/MM/DD'),684,1);
Insert into EDUC239.TD_FAQ (FAQ_IDX,FAQ_TITLE,FAQ_CONTENT,ADMIN_ID,FAQ_DATE,FAQ_PREFERENCE,FAQ_OUT) values (3,'호텔 자주 묻는 질문 2','3번째 공지','admin',to_date('18/12/04','RR/MM/DD'),493,1);
Insert into EDUC239.TD_FAQ (FAQ_IDX,FAQ_TITLE,FAQ_CONTENT,ADMIN_ID,FAQ_DATE,FAQ_PREFERENCE,FAQ_OUT) values (4,'호텔 자주 묻는 질문 3','4번째 공지','admin',to_date('18/12/06','RR/MM/DD'),1111,1);
Insert into EDUC239.TD_FAQ (FAQ_IDX,FAQ_TITLE,FAQ_CONTENT,ADMIN_ID,FAQ_DATE,FAQ_PREFERENCE,FAQ_OUT) values (5,'호텔 자주 묻는 질문 4','5번째 공지','admin',to_date('18/12/08','RR/MM/DD'),1000,1);
Insert into EDUC239.TD_FAQ (FAQ_IDX,FAQ_TITLE,FAQ_CONTENT,ADMIN_ID,FAQ_DATE,FAQ_PREFERENCE,FAQ_OUT) values (6,'호텔 자주 묻는 질문 5','6번째 공지','admin',to_date('18/12/10','RR/MM/DD'),989,2);
REM INSERTING into EDUC239.TD_HOTEL
SET DEFINE OFF;
Insert into EDUC239.TD_HOTEL (ADDRESS,ROOM_LOWPRICE,RATE,HOTEL_CLASS,INFORMATION,HOTEL_DISCOUNT,HOTEL_CODE,HOTEL_NAME,NATION_CODE,CITY_CODE,HOTEL_IMG) values ('대구 남구 대명동218-2',20000,4,1,'대명동에 있는 호텔',3,'KORDAGDH','롯데호텔','KOR','DAG','/resources/front/img/hotelimg/hotel1.png');
Insert into EDUC239.TD_HOTEL (ADDRESS,ROOM_LOWPRICE,RATE,HOTEL_CLASS,INFORMATION,HOTEL_DISCOUNT,HOTEL_CODE,HOTEL_NAME,NATION_CODE,CITY_CODE,HOTEL_IMG) values ('삭제 TEST용 11',10000,5,3,'대구에 있는 호텔',5,'KORDAGDEL11','삭제 호텔11','KOR','DAG',null);
Insert into EDUC239.TD_HOTEL (ADDRESS,ROOM_LOWPRICE,RATE,HOTEL_CLASS,INFORMATION,HOTEL_DISCOUNT,HOTEL_CODE,HOTEL_NAME,NATION_CODE,CITY_CODE,HOTEL_IMG) values ('삭제 TEST용 12',10000,5,3,'대구에 있는 호텔',5,'KORDAGDEL12','삭제 호텔12','KOR','DAG',null);
Insert into EDUC239.TD_HOTEL (ADDRESS,ROOM_LOWPRICE,RATE,HOTEL_CLASS,INFORMATION,HOTEL_DISCOUNT,HOTEL_CODE,HOTEL_NAME,NATION_CODE,CITY_CODE,HOTEL_IMG) values ('삭제 TEST용 5',10000,5,3,'대구에 있는 호텔',5,'KORDAGDEL4','삭제 호텔4','KOR','DAG',null);
Insert into EDUC239.TD_HOTEL (ADDRESS,ROOM_LOWPRICE,RATE,HOTEL_CLASS,INFORMATION,HOTEL_DISCOUNT,HOTEL_CODE,HOTEL_NAME,NATION_CODE,CITY_CODE,HOTEL_IMG) values ('삭제 TEST용 6',10000,5,3,'대구에 있는 호텔',5,'KORDAGDEL5','삭제 호텔5','KOR','DAG',null);
Insert into EDUC239.TD_HOTEL (ADDRESS,ROOM_LOWPRICE,RATE,HOTEL_CLASS,INFORMATION,HOTEL_DISCOUNT,HOTEL_CODE,HOTEL_NAME,NATION_CODE,CITY_CODE,HOTEL_IMG) values ('삭제 TEST용 7',10000,4,2,'서구에 있는 거',3,'KORDAGDEL6','삭제 호텔6','KOR','DAG',null);
Insert into EDUC239.TD_HOTEL (ADDRESS,ROOM_LOWPRICE,RATE,HOTEL_CLASS,INFORMATION,HOTEL_DISCOUNT,HOTEL_CODE,HOTEL_NAME,NATION_CODE,CITY_CODE,HOTEL_IMG) values ('삭제 TEST용 8',10000,5,3,'대구에 있는 호텔',5,'KORDAGDEL7','삭제 호텔7','KOR','DAG',null);
Insert into EDUC239.TD_HOTEL (ADDRESS,ROOM_LOWPRICE,RATE,HOTEL_CLASS,INFORMATION,HOTEL_DISCOUNT,HOTEL_CODE,HOTEL_NAME,NATION_CODE,CITY_CODE,HOTEL_IMG) values ('대구 달서구',10000,5,2,'대구에 있는 호텔',5,'KORDAGDGH','롯데시티호텔','KOR','DAG','/resources/front/img/hotelimg/hotel2.png');
REM INSERTING into EDUC239.TD_HOTEL_DETAILINFO
SET DEFINE OFF;
Insert into EDUC239.TD_HOTEL_DETAILINFO (IDX,HOTEL_CODE,HOTEL_CORE_INFO,HOTEL_PRECAUTIONS,HOTEL_CHECKTIME,HOTEL_ETC) values (2,'KORDAGDGH','호텔 내 60개의 객실 보유','신용카드 또는 현금 보증금 필요','체크인 15:00 이후/ 체크아웃 13:00 이전','호텔 내 금연');
Insert into EDUC239.TD_HOTEL_DETAILINFO (IDX,HOTEL_CODE,HOTEL_CORE_INFO,HOTEL_PRECAUTIONS,HOTEL_CHECKTIME,HOTEL_ETC) values (10,'KORDAGDEL7','호텔 내 60개의 객실 보유','신용카드 또는 현금 보증금 필요','체크인 15:00 이후/ 체크아웃 13:00 이전','호텔 내 금연');
Insert into EDUC239.TD_HOTEL_DETAILINFO (IDX,HOTEL_CODE,HOTEL_CORE_INFO,HOTEL_PRECAUTIONS,HOTEL_CHECKTIME,HOTEL_ETC) values (13,'KORDAGDEL11','호텔 내 60개의 객실 보유','신용카드 또는 현금 보증금 필요','체크인 15:00 이후/ 체크아웃 13:00 이전','호텔 내 금연');
Insert into EDUC239.TD_HOTEL_DETAILINFO (IDX,HOTEL_CODE,HOTEL_CORE_INFO,HOTEL_PRECAUTIONS,HOTEL_CHECKTIME,HOTEL_ETC) values (7,'KORDAGDEL4','호텔 내 60개의 객실 보유','신용카드 또는 현금 보증금 필요','체크인 15:00 이후/ 체크아웃 13:00 이전','호텔 내 금연');
Insert into EDUC239.TD_HOTEL_DETAILINFO (IDX,HOTEL_CODE,HOTEL_CORE_INFO,HOTEL_PRECAUTIONS,HOTEL_CHECKTIME,HOTEL_ETC) values (8,'KORDAGDEL5','호텔 내 60개의 객실 보유','신용카드 또는 현금 보증금 필요','체크인 15:00 이후/ 체크아웃 13:00 이전','호텔 내 금연');
Insert into EDUC239.TD_HOTEL_DETAILINFO (IDX,HOTEL_CODE,HOTEL_CORE_INFO,HOTEL_PRECAUTIONS,HOTEL_CHECKTIME,HOTEL_ETC) values (9,'KORDAGDEL6','호텔 내 60개의 객실 보유','신용카드 또는 현금 보증금 필요','체크인 15:00 이후/ 체크아웃 13:00 이전','호텔 내 금연');
Insert into EDUC239.TD_HOTEL_DETAILINFO (IDX,HOTEL_CODE,HOTEL_CORE_INFO,HOTEL_PRECAUTIONS,HOTEL_CHECKTIME,HOTEL_ETC) values (14,'KORDAGDEL12','호텔 내 60개의 객실 보유','신용카드 또는 현금 보증금 필요','체크인 15:00 이후/ 체크아웃 13:00 이전','호텔 내 금연');
Insert into EDUC239.TD_HOTEL_DETAILINFO (IDX,HOTEL_CODE,HOTEL_CORE_INFO,HOTEL_PRECAUTIONS,HOTEL_CHECKTIME,HOTEL_ETC) values (1,'KORDAGDH','호텔 내 80개의 객실 보유','신용카드 또는 현금 보증금 필요','체크인 15:00 이후/ 체크아웃 13:00 이전','호텔 내 금연');
REM INSERTING into EDUC239.TD_HOTEL_FACILITY
SET DEFINE OFF;
Insert into EDUC239.TD_HOTEL_FACILITY (HF_IDX,HF_NAME) values (1,'주차장');
Insert into EDUC239.TD_HOTEL_FACILITY (HF_IDX,HF_NAME) values (2,'수영장');
Insert into EDUC239.TD_HOTEL_FACILITY (HF_IDX,HF_NAME) values (3,'금연 객실');
Insert into EDUC239.TD_HOTEL_FACILITY (HF_IDX,HF_NAME) values (4,'아침 식사 가능');
Insert into EDUC239.TD_HOTEL_FACILITY (HF_IDX,HF_NAME) values (5,'편의점');
Insert into EDUC239.TD_HOTEL_FACILITY (HF_IDX,HF_NAME) values (6,'PC방');
Insert into EDUC239.TD_HOTEL_FACILITY (HF_IDX,HF_NAME) values (7,'게임방');
Insert into EDUC239.TD_HOTEL_FACILITY (HF_IDX,HF_NAME) values (8,'석식제공');
Insert into EDUC239.TD_HOTEL_FACILITY (HF_IDX,HF_NAME) values (9,'주차장2');
Insert into EDUC239.TD_HOTEL_FACILITY (HF_IDX,HF_NAME) values (10,'수영장2');
Insert into EDUC239.TD_HOTEL_FACILITY (HF_IDX,HF_NAME) values (11,'금연 객실3');
Insert into EDUC239.TD_HOTEL_FACILITY (HF_IDX,HF_NAME) values (12,'아침 식사 가능2');
Insert into EDUC239.TD_HOTEL_FACILITY (HF_IDX,HF_NAME) values (13,'편의점4');
Insert into EDUC239.TD_HOTEL_FACILITY (HF_IDX,HF_NAME) values (14,'PC방5');
Insert into EDUC239.TD_HOTEL_FACILITY (HF_IDX,HF_NAME) values (15,'게임방6');
Insert into EDUC239.TD_HOTEL_FACILITY (HF_IDX,HF_NAME) values (16,'석식제공5');
REM INSERTING into EDUC239.TD_HOTEL_IMAGE
SET DEFINE OFF;
Insert into EDUC239.TD_HOTEL_IMAGE (HIMG_IDX,HIMG_NAME,HOTEL_CODE,HIMG_PATH) values (10,'1.jpg','KORDAGDH','/resources/img/hotel/1.jpg');
Insert into EDUC239.TD_HOTEL_IMAGE (HIMG_IDX,HIMG_NAME,HOTEL_CODE,HIMG_PATH) values (11,'2.jpg','KORDAGDH','/resources/img/hotel/2.jpg');
Insert into EDUC239.TD_HOTEL_IMAGE (HIMG_IDX,HIMG_NAME,HOTEL_CODE,HIMG_PATH) values (12,'3.jpg','KORDAGDH','/resources/img/hotel/3.jpg');
Insert into EDUC239.TD_HOTEL_IMAGE (HIMG_IDX,HIMG_NAME,HOTEL_CODE,HIMG_PATH) values (1,'8.jpg','KORDAGDH','/resources/img/hotel/8.jpg');
Insert into EDUC239.TD_HOTEL_IMAGE (HIMG_IDX,HIMG_NAME,HOTEL_CODE,HIMG_PATH) values (2,'9.jpg','KORDAGDH','/resources/img/hotel/9.jpg');
Insert into EDUC239.TD_HOTEL_IMAGE (HIMG_IDX,HIMG_NAME,HOTEL_CODE,HIMG_PATH) values (3,'10.jpg','KORDAGDH','/resources/img/hotel/10.jpg');
Insert into EDUC239.TD_HOTEL_IMAGE (HIMG_IDX,HIMG_NAME,HOTEL_CODE,HIMG_PATH) values (4,'1.jpg','KORDAGDGH','/resources/img/hotel/1.jpg');
Insert into EDUC239.TD_HOTEL_IMAGE (HIMG_IDX,HIMG_NAME,HOTEL_CODE,HIMG_PATH) values (5,'2.jpg','KORDAGDGH','/resources/img/hotel/2.jpg');
Insert into EDUC239.TD_HOTEL_IMAGE (HIMG_IDX,HIMG_NAME,HOTEL_CODE,HIMG_PATH) values (6,'7.jpg','KORDAGDGH','/resources/img/hotel/7.jpg');
Insert into EDUC239.TD_HOTEL_IMAGE (HIMG_IDX,HIMG_NAME,HOTEL_CODE,HIMG_PATH) values (7,'3.jpg','KORDAGDH','/resources/img/hotel/3.jpg');
Insert into EDUC239.TD_HOTEL_IMAGE (HIMG_IDX,HIMG_NAME,HOTEL_CODE,HIMG_PATH) values (8,'4.jpg','KORDAGDH','/resources/img/hotel/4.jpg');
Insert into EDUC239.TD_HOTEL_IMAGE (HIMG_IDX,HIMG_NAME,HOTEL_CODE,HIMG_PATH) values (9,'9.jpg','KORDAGDH','/resources/img/hotel/9.jpg');
REM INSERTING into EDUC239.TD_HOTEL_INFO
SET DEFINE OFF;
Insert into EDUC239.TD_HOTEL_INFO (HOTEL_INFO_IDX,HOTEL_INFO_DATE,HF_IDX,HOTEL_CODE) values (29,to_date('18/12/03','RR/MM/DD'),14,'KORDAGDEL4');
Insert into EDUC239.TD_HOTEL_INFO (HOTEL_INFO_IDX,HOTEL_INFO_DATE,HF_IDX,HOTEL_CODE) values (30,to_date('18/12/03','RR/MM/DD'),15,'KORDAGDEL4');
Insert into EDUC239.TD_HOTEL_INFO (HOTEL_INFO_IDX,HOTEL_INFO_DATE,HF_IDX,HOTEL_CODE) values (31,to_date('18/12/03','RR/MM/DD'),16,'KORDAGDEL4');
Insert into EDUC239.TD_HOTEL_INFO (HOTEL_INFO_IDX,HOTEL_INFO_DATE,HF_IDX,HOTEL_CODE) values (1,to_date('18/12/03','RR/MM/DD'),1,'KORDAGDH');
Insert into EDUC239.TD_HOTEL_INFO (HOTEL_INFO_IDX,HOTEL_INFO_DATE,HF_IDX,HOTEL_CODE) values (2,to_date('18/12/03','RR/MM/DD'),3,'KORDAGDH');
Insert into EDUC239.TD_HOTEL_INFO (HOTEL_INFO_IDX,HOTEL_INFO_DATE,HF_IDX,HOTEL_CODE) values (3,to_date('18/12/03','RR/MM/DD'),2,'KORDAGDH');
Insert into EDUC239.TD_HOTEL_INFO (HOTEL_INFO_IDX,HOTEL_INFO_DATE,HF_IDX,HOTEL_CODE) values (4,to_date('18/12/03','RR/MM/DD'),4,'KORDAGDH');
Insert into EDUC239.TD_HOTEL_INFO (HOTEL_INFO_IDX,HOTEL_INFO_DATE,HF_IDX,HOTEL_CODE) values (5,to_date('18/12/03','RR/MM/DD'),5,'KORDAGDH');
Insert into EDUC239.TD_HOTEL_INFO (HOTEL_INFO_IDX,HOTEL_INFO_DATE,HF_IDX,HOTEL_CODE) values (6,to_date('18/12/03','RR/MM/DD'),6,'KORDAGDH');
Insert into EDUC239.TD_HOTEL_INFO (HOTEL_INFO_IDX,HOTEL_INFO_DATE,HF_IDX,HOTEL_CODE) values (7,to_date('18/12/03','RR/MM/DD'),7,'KORDAGDH');
Insert into EDUC239.TD_HOTEL_INFO (HOTEL_INFO_IDX,HOTEL_INFO_DATE,HF_IDX,HOTEL_CODE) values (8,to_date('18/12/03','RR/MM/DD'),8,'KORDAGDH');
Insert into EDUC239.TD_HOTEL_INFO (HOTEL_INFO_IDX,HOTEL_INFO_DATE,HF_IDX,HOTEL_CODE) values (9,to_date('18/12/03','RR/MM/DD'),1,'KORDAGDGH');
Insert into EDUC239.TD_HOTEL_INFO (HOTEL_INFO_IDX,HOTEL_INFO_DATE,HF_IDX,HOTEL_CODE) values (10,to_date('18/12/03','RR/MM/DD'),2,'KORDAGDGH');
Insert into EDUC239.TD_HOTEL_INFO (HOTEL_INFO_IDX,HOTEL_INFO_DATE,HF_IDX,HOTEL_CODE) values (11,to_date('18/12/03','RR/MM/DD'),3,'KORDAGDGH');
Insert into EDUC239.TD_HOTEL_INFO (HOTEL_INFO_IDX,HOTEL_INFO_DATE,HF_IDX,HOTEL_CODE) values (12,to_date('18/12/03','RR/MM/DD'),4,'KORDAGDGH');
Insert into EDUC239.TD_HOTEL_INFO (HOTEL_INFO_IDX,HOTEL_INFO_DATE,HF_IDX,HOTEL_CODE) values (13,to_date('18/12/03','RR/MM/DD'),5,'KORDAGDGH');
Insert into EDUC239.TD_HOTEL_INFO (HOTEL_INFO_IDX,HOTEL_INFO_DATE,HF_IDX,HOTEL_CODE) values (14,to_date('18/12/03','RR/MM/DD'),6,'KORDAGDGH');
Insert into EDUC239.TD_HOTEL_INFO (HOTEL_INFO_IDX,HOTEL_INFO_DATE,HF_IDX,HOTEL_CODE) values (15,to_date('18/12/03','RR/MM/DD'),7,'KORDAGDGH');
REM INSERTING into EDUC239.TD_INQUIRY
SET DEFINE OFF;
REM INSERTING into EDUC239.TD_INTEREST_VIEW
SET DEFINE OFF;
REM INSERTING into EDUC239.TD_MEMBER
SET DEFINE OFF;
Insert into EDUC239.TD_MEMBER (MEMBER_ID,MEMBER_PASSWORD,MEMBER_PNUMBER,MEMBER_ADDRESS,NATION_CODE,MEMBER_FIANAME,MEMBER_LANAME,MEMBER_JOINDATE,MEMBER_OUT,MEMBER_IDX) values ('user06@ync.ac.kr','passtest','01006060606','대구 남구 현충로 170 test','KOR','fname06','laname06',to_date('18/11/21','RR/MM/DD'),1,1);
Insert into EDUC239.TD_MEMBER (MEMBER_ID,MEMBER_PASSWORD,MEMBER_PNUMBER,MEMBER_ADDRESS,NATION_CODE,MEMBER_FIANAME,MEMBER_LANAME,MEMBER_JOINDATE,MEMBER_OUT,MEMBER_IDX) values ('user07@ync.ac.kr','pass07','01077777777','중국 동네','CHN','fname07','laname07',to_date('18/11/21','RR/MM/DD'),1,2);
Insert into EDUC239.TD_MEMBER (MEMBER_ID,MEMBER_PASSWORD,MEMBER_PNUMBER,MEMBER_ADDRESS,NATION_CODE,MEMBER_FIANAME,MEMBER_LANAME,MEMBER_JOINDATE,MEMBER_OUT,MEMBER_IDX) values ('user08@ync.ac.kr','pass08','01088888888','미국 동네','USA','fname08','laname08',to_date('18/11/21','RR/MM/DD'),1,3);
Insert into EDUC239.TD_MEMBER (MEMBER_ID,MEMBER_PASSWORD,MEMBER_PNUMBER,MEMBER_ADDRESS,NATION_CODE,MEMBER_FIANAME,MEMBER_LANAME,MEMBER_JOINDATE,MEMBER_OUT,MEMBER_IDX) values ('user09@ync.ac.kr','pass09','01099999999','일본 동네','JPN','fname09','laname09',to_date('18/11/21','RR/MM/DD'),1,4);
Insert into EDUC239.TD_MEMBER (MEMBER_ID,MEMBER_PASSWORD,MEMBER_PNUMBER,MEMBER_ADDRESS,NATION_CODE,MEMBER_FIANAME,MEMBER_LANAME,MEMBER_JOINDATE,MEMBER_OUT,MEMBER_IDX) values ('user10@ync.ac.kr','pass10','01012124545','중국 동네','CHN','fname10','laname10',to_date('18/11/21','RR/MM/DD'),1,5);
Insert into EDUC239.TD_MEMBER (MEMBER_ID,MEMBER_PASSWORD,MEMBER_PNUMBER,MEMBER_ADDRESS,NATION_CODE,MEMBER_FIANAME,MEMBER_LANAME,MEMBER_JOINDATE,MEMBER_OUT,MEMBER_IDX) values ('user11@ync.ac.kr','pass11','01056567777','미국 동네','USA','fname11','laname11',to_date('18/11/21','RR/MM/DD'),1,6);
Insert into EDUC239.TD_MEMBER (MEMBER_ID,MEMBER_PASSWORD,MEMBER_PNUMBER,MEMBER_ADDRESS,NATION_CODE,MEMBER_FIANAME,MEMBER_LANAME,MEMBER_JOINDATE,MEMBER_OUT,MEMBER_IDX) values ('user12@ync.ac.kr','pass12','01047859856','미국 동네','USA','fname12','laname12',to_date('18/11/21','RR/MM/DD'),1,7);
Insert into EDUC239.TD_MEMBER (MEMBER_ID,MEMBER_PASSWORD,MEMBER_PNUMBER,MEMBER_ADDRESS,NATION_CODE,MEMBER_FIANAME,MEMBER_LANAME,MEMBER_JOINDATE,MEMBER_OUT,MEMBER_IDX) values ('asd@ync.ac.kr','pass14','01046548968','대구 북구','KOR','fname14','laname14',to_date('18/12/06','RR/MM/DD'),2,8);
Insert into EDUC239.TD_MEMBER (MEMBER_ID,MEMBER_PASSWORD,MEMBER_PNUMBER,MEMBER_ADDRESS,NATION_CODE,MEMBER_FIANAME,MEMBER_LANAME,MEMBER_JOINDATE,MEMBER_OUT,MEMBER_IDX) values ('zxc@ync.ac.kr','pass15','01078785959','대구 달서구','KOR','fname15','laname15',to_date('18/12/06','RR/MM/DD'),2,9);
Insert into EDUC239.TD_MEMBER (MEMBER_ID,MEMBER_PASSWORD,MEMBER_PNUMBER,MEMBER_ADDRESS,NATION_CODE,MEMBER_FIANAME,MEMBER_LANAME,MEMBER_JOINDATE,MEMBER_OUT,MEMBER_IDX) values ('rkskek@gmail.com','pass16','01078785968','대구 중구','KOR','fname16','laname16',to_date('18/12/07','RR/MM/DD'),3,16);
Insert into EDUC239.TD_MEMBER (MEMBER_ID,MEMBER_PASSWORD,MEMBER_PNUMBER,MEMBER_ADDRESS,NATION_CODE,MEMBER_FIANAME,MEMBER_LANAME,MEMBER_JOINDATE,MEMBER_OUT,MEMBER_IDX) values ('qkqh@gmailc.om','pass17','01045452589','대구 북구','KOR','fname17','laname17',to_date('18/12/07','RR/MM/DD'),1,17);
Insert into EDUC239.TD_MEMBER (MEMBER_ID,MEMBER_PASSWORD,MEMBER_PNUMBER,MEMBER_ADDRESS,NATION_CODE,MEMBER_FIANAME,MEMBER_LANAME,MEMBER_JOINDATE,MEMBER_OUT,MEMBER_IDX) values ('ajdcjddl@gmail.com','pass14','01012345252','대구 수성구','KOR','fname123','laname123',to_date('18/12/08','RR/MM/DD'),1,18);
Insert into EDUC239.TD_MEMBER (MEMBER_ID,MEMBER_PASSWORD,MEMBER_PNUMBER,MEMBER_ADDRESS,NATION_CODE,MEMBER_FIANAME,MEMBER_LANAME,MEMBER_JOINDATE,MEMBER_OUT,MEMBER_IDX) values ('kimkim@ync.ac.kr','asdf','01044443333','ROK','KOR','ASDF','FDSA',to_date('18/12/10','RR/MM/DD'),1,28);
Insert into EDUC239.TD_MEMBER (MEMBER_ID,MEMBER_PASSWORD,MEMBER_PNUMBER,MEMBER_ADDRESS,NATION_CODE,MEMBER_FIANAME,MEMBER_LANAME,MEMBER_JOINDATE,MEMBER_OUT,MEMBER_IDX) values ('regipost3@ync.ac.kr','pwd3','01000000003','New York, United States','USA','regi3','post3',to_date('18/12/10','RR/MM/DD'),2,33);
Insert into EDUC239.TD_MEMBER (MEMBER_ID,MEMBER_PASSWORD,MEMBER_PNUMBER,MEMBER_ADDRESS,NATION_CODE,MEMBER_FIANAME,MEMBER_LANAME,MEMBER_JOINDATE,MEMBER_OUT,MEMBER_IDX) values ('test1212@ync.ac.kr','pwd1212','01011010010','CHOCOLATE','GHA','Brak','Hamburg',to_date('18/12/12','RR/MM/DD'),1,37);
Insert into EDUC239.TD_MEMBER (MEMBER_ID,MEMBER_PASSWORD,MEMBER_PNUMBER,MEMBER_ADDRESS,NATION_CODE,MEMBER_FIANAME,MEMBER_LANAME,MEMBER_JOINDATE,MEMBER_OUT,MEMBER_IDX) values ('diek@ync.ac.kr','pass20','01012458956','대구 서구','KOR','fname20','laname20',to_date('18/12/10','RR/MM/DD'),2,21);
Insert into EDUC239.TD_MEMBER (MEMBER_ID,MEMBER_PASSWORD,MEMBER_PNUMBER,MEMBER_ADDRESS,NATION_CODE,MEMBER_FIANAME,MEMBER_LANAME,MEMBER_JOINDATE,MEMBER_OUT,MEMBER_IDX) values ('mko@ync.ac.kr','pass18','01045685236','대구 동구','KOR','fname18','laname18',to_date('18/12/10','RR/MM/DD'),3,19);
Insert into EDUC239.TD_MEMBER (MEMBER_ID,MEMBER_PASSWORD,MEMBER_PNUMBER,MEMBER_ADDRESS,NATION_CODE,MEMBER_FIANAME,MEMBER_LANAME,MEMBER_JOINDATE,MEMBER_OUT,MEMBER_IDX) values ('dkd@ync.ac.kr','pass19','01056487845','대구 동구','KOR','fname19','laname19',to_date('18/12/10','RR/MM/DD'),3,20);
Insert into EDUC239.TD_MEMBER (MEMBER_ID,MEMBER_PASSWORD,MEMBER_PNUMBER,MEMBER_ADDRESS,NATION_CODE,MEMBER_FIANAME,MEMBER_LANAME,MEMBER_JOINDATE,MEMBER_OUT,MEMBER_IDX) values ('odik@ync.ac.kr','pass21','01014564529','대구 달서구','KOR','fname21','laname21',to_date('18/12/10','RR/MM/DD'),2,22);
Insert into EDUC239.TD_MEMBER (MEMBER_ID,MEMBER_PASSWORD,MEMBER_PNUMBER,MEMBER_ADDRESS,NATION_CODE,MEMBER_FIANAME,MEMBER_LANAME,MEMBER_JOINDATE,MEMBER_OUT,MEMBER_IDX) values ('user30@ync.ac.kr','pass2130','01014564529','대구 중구','KOR','fname30','laname30',to_date('18/12/10','RR/MM/DD'),3,23);
Insert into EDUC239.TD_MEMBER (MEMBER_ID,MEMBER_PASSWORD,MEMBER_PNUMBER,MEMBER_ADDRESS,NATION_CODE,MEMBER_FIANAME,MEMBER_LANAME,MEMBER_JOINDATE,MEMBER_OUT,MEMBER_IDX) values ('user31@ync.ac.kr','pass31','01011248526','대구 북구','KOR','fname31','laname31',to_date('18/12/10','RR/MM/DD'),2,24);
Insert into EDUC239.TD_MEMBER (MEMBER_ID,MEMBER_PASSWORD,MEMBER_PNUMBER,MEMBER_ADDRESS,NATION_CODE,MEMBER_FIANAME,MEMBER_LANAME,MEMBER_JOINDATE,MEMBER_OUT,MEMBER_IDX) values ('user32@ync.ac.kr','pass32','01089895656','대구 남구','KOR','fname32','laname32',to_date('18/12/10','RR/MM/DD'),2,25);
Insert into EDUC239.TD_MEMBER (MEMBER_ID,MEMBER_PASSWORD,MEMBER_PNUMBER,MEMBER_ADDRESS,NATION_CODE,MEMBER_FIANAME,MEMBER_LANAME,MEMBER_JOINDATE,MEMBER_OUT,MEMBER_IDX) values ('user33@ync.ac.kr','pass33','01098745233','대구 달성군','KOR','fname33','laname33',to_date('18/12/10','RR/MM/DD'),3,26);
Insert into EDUC239.TD_MEMBER (MEMBER_ID,MEMBER_PASSWORD,MEMBER_PNUMBER,MEMBER_ADDRESS,NATION_CODE,MEMBER_FIANAME,MEMBER_LANAME,MEMBER_JOINDATE,MEMBER_OUT,MEMBER_IDX) values ('user34@ync.ac.kr','pass34','01045455656','대구 달성군','KOR','fname34','laname34',to_date('18/12/10','RR/MM/DD'),2,27);
Insert into EDUC239.TD_MEMBER (MEMBER_ID,MEMBER_PASSWORD,MEMBER_PNUMBER,MEMBER_ADDRESS,NATION_CODE,MEMBER_FIANAME,MEMBER_LANAME,MEMBER_JOINDATE,MEMBER_OUT,MEMBER_IDX) values ('regipost9@ync.ac.kr','pass99','01078789898','대구 북구','GRC','regi9','post9',to_date('18/12/10','RR/MM/DD'),2,36);
Insert into EDUC239.TD_MEMBER (MEMBER_ID,MEMBER_PASSWORD,MEMBER_PNUMBER,MEMBER_ADDRESS,NATION_CODE,MEMBER_FIANAME,MEMBER_LANAME,MEMBER_JOINDATE,MEMBER_OUT,MEMBER_IDX) values ('regipost1@ync.ac.kr','pwd1','01000000001','ROK','KOR','regi1','post1',to_date('18/12/10','RR/MM/DD'),1,31);
Insert into EDUC239.TD_MEMBER (MEMBER_ID,MEMBER_PASSWORD,MEMBER_PNUMBER,MEMBER_ADDRESS,NATION_CODE,MEMBER_FIANAME,MEMBER_LANAME,MEMBER_JOINDATE,MEMBER_OUT,MEMBER_IDX) values ('regipost4@ync.ac.kr','pwd4','01000000004','Beijing, China','CHN','regi4','post4',to_date('18/12/10','RR/MM/DD'),2,34);
Insert into EDUC239.TD_MEMBER (MEMBER_ID,MEMBER_PASSWORD,MEMBER_PNUMBER,MEMBER_ADDRESS,NATION_CODE,MEMBER_FIANAME,MEMBER_LANAME,MEMBER_JOINDATE,MEMBER_OUT,MEMBER_IDX) values ('min@ync.ac.kr','pass3','01023235656','울산 몰라구','KOR','seung','lee',to_date('18/11/19','RR/MM/DD'),1,10);
Insert into EDUC239.TD_MEMBER (MEMBER_ID,MEMBER_PASSWORD,MEMBER_PNUMBER,MEMBER_ADDRESS,NATION_CODE,MEMBER_FIANAME,MEMBER_LANAME,MEMBER_JOINDATE,MEMBER_OUT,MEMBER_IDX) values ('moon@ync.ac.kr','pass1','01012345678','대구 서구','KOR','taeil','mun',to_date('18/11/19','RR/MM/DD'),1,11);
Insert into EDUC239.TD_MEMBER (MEMBER_ID,MEMBER_PASSWORD,MEMBER_PNUMBER,MEMBER_ADDRESS,NATION_CODE,MEMBER_FIANAME,MEMBER_LANAME,MEMBER_JOINDATE,MEMBER_OUT,MEMBER_IDX) values ('lee@ync.ac.kr','pass2','01012124545','대구 달서구','KOR','uho','lee',to_date('18/11/19','RR/MM/DD'),1,12);
Insert into EDUC239.TD_MEMBER (MEMBER_ID,MEMBER_PASSWORD,MEMBER_PNUMBER,MEMBER_ADDRESS,NATION_CODE,MEMBER_FIANAME,MEMBER_LANAME,MEMBER_JOINDATE,MEMBER_OUT,MEMBER_IDX) values ('ryu@ync.ac.kr','pass4','01098985656','밀양 저멀구','KOR','hwanuk','ryu',to_date('18/11/19','RR/MM/DD'),1,13);
Insert into EDUC239.TD_MEMBER (MEMBER_ID,MEMBER_PASSWORD,MEMBER_PNUMBER,MEMBER_ADDRESS,NATION_CODE,MEMBER_FIANAME,MEMBER_LANAME,MEMBER_JOINDATE,MEMBER_OUT,MEMBER_IDX) values ('kim@ync.ac.kr','pass5','01056567878','대구 어딜까','KOR','kunwoo','kim',to_date('18/11/19','RR/MM/DD'),1,14);
Insert into EDUC239.TD_MEMBER (MEMBER_ID,MEMBER_PASSWORD,MEMBER_PNUMBER,MEMBER_ADDRESS,NATION_CODE,MEMBER_FIANAME,MEMBER_LANAME,MEMBER_JOINDATE,MEMBER_OUT,MEMBER_IDX) values ('registerTest@ync.ac.kr','testpwd','01000101101','TESTADDRESS','KOR','dataFirstName','dataLastName',to_date('18/12/10','RR/MM/DD'),1,29);
Insert into EDUC239.TD_MEMBER (MEMBER_ID,MEMBER_PASSWORD,MEMBER_PNUMBER,MEMBER_ADDRESS,NATION_CODE,MEMBER_FIANAME,MEMBER_LANAME,MEMBER_JOINDATE,MEMBER_OUT,MEMBER_IDX) values ('kimaakim@ync.ac.kr','asdfdf','01012345789','REPUBLIC OF KOREA','KOR','kimone','kimkimtwo',to_date('18/12/10','RR/MM/DD'),1,30);
Insert into EDUC239.TD_MEMBER (MEMBER_ID,MEMBER_PASSWORD,MEMBER_PNUMBER,MEMBER_ADDRESS,NATION_CODE,MEMBER_FIANAME,MEMBER_LANAME,MEMBER_JOINDATE,MEMBER_OUT,MEMBER_IDX) values ('kimkasdf@ync.ac.kr','asdf123','01000011111','chocolate','GHA','regi1','post1',to_date('18/12/12','RR/MM/DD'),1,38);
Insert into EDUC239.TD_MEMBER (MEMBER_ID,MEMBER_PASSWORD,MEMBER_PNUMBER,MEMBER_ADDRESS,NATION_CODE,MEMBER_FIANAME,MEMBER_LANAME,MEMBER_JOINDATE,MEMBER_OUT,MEMBER_IDX) values ('qwe@ync.ac.kr','pass13','01011010100','대구 남구','KOR','fname13','laname13',to_date('18/12/06','RR/MM/DD'),2,15);
Insert into EDUC239.TD_MEMBER (MEMBER_ID,MEMBER_PASSWORD,MEMBER_PNUMBER,MEMBER_ADDRESS,NATION_CODE,MEMBER_FIANAME,MEMBER_LANAME,MEMBER_JOINDATE,MEMBER_OUT,MEMBER_IDX) values ('regipost2@ync.ac.kr','asdfg','01023456789','대구 수성구','JPN','REGI2','POST2',to_date('18/12/10','RR/MM/DD'),1,32);
Insert into EDUC239.TD_MEMBER (MEMBER_ID,MEMBER_PASSWORD,MEMBER_PNUMBER,MEMBER_ADDRESS,NATION_CODE,MEMBER_FIANAME,MEMBER_LANAME,MEMBER_JOINDATE,MEMBER_OUT,MEMBER_IDX) values ('regipost8@ync.ac.kr','pwd8','01000000008','chocolate','GHA','regi8','post8',to_date('18/12/10','RR/MM/DD'),2,35);
REM INSERTING into EDUC239.TD_NATION
SET DEFINE OFF;
Insert into EDUC239.TD_NATION (NATION_CODE,NATION_NAME) values ('NPL','NEPAL');
Insert into EDUC239.TD_NATION (NATION_CODE,NATION_NAME) values ('GHA','GHANA');
Insert into EDUC239.TD_NATION (NATION_CODE,NATION_NAME) values ('GRC','GREECE');
Insert into EDUC239.TD_NATION (NATION_CODE,NATION_NAME) values ('DEU','GERMANY');
Insert into EDUC239.TD_NATION (NATION_CODE,NATION_NAME) values ('USA','UNITED STATES');
Insert into EDUC239.TD_NATION (NATION_CODE,NATION_NAME) values ('JPN','JAPAN');
Insert into EDUC239.TD_NATION (NATION_CODE,NATION_NAME) values ('CHN','CHINA');
Insert into EDUC239.TD_NATION (NATION_CODE,NATION_NAME) values ('KOR','KOREA');
REM INSERTING into EDUC239.TD_NOTICE
SET DEFINE OFF;
Insert into EDUC239.TD_NOTICE (NOTICE_IDX,NOTICE_TITLE,NOTICE_DATE,NOTICE_DAYS,NOTICE_IMG,NOTICE_CONTENT,ADMIN_ID,NOTICE_CHK) values (10,'TEST 공지',to_date('18/12/13','RR/MM/DD'),1,'1.png','TEST 중입니다.','admin','Y');
Insert into EDUC239.TD_NOTICE (NOTICE_IDX,NOTICE_TITLE,NOTICE_DATE,NOTICE_DAYS,NOTICE_IMG,NOTICE_CONTENT,ADMIN_ID,NOTICE_CHK) values (1,'공지사항 1',to_date('18/12/05','RR/MM/DD'),7,'/resources/front/img/dummies/dummy-1.png','TD_NOTICE 내의 공지사항 1의 본문 내용임','admin','Y');
Insert into EDUC239.TD_NOTICE (NOTICE_IDX,NOTICE_TITLE,NOTICE_DATE,NOTICE_DAYS,NOTICE_IMG,NOTICE_CONTENT,ADMIN_ID,NOTICE_CHK) values (12,'111111111',to_date('18/12/26','RR/MM/DD'),11,'unnamed.png','111111111','admin','Y');
Insert into EDUC239.TD_NOTICE (NOTICE_IDX,NOTICE_TITLE,NOTICE_DATE,NOTICE_DAYS,NOTICE_IMG,NOTICE_CONTENT,ADMIN_ID,NOTICE_CHK) values (9,'1',to_date('18/12/12','RR/MM/DD'),4,'img.jpg','content','admin','N');
Insert into EDUC239.TD_NOTICE (NOTICE_IDX,NOTICE_TITLE,NOTICE_DATE,NOTICE_DAYS,NOTICE_IMG,NOTICE_CONTENT,ADMIN_ID,NOTICE_CHK) values (2,'공지사항 2',to_date('18/12/15','RR/MM/DD'),10,'/resources/front/img/dummies/dummy-1.jpg','TD_NOTICE 내의 공지사항 2의 본문 내용임','admin','N');
Insert into EDUC239.TD_NOTICE (NOTICE_IDX,NOTICE_TITLE,NOTICE_DATE,NOTICE_DAYS,NOTICE_IMG,NOTICE_CONTENT,ADMIN_ID,NOTICE_CHK) values (3,'공지사항 3',to_date('18/11/30','RR/MM/DD'),2,'/resources/front/img/dummies/dummy-1.jpg','TD_NOTICE 내의 공지사항 3이었던 과거 본문임','admin','Y');
Insert into EDUC239.TD_NOTICE (NOTICE_IDX,NOTICE_TITLE,NOTICE_DATE,NOTICE_DAYS,NOTICE_IMG,NOTICE_CONTENT,ADMIN_ID,NOTICE_CHK) values (4,'공지사항 4',to_date('18/12/05','RR/MM/DD'),11,'/resources/front/img/dummies/dummy-2.png','TD_NOTICE 내의 공지사항 4임','admin','Y');
Insert into EDUC239.TD_NOTICE (NOTICE_IDX,NOTICE_TITLE,NOTICE_DATE,NOTICE_DAYS,NOTICE_IMG,NOTICE_CONTENT,ADMIN_ID,NOTICE_CHK) values (5,'공지사항 5',to_date('18/12/03','RR/MM/DD'),33,'/resources/front/img/dummies/dummy-3.png','TD_NOTICE 내의 공지사항 5인데','admin','Y');
Insert into EDUC239.TD_NOTICE (NOTICE_IDX,NOTICE_TITLE,NOTICE_DATE,NOTICE_DAYS,NOTICE_IMG,NOTICE_CONTENT,ADMIN_ID,NOTICE_CHK) values (6,'공지사항 6',to_date('18/11/23','RR/MM/DD'),344,'/resources/front/img/dummies/dummy-4.png','TD_NOTICE 내의 공지사항 6이에요','admin','Y');
Insert into EDUC239.TD_NOTICE (NOTICE_IDX,NOTICE_TITLE,NOTICE_DATE,NOTICE_DAYS,NOTICE_IMG,NOTICE_CONTENT,ADMIN_ID,NOTICE_CHK) values (11,'test하고 있어요',to_date('18/12/13','RR/MM/DD'),4,'1.png','TEST 중입니다.','admin','N');
REM INSERTING into EDUC239.TD_PAYMENT
SET DEFINE OFF;
REM INSERTING into EDUC239.TD_RECENT_VIEW
SET DEFINE OFF;
REM INSERTING into EDUC239.TD_REVIEW
SET DEFINE OFF;
Insert into EDUC239.TD_REVIEW (REVIEW_IDX,REVIEW_TITLE,REVIEW_CLEAN,REVIEW_SERVICE,REVIEW_COMFORT,REVIEW_STATE,REVIEW_LOCAL,REVIEW_RATE,REVIEW_CONTENT,REVIEW_DATE,MEMBER_ID,HOTEL_CODE) values (2,'적당하네요',5,5,5,5,5,5,'그저그랬던거같아요',to_date('18/12/05','RR/MM/DD'),'lee@ync.ac.kr','KORDAGDH');
Insert into EDUC239.TD_REVIEW (REVIEW_IDX,REVIEW_TITLE,REVIEW_CLEAN,REVIEW_SERVICE,REVIEW_COMFORT,REVIEW_STATE,REVIEW_LOCAL,REVIEW_RATE,REVIEW_CONTENT,REVIEW_DATE,MEMBER_ID,HOTEL_CODE) values (1,'여기 좋네요 ',7,7,7,7,7,7,'너무좋아서 다시올께용',to_date('18/11/21','RR/MM/DD'),'ryu@ync.ac.kr','KORDAGDGH');
Insert into EDUC239.TD_REVIEW (REVIEW_IDX,REVIEW_TITLE,REVIEW_CLEAN,REVIEW_SERVICE,REVIEW_COMFORT,REVIEW_STATE,REVIEW_LOCAL,REVIEW_RATE,REVIEW_CONTENT,REVIEW_DATE,MEMBER_ID,HOTEL_CODE) values (17,'여기 좋네요 ',6,8,5,7,5,8,'여자친구하고또올께요!',to_date('18/12/05','RR/MM/DD'),'lee@ync.ac.kr','KORDAGDH');
Insert into EDUC239.TD_REVIEW (REVIEW_IDX,REVIEW_TITLE,REVIEW_CLEAN,REVIEW_SERVICE,REVIEW_COMFORT,REVIEW_STATE,REVIEW_LOCAL,REVIEW_RATE,REVIEW_CONTENT,REVIEW_DATE,MEMBER_ID,HOTEL_CODE) values (16,'적당하네요',5,8,7,5,8,9,'직원분이 친절합니다.',to_date('18/12/05','RR/MM/DD'),'min@ync.ac.kr','KORDAGDH');
Insert into EDUC239.TD_REVIEW (REVIEW_IDX,REVIEW_TITLE,REVIEW_CLEAN,REVIEW_SERVICE,REVIEW_COMFORT,REVIEW_STATE,REVIEW_LOCAL,REVIEW_RATE,REVIEW_CONTENT,REVIEW_DATE,MEMBER_ID,HOTEL_CODE) values (15,'여기 좋네요 ',4,8,5,2,5,1,'다신안옴',to_date('18/12/05','RR/MM/DD'),'moon@ync.ac.kr','KORDAGDH');
Insert into EDUC239.TD_REVIEW (REVIEW_IDX,REVIEW_TITLE,REVIEW_CLEAN,REVIEW_SERVICE,REVIEW_COMFORT,REVIEW_STATE,REVIEW_LOCAL,REVIEW_RATE,REVIEW_CONTENT,REVIEW_DATE,MEMBER_ID,HOTEL_CODE) values (10,'여기 좋네요 ',6,7,1,5,5,5,'그저그랬던거같아요',to_date('18/12/05','RR/MM/DD'),'lee@ync.ac.kr','KORDAGDGH');
Insert into EDUC239.TD_REVIEW (REVIEW_IDX,REVIEW_TITLE,REVIEW_CLEAN,REVIEW_SERVICE,REVIEW_COMFORT,REVIEW_STATE,REVIEW_LOCAL,REVIEW_RATE,REVIEW_CONTENT,REVIEW_DATE,MEMBER_ID,HOTEL_CODE) values (9,'적당하네요',6,5,5,6,8,5,'그저그랬던거같아요',to_date('18/12/05','RR/MM/DD'),'ryu@ync.ac.kr','KORDAGDGH');
Insert into EDUC239.TD_REVIEW (REVIEW_IDX,REVIEW_TITLE,REVIEW_CLEAN,REVIEW_SERVICE,REVIEW_COMFORT,REVIEW_STATE,REVIEW_LOCAL,REVIEW_RATE,REVIEW_CONTENT,REVIEW_DATE,MEMBER_ID,HOTEL_CODE) values (8,'여기 좋네요 ',8,6,5,5,7,5,'그저그랬던거같아요',to_date('18/12/05','RR/MM/DD'),'lee@ync.ac.kr','KORDAGDGH');
Insert into EDUC239.TD_REVIEW (REVIEW_IDX,REVIEW_TITLE,REVIEW_CLEAN,REVIEW_SERVICE,REVIEW_COMFORT,REVIEW_STATE,REVIEW_LOCAL,REVIEW_RATE,REVIEW_CONTENT,REVIEW_DATE,MEMBER_ID,HOTEL_CODE) values (7,'적당하네요',8,5,5,7,8,5,'그저그랬던거같아요',to_date('18/12/05','RR/MM/DD'),'lee@ync.ac.kr','KORDAGDGH');
Insert into EDUC239.TD_REVIEW (REVIEW_IDX,REVIEW_TITLE,REVIEW_CLEAN,REVIEW_SERVICE,REVIEW_COMFORT,REVIEW_STATE,REVIEW_LOCAL,REVIEW_RATE,REVIEW_CONTENT,REVIEW_DATE,MEMBER_ID,HOTEL_CODE) values (6,'적당하네요',6,7,7,5,5,5,'그저그랬던거같아요',to_date('18/12/05','RR/MM/DD'),'ryu@ync.ac.kr','KORDAGDGH');
Insert into EDUC239.TD_REVIEW (REVIEW_IDX,REVIEW_TITLE,REVIEW_CLEAN,REVIEW_SERVICE,REVIEW_COMFORT,REVIEW_STATE,REVIEW_LOCAL,REVIEW_RATE,REVIEW_CONTENT,REVIEW_DATE,MEMBER_ID,HOTEL_CODE) values (5,'여기 좋네요 ',5,5,1,2,7,5,'그저그랬던거같아요',to_date('18/12/05','RR/MM/DD'),'lee@ync.ac.kr','KORDAGDGH');
Insert into EDUC239.TD_REVIEW (REVIEW_IDX,REVIEW_TITLE,REVIEW_CLEAN,REVIEW_SERVICE,REVIEW_COMFORT,REVIEW_STATE,REVIEW_LOCAL,REVIEW_RATE,REVIEW_CONTENT,REVIEW_DATE,MEMBER_ID,HOTEL_CODE) values (4,'적당하네요',4,6,5,5,9,5,'그저그랬던거같아요',to_date('18/12/05','RR/MM/DD'),'lee@ync.ac.kr','KORDAGDGH');
REM INSERTING into EDUC239.TD_ROOM
SET DEFINE OFF;
Insert into EDUC239.TD_ROOM (ROOM_IDX,ROOM_PEOPLENUM,ROOM_BED,ROOM_PRICE,HOTEL_CODE,ROOM_NAME,ROOM_PEOPLENUM_K) values (2,2,1,45000,'KORDAGDH','트윈룸',2);
Insert into EDUC239.TD_ROOM (ROOM_IDX,ROOM_PEOPLENUM,ROOM_BED,ROOM_PRICE,HOTEL_CODE,ROOM_NAME,ROOM_PEOPLENUM_K) values (3,2,1,40000,'KORDAGDH','싱글룸',1);
Insert into EDUC239.TD_ROOM (ROOM_IDX,ROOM_PEOPLENUM,ROOM_BED,ROOM_PRICE,HOTEL_CODE,ROOM_NAME,ROOM_PEOPLENUM_K) values (3,2,1,40000,'KORDAGDEL4','싱글룸',1);
Insert into EDUC239.TD_ROOM (ROOM_IDX,ROOM_PEOPLENUM,ROOM_BED,ROOM_PRICE,HOTEL_CODE,ROOM_NAME,ROOM_PEOPLENUM_K) values (1,4,2,50000,'KORDAGDEL4','스위트룸',2);
Insert into EDUC239.TD_ROOM (ROOM_IDX,ROOM_PEOPLENUM,ROOM_BED,ROOM_PRICE,HOTEL_CODE,ROOM_NAME,ROOM_PEOPLENUM_K) values (2,2,1,45000,'KORDAGDEL4','트윈룸',2);
Insert into EDUC239.TD_ROOM (ROOM_IDX,ROOM_PEOPLENUM,ROOM_BED,ROOM_PRICE,HOTEL_CODE,ROOM_NAME,ROOM_PEOPLENUM_K) values (2,2,1,40000,'KORDAGDEL5','싱글룸',1);
Insert into EDUC239.TD_ROOM (ROOM_IDX,ROOM_PEOPLENUM,ROOM_BED,ROOM_PRICE,HOTEL_CODE,ROOM_NAME,ROOM_PEOPLENUM_K) values (1,4,2,50000,'KORDAGDEL5','스위트룸',2);
Insert into EDUC239.TD_ROOM (ROOM_IDX,ROOM_PEOPLENUM,ROOM_BED,ROOM_PRICE,HOTEL_CODE,ROOM_NAME,ROOM_PEOPLENUM_K) values (1,4,2,50000,'KORDAGDH','스위트룸',2);
Insert into EDUC239.TD_ROOM (ROOM_IDX,ROOM_PEOPLENUM,ROOM_BED,ROOM_PRICE,HOTEL_CODE,ROOM_NAME,ROOM_PEOPLENUM_K) values (2,2,1,45000,'KORDAGDGH','트윈룸',2);
Insert into EDUC239.TD_ROOM (ROOM_IDX,ROOM_PEOPLENUM,ROOM_BED,ROOM_PRICE,HOTEL_CODE,ROOM_NAME,ROOM_PEOPLENUM_K) values (3,2,1,40000,'KORDAGDGH','싱글룸',1);
Insert into EDUC239.TD_ROOM (ROOM_IDX,ROOM_PEOPLENUM,ROOM_BED,ROOM_PRICE,HOTEL_CODE,ROOM_NAME,ROOM_PEOPLENUM_K) values (1,4,2,50000,'KORDAGDGH','스위트룸',2);
REM INSERTING into EDUC239.TD_ROOM_BED
SET DEFINE OFF;
Insert into EDUC239.TD_ROOM_BED (RB_IDX,BED_NAME,BED_CNT,ROOM_IDX,HOTEL_CODE) values (1,'킹사이즈',2,1,'KORDAGDH');
Insert into EDUC239.TD_ROOM_BED (RB_IDX,BED_NAME,BED_CNT,ROOM_IDX,HOTEL_CODE) values (2,'더블베드',2,2,'KORDAGDH');
REM INSERTING into EDUC239.TD_ROOM_FACILITY
SET DEFINE OFF;
Insert into EDUC239.TD_ROOM_FACILITY (RF_IDX,RF_NAME) values (1,'무료WIFI');
Insert into EDUC239.TD_ROOM_FACILITY (RF_IDX,RF_NAME) values (2,'PC');
Insert into EDUC239.TD_ROOM_FACILITY (RF_IDX,RF_NAME) values (3,'냉장고');
Insert into EDUC239.TD_ROOM_FACILITY (RF_IDX,RF_NAME) values (4,'무료 생수');
Insert into EDUC239.TD_ROOM_FACILITY (RF_IDX,RF_NAME) values (5,'무료 세면용품');
Insert into EDUC239.TD_ROOM_FACILITY (RF_IDX,RF_NAME) values (6,'평면 TV');
Insert into EDUC239.TD_ROOM_FACILITY (RF_IDX,RF_NAME) values (7,'헤어드라이어');
Insert into EDUC239.TD_ROOM_FACILITY (RF_IDX,RF_NAME) values (8,'타월 제공');
Insert into EDUC239.TD_ROOM_FACILITY (RF_IDX,RF_NAME) values (9,'케이블 TV 서비스');
REM INSERTING into EDUC239.TD_ROOM_IMAGE
SET DEFINE OFF;
Insert into EDUC239.TD_ROOM_IMAGE (RIMAGE_IDX,RIMAGE_NAME,ROOM_IDX,HOTEL_CODE,RIMAGE_PATH) values (1,'7.jpg',1,'KORDAGDH','/resources/img/room/7.jpg');
Insert into EDUC239.TD_ROOM_IMAGE (RIMAGE_IDX,RIMAGE_NAME,ROOM_IDX,HOTEL_CODE,RIMAGE_PATH) values (2,'8.jpg',1,'KORDAGDH','/resources/img/room/8.jpg');
Insert into EDUC239.TD_ROOM_IMAGE (RIMAGE_IDX,RIMAGE_NAME,ROOM_IDX,HOTEL_CODE,RIMAGE_PATH) values (3,'9.jpg',1,'KORDAGDH','/resources/img/room/9.jpg');
Insert into EDUC239.TD_ROOM_IMAGE (RIMAGE_IDX,RIMAGE_NAME,ROOM_IDX,HOTEL_CODE,RIMAGE_PATH) values (4,'11.jpg',1,'KORDAGDH','/resources/img/room/11.jpg');
Insert into EDUC239.TD_ROOM_IMAGE (RIMAGE_IDX,RIMAGE_NAME,ROOM_IDX,HOTEL_CODE,RIMAGE_PATH) values (5,'1.jpg',1,'KORDAGDH','/resources/img/room/1.jpg');
Insert into EDUC239.TD_ROOM_IMAGE (RIMAGE_IDX,RIMAGE_NAME,ROOM_IDX,HOTEL_CODE,RIMAGE_PATH) values (6,'2.jpg',1,'KORDAGDH','/resources/img/room/2.jpg');
Insert into EDUC239.TD_ROOM_IMAGE (RIMAGE_IDX,RIMAGE_NAME,ROOM_IDX,HOTEL_CODE,RIMAGE_PATH) values (7,'3.jpg',1,'KORDAGDH','/resources/img/room/3.jpg');
Insert into EDUC239.TD_ROOM_IMAGE (RIMAGE_IDX,RIMAGE_NAME,ROOM_IDX,HOTEL_CODE,RIMAGE_PATH) values (8,'4.jpg',1,'KORDAGDH','/resources/img/room/4.jpg');
Insert into EDUC239.TD_ROOM_IMAGE (RIMAGE_IDX,RIMAGE_NAME,ROOM_IDX,HOTEL_CODE,RIMAGE_PATH) values (9,'7.jpg',2,'KORDAGDH','/resources/img/room/7.jpg');
Insert into EDUC239.TD_ROOM_IMAGE (RIMAGE_IDX,RIMAGE_NAME,ROOM_IDX,HOTEL_CODE,RIMAGE_PATH) values (10,'8.jpg',2,'KORDAGDH','/resources/img/room/8.jpg');
Insert into EDUC239.TD_ROOM_IMAGE (RIMAGE_IDX,RIMAGE_NAME,ROOM_IDX,HOTEL_CODE,RIMAGE_PATH) values (11,'9.jpg',2,'KORDAGDH','/resources/img/room/9.jpg');
Insert into EDUC239.TD_ROOM_IMAGE (RIMAGE_IDX,RIMAGE_NAME,ROOM_IDX,HOTEL_CODE,RIMAGE_PATH) values (12,'11.jpg',2,'KORDAGDH','/resources/img/room/11.jpg');
Insert into EDUC239.TD_ROOM_IMAGE (RIMAGE_IDX,RIMAGE_NAME,ROOM_IDX,HOTEL_CODE,RIMAGE_PATH) values (13,'1.jpg',2,'KORDAGDH','/resources/img/room/1.jpg');
Insert into EDUC239.TD_ROOM_IMAGE (RIMAGE_IDX,RIMAGE_NAME,ROOM_IDX,HOTEL_CODE,RIMAGE_PATH) values (14,'2.jpg',2,'KORDAGDH','/resources/img/room/2.jpg');
Insert into EDUC239.TD_ROOM_IMAGE (RIMAGE_IDX,RIMAGE_NAME,ROOM_IDX,HOTEL_CODE,RIMAGE_PATH) values (15,'3.jpg',2,'KORDAGDH','/resources/img/room/3.jpg');
Insert into EDUC239.TD_ROOM_IMAGE (RIMAGE_IDX,RIMAGE_NAME,ROOM_IDX,HOTEL_CODE,RIMAGE_PATH) values (16,'4.jpg',2,'KORDAGDH','/resources/img/room/4.jpg');
REM INSERTING into EDUC239.TD_ROOM_INFO
SET DEFINE OFF;
Insert into EDUC239.TD_ROOM_INFO (ROOM_INFO_IDX,ROOM_INFO_DATE,RF_IDX,ROOM_IDX,HOTEL_CODE) values (1,to_date('18/11/11','RR/MM/DD'),1,1,'KORDAGDH');
Insert into EDUC239.TD_ROOM_INFO (ROOM_INFO_IDX,ROOM_INFO_DATE,RF_IDX,ROOM_IDX,HOTEL_CODE) values (2,to_date('18/11/11','RR/MM/DD'),2,1,'KORDAGDH');
Insert into EDUC239.TD_ROOM_INFO (ROOM_INFO_IDX,ROOM_INFO_DATE,RF_IDX,ROOM_IDX,HOTEL_CODE) values (3,to_date('18/11/11','RR/MM/DD'),6,1,'KORDAGDH');
Insert into EDUC239.TD_ROOM_INFO (ROOM_INFO_IDX,ROOM_INFO_DATE,RF_IDX,ROOM_IDX,HOTEL_CODE) values (4,to_date('18/11/11','RR/MM/DD'),4,2,'KORDAGDH');
Insert into EDUC239.TD_ROOM_INFO (ROOM_INFO_IDX,ROOM_INFO_DATE,RF_IDX,ROOM_IDX,HOTEL_CODE) values (5,to_date('18/11/11','RR/MM/DD'),3,2,'KORDAGDH');
Insert into EDUC239.TD_ROOM_INFO (ROOM_INFO_IDX,ROOM_INFO_DATE,RF_IDX,ROOM_IDX,HOTEL_CODE) values (6,to_date('18/11/11','RR/MM/DD'),5,2,'KORDAGDH');
Insert into EDUC239.TD_ROOM_INFO (ROOM_INFO_IDX,ROOM_INFO_DATE,RF_IDX,ROOM_IDX,HOTEL_CODE) values (7,to_date('18/11/11','RR/MM/DD'),1,2,'KORDAGDH');
Insert into EDUC239.TD_ROOM_INFO (ROOM_INFO_IDX,ROOM_INFO_DATE,RF_IDX,ROOM_IDX,HOTEL_CODE) values (8,to_date('18/11/11','RR/MM/DD'),2,2,'KORDAGDH');
Insert into EDUC239.TD_ROOM_INFO (ROOM_INFO_IDX,ROOM_INFO_DATE,RF_IDX,ROOM_IDX,HOTEL_CODE) values (9,to_date('18/11/11','RR/MM/DD'),6,2,'KORDAGDH');
REM INSERTING into EDUC239.TD_SLIDE_IMAGE
SET DEFINE OFF;
REM INSERTING into EDUC239.TEST_TABLE
SET DEFINE OFF;
Insert into EDUC239.TEST_TABLE (ITEM_A,ITEM_B) values ('test','2');
Insert into EDUC239.TEST_TABLE (ITEM_A,ITEM_B) values ('abcd','1');
Insert into EDUC239.TEST_TABLE (ITEM_A,ITEM_B) values ('test','3');
Insert into EDUC239.TEST_TABLE (ITEM_A,ITEM_B) values ('test2','5');
REM INSERTING into EDUC239.TE_ADMIN
SET DEFINE OFF;
Insert into EDUC239.TE_ADMIN (ADMIN_777,ADMIN_ID,ADMIN_PASSWORD,ADMIN_EMAIL,ADMIN_NAME,SESSIONKEY,SESSIONLIMIT) values (1,'user00','user00','1234@gmail.com','이용희','060E261F91E6DDA682C970CA716FFC12','02-JAN-19 03.04.59.519000000 AM');
Insert into EDUC239.TE_ADMIN (ADMIN_777,ADMIN_ID,ADMIN_PASSWORD,ADMIN_EMAIL,ADMIN_NAME,SESSIONKEY,SESSIONLIMIT) values (1,'nny1561','1234','none','노현호',null,null);
REM INSERTING into EDUC239.TE_ASK
SET DEFINE OFF;
Insert into EDUC239.TE_ASK (ASK_NUM,ASK_TITLE,ASK_CONTENTS,ASK_DATE,ASK_ANSWERSTATE,ASK_DIVISION,ASK_ANSWERCONTENT,ASK_ANSDATE,USER_ID,ADMIN_ID) values (1,'첫번째 질문입니다.','첫번째 질문 내용입니다.',to_date('18/09/19','RR/MM/DD'),'1',null,'cccccc',null,'user02','nny1561');
Insert into EDUC239.TE_ASK (ASK_NUM,ASK_TITLE,ASK_CONTENTS,ASK_DATE,ASK_ANSWERSTATE,ASK_DIVISION,ASK_ANSWERCONTENT,ASK_ANSDATE,USER_ID,ADMIN_ID) values (2,'두번째 질문입니다.','두번째 질문 내용입니다.',to_date('18/12/16','RR/MM/DD'),'1',null,'dsacccccdddddddddddddddddd',null,'user02','user00');
REM INSERTING into EDUC239.TE_BARGAIN
SET DEFINE OFF;
REM INSERTING into EDUC239.TE_BUY
SET DEFINE OFF;
REM INSERTING into EDUC239.TE_CATEGORY1
SET DEFINE OFF;
Insert into EDUC239.TE_CATEGORY1 (CATEGORY1_NAME,CATEGORY1_NUM) values ('standardPC',2);
Insert into EDUC239.TE_CATEGORY1 (CATEGORY1_NAME,CATEGORY1_NUM) values ('laptopPC',3);
Insert into EDUC239.TE_CATEGORY1 (CATEGORY1_NAME,CATEGORY1_NUM) values ('AssemblyPC',1);
REM INSERTING into EDUC239.TE_CATEGORY2
SET DEFINE OFF;
Insert into EDUC239.TE_CATEGORY2 (CATEGORY1_NUM,CATEGORY2_NAME,CATEGORY2_NUM) values (1,'메인보드',2);
Insert into EDUC239.TE_CATEGORY2 (CATEGORY1_NUM,CATEGORY2_NAME,CATEGORY2_NUM) values (1,'메모리',3);
Insert into EDUC239.TE_CATEGORY2 (CATEGORY1_NUM,CATEGORY2_NAME,CATEGORY2_NUM) values (1,'그래픽',4);
Insert into EDUC239.TE_CATEGORY2 (CATEGORY1_NUM,CATEGORY2_NAME,CATEGORY2_NUM) values (1,'SSD',5);
Insert into EDUC239.TE_CATEGORY2 (CATEGORY1_NUM,CATEGORY2_NAME,CATEGORY2_NUM) values (1,'하드디스크',6);
Insert into EDUC239.TE_CATEGORY2 (CATEGORY1_NUM,CATEGORY2_NAME,CATEGORY2_NUM) values (1,'ODD',7);
Insert into EDUC239.TE_CATEGORY2 (CATEGORY1_NUM,CATEGORY2_NAME,CATEGORY2_NUM) values (1,'파워',8);
Insert into EDUC239.TE_CATEGORY2 (CATEGORY1_NUM,CATEGORY2_NAME,CATEGORY2_NUM) values (1,'케이스',9);
Insert into EDUC239.TE_CATEGORY2 (CATEGORY1_NUM,CATEGORY2_NAME,CATEGORY2_NUM) values (1,'키보드',10);
Insert into EDUC239.TE_CATEGORY2 (CATEGORY1_NUM,CATEGORY2_NAME,CATEGORY2_NUM) values (1,'마우스',11);
Insert into EDUC239.TE_CATEGORY2 (CATEGORY1_NUM,CATEGORY2_NAME,CATEGORY2_NUM) values (1,'모니터',12);
Insert into EDUC239.TE_CATEGORY2 (CATEGORY1_NUM,CATEGORY2_NAME,CATEGORY2_NUM) values (1,'쿨링/튜너',13);
Insert into EDUC239.TE_CATEGORY2 (CATEGORY1_NUM,CATEGORY2_NAME,CATEGORY2_NUM) values (1,'S/W',14);
Insert into EDUC239.TE_CATEGORY2 (CATEGORY1_NUM,CATEGORY2_NAME,CATEGORY2_NUM) values (2,'게임용',15);
Insert into EDUC239.TE_CATEGORY2 (CATEGORY1_NUM,CATEGORY2_NAME,CATEGORY2_NUM) values (2,'사무용',16);
Insert into EDUC239.TE_CATEGORY2 (CATEGORY1_NUM,CATEGORY2_NAME,CATEGORY2_NUM) values (2,'하이앤드',17);
Insert into EDUC239.TE_CATEGORY2 (CATEGORY1_NUM,CATEGORY2_NAME,CATEGORY2_NUM) values (3,'게임용',18);
Insert into EDUC239.TE_CATEGORY2 (CATEGORY1_NUM,CATEGORY2_NAME,CATEGORY2_NUM) values (3,'사무용',19);
Insert into EDUC239.TE_CATEGORY2 (CATEGORY1_NUM,CATEGORY2_NAME,CATEGORY2_NUM) values (3,'하이앤드',20);
Insert into EDUC239.TE_CATEGORY2 (CATEGORY1_NUM,CATEGORY2_NAME,CATEGORY2_NUM) values (1,'CPU',1);
REM INSERTING into EDUC239.TE_CATEGORY3
SET DEFINE OFF;
Insert into EDUC239.TE_CATEGORY3 (CATEGORY3_NAME,CATEGORY3_NUM,CATEGORY2_NUM) values ('삼성',16,18);
Insert into EDUC239.TE_CATEGORY3 (CATEGORY3_NAME,CATEGORY3_NUM,CATEGORY2_NUM) values ('LG',17,18);
Insert into EDUC239.TE_CATEGORY3 (CATEGORY3_NAME,CATEGORY3_NUM,CATEGORY2_NUM) values ('HP',18,18);
Insert into EDUC239.TE_CATEGORY3 (CATEGORY3_NAME,CATEGORY3_NUM,CATEGORY2_NUM) values ('삼성',19,19);
Insert into EDUC239.TE_CATEGORY3 (CATEGORY3_NAME,CATEGORY3_NUM,CATEGORY2_NUM) values ('LG',20,19);
Insert into EDUC239.TE_CATEGORY3 (CATEGORY3_NAME,CATEGORY3_NUM,CATEGORY2_NUM) values ('HP',21,19);
Insert into EDUC239.TE_CATEGORY3 (CATEGORY3_NAME,CATEGORY3_NUM,CATEGORY2_NUM) values ('삼성',22,20);
Insert into EDUC239.TE_CATEGORY3 (CATEGORY3_NAME,CATEGORY3_NUM,CATEGORY2_NUM) values ('LG',23,20);
Insert into EDUC239.TE_CATEGORY3 (CATEGORY3_NAME,CATEGORY3_NUM,CATEGORY2_NUM) values ('HP',24,20);
Insert into EDUC239.TE_CATEGORY3 (CATEGORY3_NAME,CATEGORY3_NUM,CATEGORY2_NUM) values ('KIMO',87,7);
Insert into EDUC239.TE_CATEGORY3 (CATEGORY3_NAME,CATEGORY3_NUM,CATEGORY2_NUM) values ('타무즈',88,7);
Insert into EDUC239.TE_CATEGORY3 (CATEGORY3_NAME,CATEGORY3_NUM,CATEGORY2_NUM) values ('코닥',89,7);
Insert into EDUC239.TE_CATEGORY3 (CATEGORY3_NAME,CATEGORY3_NUM,CATEGORY2_NUM) values ('퓨전',90,7);
Insert into EDUC239.TE_CATEGORY3 (CATEGORY3_NAME,CATEGORY3_NUM,CATEGORY2_NUM) values ('쿨러마스터',91,8);
Insert into EDUC239.TE_CATEGORY3 (CATEGORY3_NAME,CATEGORY3_NUM,CATEGORY2_NUM) values ('SuperFlower',92,8);
Insert into EDUC239.TE_CATEGORY3 (CATEGORY3_NAME,CATEGORY3_NUM,CATEGORY2_NUM) values ('잘만',93,8);
Insert into EDUC239.TE_CATEGORY3 (CATEGORY3_NAME,CATEGORY3_NUM,CATEGORY2_NUM) values ('스카이디지탈',94,8);
Insert into EDUC239.TE_CATEGORY3 (CATEGORY3_NAME,CATEGORY3_NUM,CATEGORY2_NUM) values ('Antec',95,8);
Insert into EDUC239.TE_CATEGORY3 (CATEGORY3_NAME,CATEGORY3_NUM,CATEGORY2_NUM) values ('FSP',96,8);
Insert into EDUC239.TE_CATEGORY3 (CATEGORY3_NAME,CATEGORY3_NUM,CATEGORY2_NUM) values ('마이크로닉스',97,8);
Insert into EDUC239.TE_CATEGORY3 (CATEGORY3_NAME,CATEGORY3_NUM,CATEGORY2_NUM) values ('topower',98,8);
Insert into EDUC239.TE_CATEGORY3 (CATEGORY3_NAME,CATEGORY3_NUM,CATEGORY2_NUM) values ('+PLUS',99,8);
Insert into EDUC239.TE_CATEGORY3 (CATEGORY3_NAME,CATEGORY3_NUM,CATEGORY2_NUM) values ('180도',100,8);
Insert into EDUC239.TE_CATEGORY3 (CATEGORY3_NAME,CATEGORY3_NUM,CATEGORY2_NUM) values ('2MONS',101,8);
Insert into EDUC239.TE_CATEGORY3 (CATEGORY3_NAME,CATEGORY3_NUM,CATEGORY2_NUM) values ('ABKO',102,8);
Insert into EDUC239.TE_CATEGORY3 (CATEGORY3_NAME,CATEGORY3_NUM,CATEGORY2_NUM) values ('CORSAIR',103,8);
Insert into EDUC239.TE_CATEGORY3 (CATEGORY3_NAME,CATEGORY3_NUM,CATEGORY2_NUM) values ('COUGAR',104,8);
Insert into EDUC239.TE_CATEGORY3 (CATEGORY3_NAME,CATEGORY3_NUM,CATEGORY2_NUM) values ('CSB',105,8);
Insert into EDUC239.TE_CATEGORY3 (CATEGORY3_NAME,CATEGORY3_NUM,CATEGORY2_NUM) values ('EATON',106,8);
Insert into EDUC239.TE_CATEGORY3 (CATEGORY3_NAME,CATEGORY3_NUM,CATEGORY2_NUM) values ('EVGA',107,8);
Insert into EDUC239.TE_CATEGORY3 (CATEGORY3_NAME,CATEGORY3_NUM,CATEGORY2_NUM) values ('Emerson',108,8);
Insert into EDUC239.TE_CATEGORY3 (CATEGORY3_NAME,CATEGORY3_NUM,CATEGORY2_NUM) values ('Enermnax',109,8);
Insert into EDUC239.TE_CATEGORY3 (CATEGORY3_NAME,CATEGORY3_NUM,CATEGORY2_NUM) values ('Enhance',110,8);
Insert into EDUC239.TE_CATEGORY3 (CATEGORY3_NAME,CATEGORY3_NUM,CATEGORY2_NUM) values ('GIGABYTE',111,8);
Insert into EDUC239.TE_CATEGORY3 (CATEGORY3_NAME,CATEGORY3_NUM,CATEGORY2_NUM) values ('GMC',112,8);
Insert into EDUC239.TE_CATEGORY3 (CATEGORY3_NAME,CATEGORY3_NUM,CATEGORY2_NUM) values ('GSI',113,8);
Insert into EDUC239.TE_CATEGORY3 (CATEGORY3_NAME,CATEGORY3_NUM,CATEGORY2_NUM) values ('개풍전자',114,8);
Insert into EDUC239.TE_CATEGORY3 (CATEGORY3_NAME,CATEGORY3_NUM,CATEGORY2_NUM) values ('뉴젠테크',115,8);
Insert into EDUC239.TE_CATEGORY3 (CATEGORY3_NAME,CATEGORY3_NUM,CATEGORY2_NUM) values ('다오테크',116,8);
Insert into EDUC239.TE_CATEGORY3 (CATEGORY3_NAME,CATEGORY3_NUM,CATEGORY2_NUM) values ('대왕케이스',117,8);
Insert into EDUC239.TE_CATEGORY3 (CATEGORY3_NAME,CATEGORY3_NUM,CATEGORY2_NUM) values ('대양코퍼레이션',118,8);
Insert into EDUC239.TE_CATEGORY3 (CATEGORY3_NAME,CATEGORY3_NUM,CATEGORY2_NUM) values ('델타',119,8);
Insert into EDUC239.TE_CATEGORY3 (CATEGORY3_NAME,CATEGORY3_NUM,CATEGORY2_NUM) values ('디지털하우스',120,8);
Insert into EDUC239.TE_CATEGORY3 (CATEGORY3_NAME,CATEGORY3_NUM,CATEGORY2_NUM) values ('에이엠컴',121,8);
Insert into EDUC239.TE_CATEGORY3 (CATEGORY3_NAME,CATEGORY3_NUM,CATEGORY2_NUM) values ('에즈원아이피씨',122,8);
Insert into EDUC239.TE_CATEGORY3 (CATEGORY3_NAME,CATEGORY3_NUM,CATEGORY2_NUM) values ('에피테크',123,8);
Insert into EDUC239.TE_CATEGORY3 (CATEGORY3_NAME,CATEGORY3_NUM,CATEGORY2_NUM) values ('엔비케이텍',124,8);
Insert into EDUC239.TE_CATEGORY3 (CATEGORY3_NAME,CATEGORY3_NUM,CATEGORY2_NUM) values ('엔씨파워텍',125,8);
Insert into EDUC239.TE_CATEGORY3 (CATEGORY3_NAME,CATEGORY3_NUM,CATEGORY2_NUM) values ('오존컴퍼니',126,8);
Insert into EDUC239.TE_CATEGORY3 (CATEGORY3_NAME,CATEGORY3_NUM,CATEGORY2_NUM) values ('쿨러마스터',127,9);
Insert into EDUC239.TE_CATEGORY3 (CATEGORY3_NAME,CATEGORY3_NUM,CATEGORY2_NUM) values ('ABKO',128,9);
Insert into EDUC239.TE_CATEGORY3 (CATEGORY3_NAME,CATEGORY3_NUM,CATEGORY2_NUM) values ('마이크로닉스',129,9);
Insert into EDUC239.TE_CATEGORY3 (CATEGORY3_NAME,CATEGORY3_NUM,CATEGORY2_NUM) values ('COX',130,9);
Insert into EDUC239.TE_CATEGORY3 (CATEGORY3_NAME,CATEGORY3_NUM,CATEGORY2_NUM) values ('BRAVOTEC',131,9);
Insert into EDUC239.TE_CATEGORY3 (CATEGORY3_NAME,CATEGORY3_NUM,CATEGORY2_NUM) values ('엠제이테크놀로지',132,9);
Insert into EDUC239.TE_CATEGORY3 (CATEGORY3_NAME,CATEGORY3_NUM,CATEGORY2_NUM) values ('잘만',133,9);
Insert into EDUC239.TE_CATEGORY3 (CATEGORY3_NAME,CATEGORY3_NUM,CATEGORY2_NUM) values ('CORSAIR',134,9);
Insert into EDUC239.TE_CATEGORY3 (CATEGORY3_NAME,CATEGORY3_NUM,CATEGORY2_NUM) values ('180도',135,9);
Insert into EDUC239.TE_CATEGORY3 (CATEGORY3_NAME,CATEGORY3_NUM,CATEGORY2_NUM) values ('1stHANYANG',136,9);
Insert into EDUC239.TE_CATEGORY3 (CATEGORY3_NAME,CATEGORY3_NUM,CATEGORY2_NUM) values ('2MONS',137,9);
Insert into EDUC239.TE_CATEGORY3 (CATEGORY3_NAME,CATEGORY3_NUM,CATEGORY2_NUM) values ('3RSYS',138,9);
Insert into EDUC239.TE_CATEGORY3 (CATEGORY3_NAME,CATEGORY3_NUM,CATEGORY2_NUM) values ('AEROCOOL',139,9);
Insert into EDUC239.TE_CATEGORY3 (CATEGORY3_NAME,CATEGORY3_NUM,CATEGORY2_NUM) values ('AMAQUEST',140,9);
Insert into EDUC239.TE_CATEGORY3 (CATEGORY3_NAME,CATEGORY3_NUM,CATEGORY2_NUM) values ('ANIX',141,9);
Insert into EDUC239.TE_CATEGORY3 (CATEGORY3_NAME,CATEGORY3_NUM,CATEGORY2_NUM) values ('AONE',142,9);
Insert into EDUC239.TE_CATEGORY3 (CATEGORY3_NAME,CATEGORY3_NUM,CATEGORY2_NUM) values ('거인전자',143,9);
Insert into EDUC239.TE_CATEGORY3 (CATEGORY3_NAME,CATEGORY3_NUM,CATEGORY2_NUM) values ('대양케이스',144,9);
Insert into EDUC239.TE_CATEGORY3 (CATEGORY3_NAME,CATEGORY3_NUM,CATEGORY2_NUM) values ('다얼유',145,9);
Insert into EDUC239.TE_CATEGORY3 (CATEGORY3_NAME,CATEGORY3_NUM,CATEGORY2_NUM) values ('디지탈그리고나',146,9);
Insert into EDUC239.TE_CATEGORY3 (CATEGORY3_NAME,CATEGORY3_NUM,CATEGORY2_NUM) values ('디지털홍일',147,9);
Insert into EDUC239.TE_CATEGORY3 (CATEGORY3_NAME,CATEGORY3_NUM,CATEGORY2_NUM) values ('라이트컴',148,9);
Insert into EDUC239.TE_CATEGORY3 (CATEGORY3_NAME,CATEGORY3_NUM,CATEGORY2_NUM) values ('리안리',149,9);
Insert into EDUC239.TE_CATEGORY3 (CATEGORY3_NAME,CATEGORY3_NUM,CATEGORY2_NUM) values ('매니악',150,9);
Insert into EDUC239.TE_CATEGORY3 (CATEGORY3_NAME,CATEGORY3_NUM,CATEGORY2_NUM) values ('맥스엘리트',151,9);
Insert into EDUC239.TE_CATEGORY3 (CATEGORY3_NAME,CATEGORY3_NUM,CATEGORY2_NUM) values ('명인일렉트로닉스',152,9);
Insert into EDUC239.TE_CATEGORY3 (CATEGORY3_NAME,CATEGORY3_NUM,CATEGORY2_NUM) values ('모드컴',153,9);
Insert into EDUC239.TE_CATEGORY3 (CATEGORY3_NAME,CATEGORY3_NUM,CATEGORY2_NUM) values ('선경씨앤씨',154,9);
Insert into EDUC239.TE_CATEGORY3 (CATEGORY3_NAME,CATEGORY3_NUM,CATEGORY2_NUM) values ('씨엠코포레이션',155,9);
Insert into EDUC239.TE_CATEGORY3 (CATEGORY3_NAME,CATEGORY3_NUM,CATEGORY2_NUM) values ('아이구즈',156,9);
Insert into EDUC239.TE_CATEGORY3 (CATEGORY3_NAME,CATEGORY3_NUM,CATEGORY2_NUM) values ('아이코다',157,9);
Insert into EDUC239.TE_CATEGORY3 (CATEGORY3_NAME,CATEGORY3_NUM,CATEGORY2_NUM) values ('아이폴코리아',158,9);
Insert into EDUC239.TE_CATEGORY3 (CATEGORY3_NAME,CATEGORY3_NUM,CATEGORY2_NUM) values ('알피티랜드',159,9);
Insert into EDUC239.TE_CATEGORY3 (CATEGORY3_NAME,CATEGORY3_NUM,CATEGORY2_NUM) values ('엑슬비젼',160,9);
Insert into EDUC239.TE_CATEGORY3 (CATEGORY3_NAME,CATEGORY3_NUM,CATEGORY2_NUM) values ('오존컴퍼니',161,9);
Insert into EDUC239.TE_CATEGORY3 (CATEGORY3_NAME,CATEGORY3_NUM,CATEGORY2_NUM) values ('월드컴퓨터산업',162,9);
Insert into EDUC239.TE_CATEGORY3 (CATEGORY3_NAME,CATEGORY3_NUM,CATEGORY2_NUM) values ('유한하이테크',163,9);
Insert into EDUC239.TE_CATEGORY3 (CATEGORY3_NAME,CATEGORY3_NUM,CATEGORY2_NUM) values ('제넥스',164,9);
Insert into EDUC239.TE_CATEGORY3 (CATEGORY3_NAME,CATEGORY3_NUM,CATEGORY2_NUM) values ('컴퓨터광장',165,9);
Insert into EDUC239.TE_CATEGORY3 (CATEGORY3_NAME,CATEGORY3_NUM,CATEGORY2_NUM) values ('투렉스',166,9);
Insert into EDUC239.TE_CATEGORY3 (CATEGORY3_NAME,CATEGORY3_NUM,CATEGORY2_NUM) values ('케이스포유',167,9);
Insert into EDUC239.TE_CATEGORY3 (CATEGORY3_NAME,CATEGORY3_NUM,CATEGORY2_NUM) values ('AION',168,10);
Insert into EDUC239.TE_CATEGORY3 (CATEGORY3_NAME,CATEGORY3_NUM,CATEGORY2_NUM) values ('APPLE',169,10);
Insert into EDUC239.TE_CATEGORY3 (CATEGORY3_NAME,CATEGORY3_NUM,CATEGORY2_NUM) values ('ASUS',170,10);
Insert into EDUC239.TE_CATEGORY3 (CATEGORY3_NAME,CATEGORY3_NUM,CATEGORY2_NUM) values ('BEFINE',171,10);
Insert into EDUC239.TE_CATEGORY3 (CATEGORY3_NAME,CATEGORY3_NUM,CATEGORY2_NUM) values ('BTC-Secu',172,10);
Insert into EDUC239.TE_CATEGORY3 (CATEGORY3_NAME,CATEGORY3_NUM,CATEGORY2_NUM) values ('Britz',173,10);
Insert into EDUC239.TE_CATEGORY3 (CATEGORY3_NAME,CATEGORY3_NUM,CATEGORY2_NUM) values ('COX',174,10);
Insert into EDUC239.TE_CATEGORY3 (CATEGORY3_NAME,CATEGORY3_NUM,CATEGORY2_NUM) values ('CORSAIR',175,10);
Insert into EDUC239.TE_CATEGORY3 (CATEGORY3_NAME,CATEGORY3_NUM,CATEGORY2_NUM) values ('Microsoft',176,10);
Insert into EDUC239.TE_CATEGORY3 (CATEGORY3_NAME,CATEGORY3_NUM,CATEGORY2_NUM) values ('마이크로닉스',177,10);
Insert into EDUC239.TE_CATEGORY3 (CATEGORY3_NAME,CATEGORY3_NUM,CATEGORY2_NUM) values ('로지텍',178,10);
Insert into EDUC239.TE_CATEGORY3 (CATEGORY3_NAME,CATEGORY3_NUM,CATEGORY2_NUM) values ('제닉스',179,10);
Insert into EDUC239.TE_CATEGORY3 (CATEGORY3_NAME,CATEGORY3_NUM,CATEGORY2_NUM) values ('스카이디지탈',180,10);
Insert into EDUC239.TE_CATEGORY3 (CATEGORY3_NAME,CATEGORY3_NUM,CATEGORY2_NUM) values ('ABKO',181,11);
Insert into EDUC239.TE_CATEGORY3 (CATEGORY3_NAME,CATEGORY3_NUM,CATEGORY2_NUM) values ('COX',182,11);
Insert into EDUC239.TE_CATEGORY3 (CATEGORY3_NAME,CATEGORY3_NUM,CATEGORY2_NUM) values ('CORSAIR',183,11);
Insert into EDUC239.TE_CATEGORY3 (CATEGORY3_NAME,CATEGORY3_NUM,CATEGORY2_NUM) values ('Microsoft',184,11);
Insert into EDUC239.TE_CATEGORY3 (CATEGORY3_NAME,CATEGORY3_NUM,CATEGORY2_NUM) values ('MAXTILL',185,11);
Insert into EDUC239.TE_CATEGORY3 (CATEGORY3_NAME,CATEGORY3_NUM,CATEGORY2_NUM) values ('Razer',186,11);
Insert into EDUC239.TE_CATEGORY3 (CATEGORY3_NAME,CATEGORY3_NUM,CATEGORY2_NUM) values ('래안텍',187,12);
Insert into EDUC239.TE_CATEGORY3 (CATEGORY3_NAME,CATEGORY3_NUM,CATEGORY2_NUM) values ('한성컴퓨터',188,12);
Insert into EDUC239.TE_CATEGORY3 (CATEGORY3_NAME,CATEGORY3_NUM,CATEGORY2_NUM) values ('뷰소닉',189,12);
Insert into EDUC239.TE_CATEGORY3 (CATEGORY3_NAME,CATEGORY3_NUM,CATEGORY2_NUM) values ('LG전자',190,12);
Insert into EDUC239.TE_CATEGORY3 (CATEGORY3_NAME,CATEGORY3_NUM,CATEGORY2_NUM) values ('알파스캔',191,12);
Insert into EDUC239.TE_CATEGORY3 (CATEGORY3_NAME,CATEGORY3_NUM,CATEGORY2_NUM) values ('제이씨현',192,12);
Insert into EDUC239.TE_CATEGORY3 (CATEGORY3_NAME,CATEGORY3_NUM,CATEGORY2_NUM) values ('필립스',193,12);
Insert into EDUC239.TE_CATEGORY3 (CATEGORY3_NAME,CATEGORY3_NUM,CATEGORY2_NUM) values ('BenQ',194,12);
Insert into EDUC239.TE_CATEGORY3 (CATEGORY3_NAME,CATEGORY3_NUM,CATEGORY2_NUM) values ('쿨러마스터',195,13);
Insert into EDUC239.TE_CATEGORY3 (CATEGORY3_NAME,CATEGORY3_NUM,CATEGORY2_NUM) values ('DEEPCOOL',196,13);
Insert into EDUC239.TE_CATEGORY3 (CATEGORY3_NAME,CATEGORY3_NUM,CATEGORY2_NUM) values ('Antec',197,13);
Insert into EDUC239.TE_CATEGORY3 (CATEGORY3_NAME,CATEGORY3_NUM,CATEGORY2_NUM) values ('잘만',198,13);
Insert into EDUC239.TE_CATEGORY3 (CATEGORY3_NAME,CATEGORY3_NUM,CATEGORY2_NUM) values ('JONSBO',199,13);
Insert into EDUC239.TE_CATEGORY3 (CATEGORY3_NAME,CATEGORY3_NUM,CATEGORY2_NUM) values ('써모랩',200,13);
Insert into EDUC239.TE_CATEGORY3 (CATEGORY3_NAME,CATEGORY3_NUM,CATEGORY2_NUM) values ('CORSAIR',201,13);
Insert into EDUC239.TE_CATEGORY3 (CATEGORY3_NAME,CATEGORY3_NUM,CATEGORY2_NUM) values ('NZXT',202,13);
Insert into EDUC239.TE_CATEGORY3 (CATEGORY3_NAME,CATEGORY3_NUM,CATEGORY2_NUM) values ('BYKSKI',203,13);
Insert into EDUC239.TE_CATEGORY3 (CATEGORY3_NAME,CATEGORY3_NUM,CATEGORY2_NUM) values ('NOCTUA',204,13);
Insert into EDUC239.TE_CATEGORY3 (CATEGORY3_NAME,CATEGORY3_NUM,CATEGORY2_NUM) values ('EVGA',205,13);
Insert into EDUC239.TE_CATEGORY3 (CATEGORY3_NAME,CATEGORY3_NUM,CATEGORY2_NUM) values ('Microsoft',206,14);
Insert into EDUC239.TE_CATEGORY3 (CATEGORY3_NAME,CATEGORY3_NUM,CATEGORY2_NUM) values ('한글과컴퓨터',207,14);
Insert into EDUC239.TE_CATEGORY3 (CATEGORY3_NAME,CATEGORY3_NUM,CATEGORY2_NUM) values ('맥아피',208,14);
Insert into EDUC239.TE_CATEGORY3 (CATEGORY3_NAME,CATEGORY3_NUM,CATEGORY2_NUM) values ('오토데스크',209,14);
Insert into EDUC239.TE_CATEGORY3 (CATEGORY3_NAME,CATEGORY3_NUM,CATEGORY2_NUM) values ('Adobe',210,14);
Insert into EDUC239.TE_CATEGORY3 (CATEGORY3_NAME,CATEGORY3_NUM,CATEGORY2_NUM) values ('삼성전자',5,3);
Insert into EDUC239.TE_CATEGORY3 (CATEGORY3_NAME,CATEGORY3_NUM,CATEGORY2_NUM) values ('G.SKILL',6,3);
Insert into EDUC239.TE_CATEGORY3 (CATEGORY3_NAME,CATEGORY3_NUM,CATEGORY2_NUM) values ('GIGABYTE',25,2);
Insert into EDUC239.TE_CATEGORY3 (CATEGORY3_NAME,CATEGORY3_NUM,CATEGORY2_NUM) values ('ECS',26,2);
Insert into EDUC239.TE_CATEGORY3 (CATEGORY3_NAME,CATEGORY3_NUM,CATEGORY2_NUM) values ('MSI',27,2);
Insert into EDUC239.TE_CATEGORY3 (CATEGORY3_NAME,CATEGORY3_NUM,CATEGORY2_NUM) values ('AFOX',28,2);
Insert into EDUC239.TE_CATEGORY3 (CATEGORY3_NAME,CATEGORY3_NUM,CATEGORY2_NUM) values ('NVIDA',29,2);
Insert into EDUC239.TE_CATEGORY3 (CATEGORY3_NAME,CATEGORY3_NUM,CATEGORY2_NUM) values ('RaspberryPi',30,2);
Insert into EDUC239.TE_CATEGORY3 (CATEGORY3_NAME,CATEGORY3_NUM,CATEGORY2_NUM) values ('인텔',31,2);
Insert into EDUC239.TE_CATEGORY3 (CATEGORY3_NAME,CATEGORY3_NUM,CATEGORY2_NUM) values ('온다',32,2);
Insert into EDUC239.TE_CATEGORY3 (CATEGORY3_NAME,CATEGORY3_NUM,CATEGORY2_NUM) values ('이엠텍',33,2);
Insert into EDUC239.TE_CATEGORY3 (CATEGORY3_NAME,CATEGORY3_NUM,CATEGORY2_NUM) values ('실리콘파워',34,3);
Insert into EDUC239.TE_CATEGORY3 (CATEGORY3_NAME,CATEGORY3_NUM,CATEGORY2_NUM) values ('GIGABYTE',35,3);
Insert into EDUC239.TE_CATEGORY3 (CATEGORY3_NAME,CATEGORY3_NUM,CATEGORY2_NUM) values ('GelL',36,3);
Insert into EDUC239.TE_CATEGORY3 (CATEGORY3_NAME,CATEGORY3_NUM,CATEGORY2_NUM) values ('ASRock',37,4);
Insert into EDUC239.TE_CATEGORY3 (CATEGORY3_NAME,CATEGORY3_NUM,CATEGORY2_NUM) values ('ASUS',38,4);
Insert into EDUC239.TE_CATEGORY3 (CATEGORY3_NAME,CATEGORY3_NUM,CATEGORY2_NUM) values ('GIGABYTE',39,4);
Insert into EDUC239.TE_CATEGORY3 (CATEGORY3_NAME,CATEGORY3_NUM,CATEGORY2_NUM) values ('AMD',40,4);
Insert into EDUC239.TE_CATEGORY3 (CATEGORY3_NAME,CATEGORY3_NUM,CATEGORY2_NUM) values ('NVIDIA',41,4);
Insert into EDUC239.TE_CATEGORY3 (CATEGORY3_NAME,CATEGORY3_NUM,CATEGORY2_NUM) values ('GeIL',42,4);
Insert into EDUC239.TE_CATEGORY3 (CATEGORY3_NAME,CATEGORY3_NUM,CATEGORY2_NUM) values ('갤럭시',43,4);
Insert into EDUC239.TE_CATEGORY3 (CATEGORY3_NAME,CATEGORY3_NUM,CATEGORY2_NUM) values ('엠탑코리아',44,4);
Insert into EDUC239.TE_CATEGORY3 (CATEGORY3_NAME,CATEGORY3_NUM,CATEGORY2_NUM) values ('한성컴퓨터',45,4);
Insert into EDUC239.TE_CATEGORY3 (CATEGORY3_NAME,CATEGORY3_NUM,CATEGORY2_NUM) values ('세컨드찬스',46,4);
Insert into EDUC239.TE_CATEGORY3 (CATEGORY3_NAME,CATEGORY3_NUM,CATEGORY2_NUM) values ('삼성전자',47,5);
Insert into EDUC239.TE_CATEGORY3 (CATEGORY3_NAME,CATEGORY3_NUM,CATEGORY2_NUM) values ('마이크론',48,5);
Insert into EDUC239.TE_CATEGORY3 (CATEGORY3_NAME,CATEGORY3_NUM,CATEGORY2_NUM) values ('ADATA',49,5);
Insert into EDUC239.TE_CATEGORY3 (CATEGORY3_NAME,CATEGORY3_NUM,CATEGORY2_NUM) values ('Sandisk',50,5);
Insert into EDUC239.TE_CATEGORY3 (CATEGORY3_NAME,CATEGORY3_NUM,CATEGORY2_NUM) values ('ACPI',51,5);
Insert into EDUC239.TE_CATEGORY3 (CATEGORY3_NAME,CATEGORY3_NUM,CATEGORY2_NUM) values ('WesternDigital',52,5);
Insert into EDUC239.TE_CATEGORY3 (CATEGORY3_NAME,CATEGORY3_NUM,CATEGORY2_NUM) values ('Seagate',53,5);
Insert into EDUC239.TE_CATEGORY3 (CATEGORY3_NAME,CATEGORY3_NUM,CATEGORY2_NUM) values ('킹스톤',54,5);
Insert into EDUC239.TE_CATEGORY3 (CATEGORY3_NAME,CATEGORY3_NUM,CATEGORY2_NUM) values ('타무즈',55,5);
Insert into EDUC239.TE_CATEGORY3 (CATEGORY3_NAME,CATEGORY3_NUM,CATEGORY2_NUM) values ('실리콘파워',56,5);
Insert into EDUC239.TE_CATEGORY3 (CATEGORY3_NAME,CATEGORY3_NUM,CATEGORY2_NUM) values ('CENTURY',57,6);
Insert into EDUC239.TE_CATEGORY3 (CATEGORY3_NAME,CATEGORY3_NUM,CATEGORY2_NUM) values ('Fujitsu',58,6);
Insert into EDUC239.TE_CATEGORY3 (CATEGORY3_NAME,CATEGORY3_NUM,CATEGORY2_NUM) values ('HGST',59,6);
Insert into EDUC239.TE_CATEGORY3 (CATEGORY3_NAME,CATEGORY3_NUM,CATEGORY2_NUM) values ('HP',60,6);
Insert into EDUC239.TE_CATEGORY3 (CATEGORY3_NAME,CATEGORY3_NUM,CATEGORY2_NUM) values ('IBM',61,6);
Insert into EDUC239.TE_CATEGORY3 (CATEGORY3_NAME,CATEGORY3_NUM,CATEGORY2_NUM) values ('ISG',62,6);
Insert into EDUC239.TE_CATEGORY3 (CATEGORY3_NAME,CATEGORY3_NUM,CATEGORY2_NUM) values ('MARSHAL',63,6);
Insert into EDUC239.TE_CATEGORY3 (CATEGORY3_NAME,CATEGORY3_NUM,CATEGORY2_NUM) values ('Seagate',64,6);
Insert into EDUC239.TE_CATEGORY3 (CATEGORY3_NAME,CATEGORY3_NUM,CATEGORY2_NUM) values ('Sebap',65,6);
Insert into EDUC239.TE_CATEGORY3 (CATEGORY3_NAME,CATEGORY3_NUM,CATEGORY2_NUM) values ('Toshiba',66,6);
Insert into EDUC239.TE_CATEGORY3 (CATEGORY3_NAME,CATEGORY3_NUM,CATEGORY2_NUM) values ('WesternDigital',67,6);
Insert into EDUC239.TE_CATEGORY3 (CATEGORY3_NAME,CATEGORY3_NUM,CATEGORY2_NUM) values ('디지털존',68,6);
Insert into EDUC239.TE_CATEGORY3 (CATEGORY3_NAME,CATEGORY3_NUM,CATEGORY2_NUM) values ('라이트컴',69,6);
Insert into EDUC239.TE_CATEGORY3 (CATEGORY3_NAME,CATEGORY3_NUM,CATEGORY2_NUM) values ('레버노',70,6);
Insert into EDUC239.TE_CATEGORY3 (CATEGORY3_NAME,CATEGORY3_NUM,CATEGORY2_NUM) values ('삼성전자',71,6);
Insert into EDUC239.TE_CATEGORY3 (CATEGORY3_NAME,CATEGORY3_NUM,CATEGORY2_NUM) values ('크로바하이텍',72,6);
Insert into EDUC239.TE_CATEGORY3 (CATEGORY3_NAME,CATEGORY3_NUM,CATEGORY2_NUM) values ('한국캐드컴',73,6);
Insert into EDUC239.TE_CATEGORY3 (CATEGORY3_NAME,CATEGORY3_NUM,CATEGORY2_NUM) values ('Hitachi',74,6);
Insert into EDUC239.TE_CATEGORY3 (CATEGORY3_NAME,CATEGORY3_NUM,CATEGORY2_NUM) values ('삼성전자',75,7);
Insert into EDUC239.TE_CATEGORY3 (CATEGORY3_NAME,CATEGORY3_NUM,CATEGORY2_NUM) values ('LG전자',76,7);
Insert into EDUC239.TE_CATEGORY3 (CATEGORY3_NAME,CATEGORY3_NUM,CATEGORY2_NUM) values ('ASUS',77,7);
Insert into EDUC239.TE_CATEGORY3 (CATEGORY3_NAME,CATEGORY3_NUM,CATEGORY2_NUM) values ('노트킹',78,7);
Insert into EDUC239.TE_CATEGORY3 (CATEGORY3_NAME,CATEGORY3_NUM,CATEGORY2_NUM) values ('Life-On',79,7);
Insert into EDUC239.TE_CATEGORY3 (CATEGORY3_NAME,CATEGORY3_NUM,CATEGORY2_NUM) values ('APPLE',80,7);
Insert into EDUC239.TE_CATEGORY3 (CATEGORY3_NAME,CATEGORY3_NUM,CATEGORY2_NUM) values ('AVEC',81,7);
Insert into EDUC239.TE_CATEGORY3 (CATEGORY3_NAME,CATEGORY3_NUM,CATEGORY2_NUM) values ('Actto',82,7);
Insert into EDUC239.TE_CATEGORY3 (CATEGORY3_NAME,CATEGORY3_NUM,CATEGORY2_NUM) values ('Aidata',83,7);
Insert into EDUC239.TE_CATEGORY3 (CATEGORY3_NAME,CATEGORY3_NUM,CATEGORY2_NUM) values ('EFM',84,7);
Insert into EDUC239.TE_CATEGORY3 (CATEGORY3_NAME,CATEGORY3_NUM,CATEGORY2_NUM) values ('HLDS',85,7);
Insert into EDUC239.TE_CATEGORY3 (CATEGORY3_NAME,CATEGORY3_NUM,CATEGORY2_NUM) values ('HP',86,7);
Insert into EDUC239.TE_CATEGORY3 (CATEGORY3_NAME,CATEGORY3_NUM,CATEGORY2_NUM) values ('MSI',211,4);
Insert into EDUC239.TE_CATEGORY3 (CATEGORY3_NAME,CATEGORY3_NUM,CATEGORY2_NUM) values ('삼성',7,15);
Insert into EDUC239.TE_CATEGORY3 (CATEGORY3_NAME,CATEGORY3_NUM,CATEGORY2_NUM) values ('LG',8,15);
Insert into EDUC239.TE_CATEGORY3 (CATEGORY3_NAME,CATEGORY3_NUM,CATEGORY2_NUM) values ('HP',9,15);
Insert into EDUC239.TE_CATEGORY3 (CATEGORY3_NAME,CATEGORY3_NUM,CATEGORY2_NUM) values ('HP',12,16);
Insert into EDUC239.TE_CATEGORY3 (CATEGORY3_NAME,CATEGORY3_NUM,CATEGORY2_NUM) values ('삼성',10,16);
Insert into EDUC239.TE_CATEGORY3 (CATEGORY3_NAME,CATEGORY3_NUM,CATEGORY2_NUM) values ('LG',11,16);
Insert into EDUC239.TE_CATEGORY3 (CATEGORY3_NAME,CATEGORY3_NUM,CATEGORY2_NUM) values ('삼성',13,17);
Insert into EDUC239.TE_CATEGORY3 (CATEGORY3_NAME,CATEGORY3_NUM,CATEGORY2_NUM) values ('LG',14,17);
Insert into EDUC239.TE_CATEGORY3 (CATEGORY3_NAME,CATEGORY3_NUM,CATEGORY2_NUM) values ('HP',15,17);
Insert into EDUC239.TE_CATEGORY3 (CATEGORY3_NAME,CATEGORY3_NUM,CATEGORY2_NUM) values ('인텔',1,1);
Insert into EDUC239.TE_CATEGORY3 (CATEGORY3_NAME,CATEGORY3_NUM,CATEGORY2_NUM) values ('AMD',2,1);
Insert into EDUC239.TE_CATEGORY3 (CATEGORY3_NAME,CATEGORY3_NUM,CATEGORY2_NUM) values ('ASRock',3,2);
Insert into EDUC239.TE_CATEGORY3 (CATEGORY3_NAME,CATEGORY3_NUM,CATEGORY2_NUM) values ('ASUS',4,2);
REM INSERTING into EDUC239.TE_EVENT
SET DEFINE OFF;
Insert into EDUC239.TE_EVENT (EVENT_NUM,EVENT_DATE,EVENT_PROCESS,EVENT_URL,EVENT_CATAGORY,ADMIN_ID) values (2,to_date('18/12/05','RR/MM/DD'),'2','/resources/front/images/d6845e20-4eec-4db3-9534-34610db05f44_nong.jpg','2','user00');
Insert into EDUC239.TE_EVENT (EVENT_NUM,EVENT_DATE,EVENT_PROCESS,EVENT_URL,EVENT_CATAGORY,ADMIN_ID) values (3,to_date('18/12/05','RR/MM/DD'),'3','/resources/front/images/appco.jpg','3','user00');
Insert into EDUC239.TE_EVENT (EVENT_NUM,EVENT_DATE,EVENT_PROCESS,EVENT_URL,EVENT_CATAGORY,ADMIN_ID) values (4,to_date('18/12/05','RR/MM/DD'),'4','/resources/front/images/master.jpg','4','user00');
Insert into EDUC239.TE_EVENT (EVENT_NUM,EVENT_DATE,EVENT_PROCESS,EVENT_URL,EVENT_CATAGORY,ADMIN_ID) values (5,to_date('18/12/05','RR/MM/DD'),'5','/resources/front/images/asrock.jpg','5','user00');
Insert into EDUC239.TE_EVENT (EVENT_NUM,EVENT_DATE,EVENT_PROCESS,EVENT_URL,EVENT_CATAGORY,ADMIN_ID) values (6,to_date('18/12/05','RR/MM/DD'),'6','/resources/front/images/photo.jpg','6','user00');
Insert into EDUC239.TE_EVENT (EVENT_NUM,EVENT_DATE,EVENT_PROCESS,EVENT_URL,EVENT_CATAGORY,ADMIN_ID) values (1,to_date('18/12/05','RR/MM/DD'),'1','/resources/front/images/83e390f7-a510-4067-9269-34618b415ef3_MSI.jpg','1','user00');
REM INSERTING into EDUC239.TE_EVENTIMG
SET DEFINE OFF;
Insert into EDUC239.TE_EVENTIMG (EVENT_NUM,EVENTIMG_NUM,EVENTIMG_PATH,EVENTIMG_NAME) values (2,2,'/resources/front/images/nong1.jpg','2번 이미지');
Insert into EDUC239.TE_EVENTIMG (EVENT_NUM,EVENTIMG_NUM,EVENTIMG_PATH,EVENTIMG_NAME) values (3,3,'/resources/front/images/appco1.jpg','3번 이미지');
Insert into EDUC239.TE_EVENTIMG (EVENT_NUM,EVENTIMG_NUM,EVENTIMG_PATH,EVENTIMG_NAME) values (4,4,'/resources/front/images/master1.jpg','4번 이미지');
Insert into EDUC239.TE_EVENTIMG (EVENT_NUM,EVENTIMG_NUM,EVENTIMG_PATH,EVENTIMG_NAME) values (5,5,'/resources/front/images/asrock1.jpg','5번 이미지');
Insert into EDUC239.TE_EVENTIMG (EVENT_NUM,EVENTIMG_NUM,EVENTIMG_PATH,EVENTIMG_NAME) values (6,6,'/resources/front/images/photo1.jpg','6번 이미지');
Insert into EDUC239.TE_EVENTIMG (EVENT_NUM,EVENTIMG_NUM,EVENTIMG_PATH,EVENTIMG_NAME) values (1,1,'/resources/front/images/msi1.jpg','1번 이미지');
REM INSERTING into EDUC239.TE_FAQ
SET DEFINE OFF;
Insert into EDUC239.TE_FAQ (FAQ_IDX,FAQ_PREFERENCE,FAQ_TITLE,FAQ_CONTENT,FAQ_DATE,ADMIN_ID) values (1,1,'결제는 어떤 것이 있나요?','결제에는 가상결제, 카드 결제가 있습니다.',to_date('18/12/11','RR/MM/DD'),null);
Insert into EDUC239.TE_FAQ (FAQ_IDX,FAQ_PREFERENCE,FAQ_TITLE,FAQ_CONTENT,FAQ_DATE,ADMIN_ID) values (2,2,'배송 관련 입니다.','배송은 공휴일을 제외한 날에는 정상 배송 됩니다.',to_date('18/12/11','RR/MM/DD'),null);
REM INSERTING into EDUC239.TE_MILE
SET DEFINE OFF;
REM INSERTING into EDUC239.TE_NOTICE
SET DEFINE OFF;
Insert into EDUC239.TE_NOTICE (NOTICE_NUM,NOTICE_TITLE,NOTICE_CONTENTS,NOTICE_DATE,NOTICE_TOP,ADMIN_ID) values (100118,'655','63523',to_date('18/12/10','RR/MM/DD'),null,'nny1561');
Insert into EDUC239.TE_NOTICE (NOTICE_NUM,NOTICE_TITLE,NOTICE_CONTENTS,NOTICE_DATE,NOTICE_TOP,ADMIN_ID) values (100127,'fds','fdstr',to_date('18/12/12','RR/MM/DD'),null,'nny1561');
Insert into EDUC239.TE_NOTICE (NOTICE_NUM,NOTICE_TITLE,NOTICE_CONTENTS,NOTICE_DATE,NOTICE_TOP,ADMIN_ID) values (100114,'fds','fds',to_date('18/12/10','RR/MM/DD'),null,'user00');
Insert into EDUC239.TE_NOTICE (NOTICE_NUM,NOTICE_TITLE,NOTICE_CONTENTS,NOTICE_DATE,NOTICE_TOP,ADMIN_ID) values (100093,'fdsa','fasfs',null,null,'user00');
Insert into EDUC239.TE_NOTICE (NOTICE_NUM,NOTICE_TITLE,NOTICE_CONTENTS,NOTICE_DATE,NOTICE_TOP,ADMIN_ID) values (100094,'fdsaf','fasfs',null,null,'user00');
Insert into EDUC239.TE_NOTICE (NOTICE_NUM,NOTICE_TITLE,NOTICE_CONTENTS,NOTICE_DATE,NOTICE_TOP,ADMIN_ID) values (5,'다섯번째 테스트','다섯번째 테스트 내용입니다.',to_date('18/12/07','RR/MM/DD'),null,'user00');
Insert into EDUC239.TE_NOTICE (NOTICE_NUM,NOTICE_TITLE,NOTICE_CONTENTS,NOTICE_DATE,NOTICE_TOP,ADMIN_ID) values (6,'여섯번째 테스트','여섯번째 테스트 내용입니다.',to_date('18/12/07','RR/MM/DD'),null,'user00');
Insert into EDUC239.TE_NOTICE (NOTICE_NUM,NOTICE_TITLE,NOTICE_CONTENTS,NOTICE_DATE,NOTICE_TOP,ADMIN_ID) values (7,'일곱번째 테스트','일곱번째 테스트 내용입니다.',to_date('18/12/07','RR/MM/DD'),null,'user00');
Insert into EDUC239.TE_NOTICE (NOTICE_NUM,NOTICE_TITLE,NOTICE_CONTENTS,NOTICE_DATE,NOTICE_TOP,ADMIN_ID) values (8,'여덟번째 테스트','여덟번째 테스트 내용입니다.',to_date('18/12/07','RR/MM/DD'),null,'user00');
Insert into EDUC239.TE_NOTICE (NOTICE_NUM,NOTICE_TITLE,NOTICE_CONTENTS,NOTICE_DATE,NOTICE_TOP,ADMIN_ID) values (9,'아홉번째 테스트','아홉번째 테스트 내용입니다.',to_date('18/12/07','RR/MM/DD'),null,'user00');
Insert into EDUC239.TE_NOTICE (NOTICE_NUM,NOTICE_TITLE,NOTICE_CONTENTS,NOTICE_DATE,NOTICE_TOP,ADMIN_ID) values (10,'열번째 테스트','열번째 테스트 내용입니다.',to_date('18/12/07','RR/MM/DD'),null,'user00');
Insert into EDUC239.TE_NOTICE (NOTICE_NUM,NOTICE_TITLE,NOTICE_CONTENTS,NOTICE_DATE,NOTICE_TOP,ADMIN_ID) values (11,'열한번째 테스트','열한번째 테스트 내용입니다.',to_date('18/12/07','RR/MM/DD'),null,'user00');
Insert into EDUC239.TE_NOTICE (NOTICE_NUM,NOTICE_TITLE,NOTICE_CONTENTS,NOTICE_DATE,NOTICE_TOP,ADMIN_ID) values (100098,'ㄻㄴㅇ','ㅍㅊㅌㅋ',to_date('18/12/08','RR/MM/DD'),null,'user00');
Insert into EDUC239.TE_NOTICE (NOTICE_NUM,NOTICE_TITLE,NOTICE_CONTENTS,NOTICE_DATE,NOTICE_TOP,ADMIN_ID) values (100116,'fdsfs','fdsf',to_date('18/12/10','RR/MM/DD'),null,'user00');
Insert into EDUC239.TE_NOTICE (NOTICE_NUM,NOTICE_TITLE,NOTICE_CONTENTS,NOTICE_DATE,NOTICE_TOP,ADMIN_ID) values (100126,'fds','1323',to_date('11/12/18','RR/MM/DD'),null,'nny1561');
Insert into EDUC239.TE_NOTICE (NOTICE_NUM,NOTICE_TITLE,NOTICE_CONTENTS,NOTICE_DATE,NOTICE_TOP,ADMIN_ID) values (100129,'asddasasddas','asdasdasds',to_date('18/12/12','RR/MM/DD'),null,'nny1561');
Insert into EDUC239.TE_NOTICE (NOTICE_NUM,NOTICE_TITLE,NOTICE_CONTENTS,NOTICE_DATE,NOTICE_TOP,ADMIN_ID) values (12,'테스트','테스？',to_date('18/12/07','RR/MM/DD'),'1','user00');
REM INSERTING into EDUC239.TE_ORDER
SET DEFINE OFF;
REM INSERTING into EDUC239.TE_PCADVICE
SET DEFINE OFF;
REM INSERTING into EDUC239.TE_PRODUCT
SET DEFINE OFF;
Insert into EDUC239.TE_PRODUCT (PRODUCT_NUM,CATEGORY1_NUM,PRODUCT_CONTENT,PRODUCT_NAME,PRODUCT_TAG,PRODUCT_PRICE,PRODUCT_MILE,CATEGORY2_NUM,CATEGORY3_NUM,COUNT) values (1,1,'1','[INTEL] 코어8세대 i7-8700 정품박스 (커피레이크/3.2GHz/12MB/쿨러포함)','Core i7-8700(3.2GHz) / 헥사코어 / 커피레이크(CoffeeLake) / 14nm / 12MB버퍼 / LGA1151-V2 / 정품박스 / 쿨러포함','445400','450',1,1,192);
Insert into EDUC239.TE_PRODUCT (PRODUCT_NUM,CATEGORY1_NUM,PRODUCT_CONTENT,PRODUCT_NAME,PRODUCT_TAG,PRODUCT_PRICE,PRODUCT_MILE,CATEGORY2_NUM,CATEGORY3_NUM,COUNT) values (2,1,'1','AMD 라이젠 5 2600 (피나클 릿지) (정품)','AMD(소켓AM4)/12nm/헥사(6)코어/쓰레드12개/3.4GHz/3MB/16MB/64비트/65W/Unlocked/XFR/SENSEMI/SMT','178400','180',1,2,12);
Insert into EDUC239.TE_PRODUCT (PRODUCT_NUM,CATEGORY1_NUM,PRODUCT_CONTENT,PRODUCT_NAME,PRODUCT_TAG,PRODUCT_PRICE,PRODUCT_MILE,CATEGORY2_NUM,CATEGORY3_NUM,COUNT) values (7,2,'1','[삼성전자] 삼성 데스크탑5 DM500T8Z-AD3A [기본 제품]','인텔 8세대 코어 i3-8100 (3.6G) / 4GB / 128GB SSD / ODD 포함 / 내장 VGA / 리눅스 / HDMI / D-SUB / PS2 / USB2.0 / USB3.0 / USB Type-C / LAN','629000','630',15,7,159);
Insert into EDUC239.TE_PRODUCT (PRODUCT_NUM,CATEGORY1_NUM,PRODUCT_CONTENT,PRODUCT_NAME,PRODUCT_TAG,PRODUCT_PRICE,PRODUCT_MILE,CATEGORY2_NUM,CATEGORY3_NUM,COUNT) values (8,2,'1','[삼성전자] 삼성 데스크탑5 DM500S7A-A24BA [기본 제품]','인텔 펜티엄 G4560 (3.5G) / 4GB / 128GB SSD / DVD / 내장그래픽 / Windows 10 / DisplayPort / HDMI / D-SUB / USB2.0 / USB3.0 / USB Type-C / LAN','579000','580',15,7,76);
Insert into EDUC239.TE_PRODUCT (PRODUCT_NUM,CATEGORY1_NUM,PRODUCT_CONTENT,PRODUCT_NAME,PRODUCT_TAG,PRODUCT_PRICE,PRODUCT_MILE,CATEGORY2_NUM,CATEGORY3_NUM,COUNT) values (9,2,'1','[LG전자] Z70EV-AR7P26 [기본제품]','인텔 펜티엄 G4560 (3.5G) / 4GB / 128GB SSD / ODD 미포함 / 내장 VGA / Windows 10 / DisplayPort / HDMI / DVI / PS2 / USB2.0 / USB3.0 / LAN','520000','520',16,11,30);
Insert into EDUC239.TE_PRODUCT (PRODUCT_NUM,CATEGORY1_NUM,PRODUCT_CONTENT,PRODUCT_NAME,PRODUCT_TAG,PRODUCT_PRICE,PRODUCT_MILE,CATEGORY2_NUM,CATEGORY3_NUM,COUNT) values (10,2,'1','[LG전자] Z70EV G4560 500GB(HDD) [4GB 추가(총8GB) + 120GB(SSD) 추가][Win10 Home 64bit]','LG / 인텔 펜티엄 G4560 / 8GB / 120GB SSD + 500GB HDD / DVD / 내장그래픽 / Windows 10 64비트 / DVI / HDMI / DisplayPort / PS2 / USB2.0 / USB3.0 / LAN /','366000','580',16,11,22);
Insert into EDUC239.TE_PRODUCT (PRODUCT_NUM,CATEGORY1_NUM,PRODUCT_CONTENT,PRODUCT_NAME,PRODUCT_TAG,PRODUCT_PRICE,PRODUCT_MILE,CATEGORY2_NUM,CATEGORY3_NUM,COUNT) values (11,2,'1','[HP] 프로데스크 280 G3 SFF i5-8500 Win10Pro [기본제품]','인텔 8세대 코어 i5-8500 (3.0G) / 4GB / 1TB / ODD 포함 / 내장 VGA / Windows 10 / HDMI / D-SUB / USB2.0 / USB3.1 / LAN','709000','710',17,15,18);
Insert into EDUC239.TE_PRODUCT (PRODUCT_NUM,CATEGORY1_NUM,PRODUCT_CONTENT,PRODUCT_NAME,PRODUCT_TAG,PRODUCT_PRICE,PRODUCT_MILE,CATEGORY2_NUM,CATEGORY3_NUM,COUNT) values (12,2,'1','[HP] 프로데스크 400 G4 MT-1XG57AV I5-6500 [4GB RAM 추가 + Win10Pro 추가]','HP / 인텔 6세대 스카이레이크 코어 i5-6500 (3.2G) / 8GB / 1TB HDD / DVD / 내장그래픽 / Windows 10 / 64비트 / DisplayPort / D-SUB / PS2 / USB2.0 / USB3.0 / LAN / 시리얼 포트','819000','820',17,15,12);
Insert into EDUC239.TE_PRODUCT (PRODUCT_NUM,CATEGORY1_NUM,PRODUCT_CONTENT,PRODUCT_NAME,PRODUCT_TAG,PRODUCT_PRICE,PRODUCT_MILE,CATEGORY2_NUM,CATEGORY3_NUM,COUNT) values (15,3,'1','[LG전자] 올 뉴 그램 15Z980 i5-8250 8GB 256GB [Win10 Pro 64bit]','LG전자 / 인텔 8세대 코어 i5-8250U (1.6G) / 8GB RAM / 256GB SSD / ODD 미포함 / 15.6형 (39.6cm) / 1920x1080 (FHD) / 내장그래픽 / 1Kg ↓ / Windows 10 / HDMI / USB3.0 / USB Type-C / LAN','450000','450',19,20,10);
Insert into EDUC239.TE_PRODUCT (PRODUCT_NUM,CATEGORY1_NUM,PRODUCT_CONTENT,PRODUCT_NAME,PRODUCT_TAG,PRODUCT_PRICE,PRODUCT_MILE,CATEGORY2_NUM,CATEGORY3_NUM,COUNT) values (16,3,'1','[LG전자] 올 뉴 그램 15ZD980-GX50K [기본 제품] ▶ 15ZD970-GX50K / 15ZD975-GX50K 후속 ◀','LG전자 / 인텔 8세대 코어 i5-8250U (1.6G) / 8GB RAM / 256GB SSD / ODD 미포함 / 프리도스 / 15.6형 (39.6cm) / 1920x1080 (FHD) / 내장그래픽 / 1Kg ↓/ HDMI / USB3.0 / USB Type-C','600000','600',19,20,8);
Insert into EDUC239.TE_PRODUCT (PRODUCT_NUM,CATEGORY1_NUM,PRODUCT_CONTENT,PRODUCT_NAME,PRODUCT_TAG,PRODUCT_PRICE,PRODUCT_MILE,CATEGORY2_NUM,CATEGORY3_NUM,COUNT) values (17,3,'1','[HP] 15-DA0073TU [기본제품]','인텔 8세대 코어 i5-8250U (1.6G) / 4GB RAM / 128GB SSD / ODD 미포함 / 내장그래픽 / 15.6형 (39.6cm) / 1920x1080 (FHD) / 1.6~2Kg / HDMI / USB2.0 / USB3.1 / LAN','579000','580',20,24,12);
Insert into EDUC239.TE_PRODUCT (PRODUCT_NUM,CATEGORY1_NUM,PRODUCT_CONTENT,PRODUCT_NAME,PRODUCT_TAG,PRODUCT_PRICE,PRODUCT_MILE,CATEGORY2_NUM,CATEGORY3_NUM,COUNT) values (18,3,'1','[HP] 프로북 470 G5 2XM47PA [기본제품]','HP / 인텔 8세대 카비레이크-R 코어 i7-8550U (1.8G) / 16GB RAM / 256GB SSD + 1TB HDD / 17.3형 (43.9cm) / IPS 1920x1080 (FHD) / GeForce 930MX / Windows 10 PRO / 64비트 / 2.1~3Kg / HDMI / D-SUB / USB3.1 / USB2.0 / USB Type-C / LAN','1372800','600',20,24,6);
Insert into EDUC239.TE_PRODUCT (PRODUCT_NUM,CATEGORY1_NUM,PRODUCT_CONTENT,PRODUCT_NAME,PRODUCT_TAG,PRODUCT_PRICE,PRODUCT_MILE,CATEGORY2_NUM,CATEGORY3_NUM,COUNT) values (20,2,'1','[LG전자] B71EV-AX7716','LG전자 / 인텔 7세대 코어 i7-7700 (3.6G) / 4GB / 1TB HDD / DVD / 내장그래픽 / 운영체제미포함 / DisplayPort / HDMI / DVI / PS2 / USB2.0 / USB3.0 / LAN','808910','800',15,11,14);
Insert into EDUC239.TE_PRODUCT (PRODUCT_NUM,CATEGORY1_NUM,PRODUCT_CONTENT,PRODUCT_NAME,PRODUCT_TAG,PRODUCT_PRICE,PRODUCT_MILE,CATEGORY2_NUM,CATEGORY3_NUM,COUNT) values (21,2,'1','[LG전자] Z70EV-AR7516 [기본제품]','인텔 7세대 코어 i5-7500 (3.4G) / 4GB / 128GB SSD / ODD 미포함 / 내장 VGA / Windows 10 / DisplayPort / HDMI / DVI / PS2 / USB2.0 / USB3.0 / LAN','749000','750',15,11,10);
Insert into EDUC239.TE_PRODUCT (PRODUCT_NUM,CATEGORY1_NUM,PRODUCT_CONTENT,PRODUCT_NAME,PRODUCT_TAG,PRODUCT_PRICE,PRODUCT_MILE,CATEGORY2_NUM,CATEGORY3_NUM,COUNT) values (22,2,'1','[HP] 엘리트데스크 800 G4 Mini i5-8600K Win10Pro','인텔 8세대 코어 i5-8600K (3.6G) / 8GB / 256GB SSD / ODD 미포함 / 내장 VGA / Windows 10 / DisplayPort / HDMI / USB3.1 / USB Type-C / LAN','1099000','1000',15,15,8);
Insert into EDUC239.TE_PRODUCT (PRODUCT_NUM,CATEGORY1_NUM,PRODUCT_CONTENT,PRODUCT_NAME,PRODUCT_TAG,PRODUCT_PRICE,PRODUCT_MILE,CATEGORY2_NUM,CATEGORY3_NUM,COUNT) values (23,2,'1','[HP] 파빌리온 590-p0152kr','인텔 8세대 코어 i5-8400 (2.8G) / 8GB / 128GB SSD / 1TB HDD / ODD 포함 / GeForce GTX1050 / Windows 10 / HDMI / D-SUB / USB2.0 / USB3.1 / LAN','999000','1000',15,15,10);
Insert into EDUC239.TE_PRODUCT (PRODUCT_NUM,CATEGORY1_NUM,PRODUCT_CONTENT,PRODUCT_NAME,PRODUCT_TAG,PRODUCT_PRICE,PRODUCT_MILE,CATEGORY2_NUM,CATEGORY3_NUM,COUNT) values (24,2,'1','[삼성전자] 삼성 데스크탑5 DM500S7A-A58BA [기본 제품]','인텔 7세대 코어 i5-7400 (3.0G) / 8GB / 128GB SSD + 1TB HDD / DVD / GeForce GT 730 / Windows 10 / HDMI / DVI / D-SUB / USB2.0 / USB Type-C / LAN','1050000','1000',16,7,6);
Insert into EDUC239.TE_PRODUCT (PRODUCT_NUM,CATEGORY1_NUM,PRODUCT_CONTENT,PRODUCT_NAME,PRODUCT_TAG,PRODUCT_PRICE,PRODUCT_MILE,CATEGORY2_NUM,CATEGORY3_NUM,COUNT) values (25,2,'1','[삼성전자] 삼성 데스크탑5 DM500T8Z-AD2A [기본 제품]','인텔 펜티엄 G5400 (3.7G) / 4GB / 128GB SSD / ODD 포함 / 내장 VGA / 리눅스 / HDMI / D-SUB / USB2.0 / USB3.0 / USB Type-C / LAN','494000','500',16,7,8);
Insert into EDUC239.TE_PRODUCT (PRODUCT_NUM,CATEGORY1_NUM,PRODUCT_CONTENT,PRODUCT_NAME,PRODUCT_TAG,PRODUCT_PRICE,PRODUCT_MILE,CATEGORY2_NUM,CATEGORY3_NUM,COUNT) values (26,2,'1','[HP] 프로데스크 280 G3 SFF i3-8100 FreeDOS [기본제품]','인텔 8세대 코어 i3-8100 (3.6G) / 4GB / 1TB / ODD 포함 / 내장 VGA / 운영체제미포함 / HDMI / D-SUB / USB2.0 / USB3.1 / LAN / 슬림','449000','450',16,15,12);
Insert into EDUC239.TE_PRODUCT (PRODUCT_NUM,CATEGORY1_NUM,PRODUCT_CONTENT,PRODUCT_NAME,PRODUCT_TAG,PRODUCT_PRICE,PRODUCT_MILE,CATEGORY2_NUM,CATEGORY3_NUM,COUNT) values (27,2,'1','[HP] 프로데스크 400 G5 MT I3-8100 FD [기본제품]','인텔 8세대 코어 i3-8100 (3.6G) / 4GB / 1TB HDD / ODD 포함 / 내장 VGA / 운영체제미포함 / DisplayPort / HDMI / D-SUB / USB2.0 / USB3.1 / LAN','487200','490',16,15,6);
Insert into EDUC239.TE_PRODUCT (PRODUCT_NUM,CATEGORY1_NUM,PRODUCT_CONTENT,PRODUCT_NAME,PRODUCT_TAG,PRODUCT_PRICE,PRODUCT_MILE,CATEGORY2_NUM,CATEGORY3_NUM,COUNT) values (28,2,'1','[삼성전자] 삼성 데스크탑 Odyssey DM800V7A-A718 [기본 제품]','인텔 7세대 코어 i7-7700 (3.6G) / 16GB / 256GB SSD / 1TB HDD / ODD 미포함 / GeForce GTX1070 / Windows 10 / DisplayPort / HDMI / USB3.0 / LAN','2509000','2600',17,7,2);
Insert into EDUC239.TE_PRODUCT (PRODUCT_NUM,CATEGORY1_NUM,PRODUCT_CONTENT,PRODUCT_NAME,PRODUCT_TAG,PRODUCT_PRICE,PRODUCT_MILE,CATEGORY2_NUM,CATEGORY3_NUM,COUNT) values (29,2,'1','[삼성전자] 삼성 데스크탑5 DM500T8A-A78 [기본 제품]','인텔 8세대 코어 i7-8700 (3.2G) / 8GB / 1TB HDD / 128GB SSD / ODD 포함 / GeForce GTX1060 / Windows 10 / HDMI / USB2.0 / USB Type-C / LAN ','1819000','1900',17,7,6);
Insert into EDUC239.TE_PRODUCT (PRODUCT_NUM,CATEGORY1_NUM,PRODUCT_CONTENT,PRODUCT_NAME,PRODUCT_TAG,PRODUCT_PRICE,PRODUCT_MILE,CATEGORY2_NUM,CATEGORY3_NUM,COUNT) values (30,2,'1','[LG전자] B70EV I7-7700 16GB 256GB(SSD) + 1TB(HDD) GTX1050(2G) 450W [Win10 Pro 64bit]','B70EV /Kaby Lake Core i7-7700 3.6GH/DDR4 16GB/ 256GB(SSD)+1TB(HDD)/ GTX1050 2GB/ 450W/ DVD MULTI/ WIN10 PRO 64','1003000','1000',17,11,10);
Insert into EDUC239.TE_PRODUCT (PRODUCT_NUM,CATEGORY1_NUM,PRODUCT_CONTENT,PRODUCT_NAME,PRODUCT_TAG,PRODUCT_PRICE,PRODUCT_MILE,CATEGORY2_NUM,CATEGORY3_NUM,COUNT) values (31,2,'1','[LG전자] B70EV i7-6700 16GB 1TB(HDD) 450W [512GB(SSD) 교체 + GTX 1050(2G) 추가][Win10 Pro 64bit]','인텔 6세대 코어 i7-6700 (3.4G) / 16GB / 512GB SSD / 1TB HDD / ODD 포함 / GeForce GTX 1050 / Windows 10 / DisplayPort / HDMI / DVI / PS2 / USB2.0 / USB3.0 / LAN','900000','900',17,11,10);
Insert into EDUC239.TE_PRODUCT (PRODUCT_NUM,CATEGORY1_NUM,PRODUCT_CONTENT,PRODUCT_NAME,PRODUCT_TAG,PRODUCT_PRICE,PRODUCT_MILE,CATEGORY2_NUM,CATEGORY3_NUM,COUNT) values (89,1,'1','ASUS HACKER K640 축교환 게이밍 기계식','키보드(컴팩트)|유선|금도금|USB|기계식|스위치$오테뮤|게이밍,멀티미디어|무한입력|1ms응답속도|윈도우키잠금|전체키잠금|스텝스컬쳐2|이중사출키캡|레인보우백라이트|체리식스테빌라이저|방진기능|스위치교체가능|플라스틱덮개|키캡리무버|청소용브러쉬|435mm|125mm|34mm|1050g','45000','45',10,170,2);
Insert into EDUC239.TE_PRODUCT (PRODUCT_NUM,CATEGORY1_NUM,PRODUCT_CONTENT,PRODUCT_NAME,PRODUCT_TAG,PRODUCT_PRICE,PRODUCT_MILE,CATEGORY2_NUM,CATEGORY3_NUM,COUNT) values (90,1,'1','COX CK30 청축형 멤브레인 게이밍','키보드(일반)|유선|금도금|USB|멤브레인|멀티미디어|19키|윈도우키잠금|전체키잠금|스텝스컬쳐2|비키스타일|ABS|이중사출키캡|단색백라이트|체리식스테빌라이저|스위치교체가능|443mm|134mm|38mm|920g','43000','43',10,174,2);
Insert into EDUC239.TE_PRODUCT (PRODUCT_NUM,CATEGORY1_NUM,PRODUCT_CONTENT,PRODUCT_NAME,PRODUCT_TAG,PRODUCT_PRICE,PRODUCT_MILE,CATEGORY2_NUM,CATEGORY3_NUM,COUNT) values (91,1,'1','Microsoft TRON G610K V2 축교환 방진축 (청축)','키보드(일반)|유선|금도금|USB|기계식|스위치$오테뮤|게이밍,멀티미디어|무한입력|1ms응답속도|윈도우키잠금|스텝스컬쳐2|비키스타일|ABS|이중사출키캡|레인보우백라이트|스위치교체가능|키캡리무버|4개|435mm|135mm|21mm|1078g','46000','46',10,176,2);
Insert into EDUC239.TE_PRODUCT (PRODUCT_NUM,CATEGORY1_NUM,PRODUCT_CONTENT,PRODUCT_NAME,PRODUCT_TAG,PRODUCT_PRICE,PRODUCT_MILE,CATEGORY2_NUM,CATEGORY3_NUM,COUNT) values (3,1,'1','[ASRock] H310M-HDV 에즈윈 벌크 (인텔H310/M-ATX)','H310 / Micro ATX / 메모리 슬롯 2개 / DDR4 / 내장그래픽 지원 / HDMI / D-SUB / DVI / 아날로그(8ch/7.1ch 코덱) / SATA3(6Gb/s) / USB3.1 Gen1 / USB2.0 / PS/2 / 기가LAN(1Gb/s) / 방열판 / PCI-Express x16(3.0) * 1개','70100','71',2,3,2);
Insert into EDUC239.TE_PRODUCT (PRODUCT_NUM,CATEGORY1_NUM,PRODUCT_CONTENT,PRODUCT_NAME,PRODUCT_TAG,PRODUCT_PRICE,PRODUCT_MILE,CATEGORY2_NUM,CATEGORY3_NUM,COUNT) values (4,1,'1','[Colorful] A320M-K PRO YV14 STCOM (AMD A320/M-ATX)','AMD-A320 / Micro ATX / HDMI / D-SUB / 메모리슬롯 2개 / 아날로그(6/5.1채널 코덱) / USB3.1 Gen1 / USB2.0 / PS/2 / 기가LAN(1Gb/s) / PCIe x 16(3.0) * 1개','60000','60',2,4,6);
Insert into EDUC239.TE_PRODUCT (PRODUCT_NUM,CATEGORY1_NUM,PRODUCT_CONTENT,PRODUCT_NAME,PRODUCT_TAG,PRODUCT_PRICE,PRODUCT_MILE,CATEGORY2_NUM,CATEGORY3_NUM,COUNT) values (5,1,'1','[삼성전자] 삼성 DDR4 8GB PC4-21300','8GB / 288핀 / DDR4 2666(PC4 21300) / DDR4-SDRAM / 2666MHz (PC4-21300) / DDR4 / 8GB','87000','87',3,5,4);
Insert into EDUC239.TE_PRODUCT (PRODUCT_NUM,CATEGORY1_NUM,PRODUCT_CONTENT,PRODUCT_NAME,PRODUCT_TAG,PRODUCT_PRICE,PRODUCT_MILE,CATEGORY2_NUM,CATEGORY3_NUM,COUNT) values (6,1,'1','[삼성전자] 삼성 DDR4 8GB PC4-19200 노트북용 저전력','8GB / DDR4 2400(PC4 19200) / DDR4-SDRAM / SO-Dimm / 노트북용','74100','75',3,6,6);
Insert into EDUC239.TE_PRODUCT (PRODUCT_NUM,CATEGORY1_NUM,PRODUCT_CONTENT,PRODUCT_NAME,PRODUCT_TAG,PRODUCT_PRICE,PRODUCT_MILE,CATEGORY2_NUM,CATEGORY3_NUM,COUNT) values (44,1,'1','AMD 라이젠 5 2600 (피나클 릿지)','AMD(소켓AM4)/12nm/헥사(6)코어/쓰레드12개/3.4GHz/3MB/16MB/64비트/65W/Unlocked/XFR/SENSEMI/SMT','178400','180',1,2,4);
Insert into EDUC239.TE_PRODUCT (PRODUCT_NUM,CATEGORY1_NUM,PRODUCT_CONTENT,PRODUCT_NAME,PRODUCT_TAG,PRODUCT_PRICE,PRODUCT_MILE,CATEGORY2_NUM,CATEGORY3_NUM,COUNT) values (45,1,'1','AMD 라이젠 7 2700 (피나클 릿지) (정품)','AMD(소켓AM4)|12nm|옥타(8)코어|쓰레드16개|3.2GHz|4MB|16MB|64비트|65W|Unlocked|XFR|SENSEMI|SMT','230000','200',1,2,4);
Insert into EDUC239.TE_PRODUCT (PRODUCT_NUM,CATEGORY1_NUM,PRODUCT_CONTENT,PRODUCT_NAME,PRODUCT_TAG,PRODUCT_PRICE,PRODUCT_MILE,CATEGORY2_NUM,CATEGORY3_NUM,COUNT) values (46,1,'1','인텔 코어 i5-9세대 9600K (커피레이크-R) (정품)','인텔(소켓1151v2)|14nm|헥사(6)코어|쓰레드 6개|3.70GHz|9MB|64비트|95W|인텔 UHD 630|350MHz|옵테인','340000','340',1,1,8);
Insert into EDUC239.TE_PRODUCT (PRODUCT_NUM,CATEGORY1_NUM,PRODUCT_CONTENT,PRODUCT_NAME,PRODUCT_TAG,PRODUCT_PRICE,PRODUCT_MILE,CATEGORY2_NUM,CATEGORY3_NUM,COUNT) values (47,1,'1','인텔 코어i3-8세대 8100 (커피레이크) (정품)','인텔(소켓1151v2)/14nm/쿼드(4)코어/쓰레드4개/|3.60GHz/6MB|64비트/65W/인텔UHD630/350MHz/옵테인','280000','280',1,1,2);
Insert into EDUC239.TE_PRODUCT (PRODUCT_NUM,CATEGORY1_NUM,PRODUCT_CONTENT,PRODUCT_NAME,PRODUCT_TAG,PRODUCT_PRICE,PRODUCT_MILE,CATEGORY2_NUM,CATEGORY3_NUM,COUNT) values (48,1,'1','인텔 코어i7-8세대 8700 (커피레이크) (정품)','인텔(소켓1151v2)|14nm|헥사(6)코어|쓰레드12개|3.20GHz|12MB|64비트|65W|인텔 UHD 630|350MHz|하이퍼스레딩|옵테인','445400','450',1,1,4);
Insert into EDUC239.TE_PRODUCT (PRODUCT_NUM,CATEGORY1_NUM,PRODUCT_CONTENT,PRODUCT_NAME,PRODUCT_TAG,PRODUCT_PRICE,PRODUCT_MILE,CATEGORY2_NUM,CATEGORY3_NUM,COUNT) values (59,1,'1','GIGABYTE 지포스 G210 D3 1GB Silent 0dB','지포스G210|40nm|520MHz|16개|PCIe2.0x16|SDDR3(DDR3)|1200MHz|1GB|64-bit|DVI|HDMI|최대모니터2개|최대30.5W|정격파워300W이상|무소음|145mm','298000','298',4,39,6);
Insert into EDUC239.TE_PRODUCT (PRODUCT_NUM,CATEGORY1_NUM,PRODUCT_CONTENT,PRODUCT_NAME,PRODUCT_TAG,PRODUCT_PRICE,PRODUCT_MILE,CATEGORY2_NUM,CATEGORY3_NUM,COUNT) values (60,1,'1','GIGABYTE 지포스 GTX1050 UD2 D5 2GB 미니미','지포스GTX1050|14nm|1354MHz ,부스트1455MHz|640개|PCIe3.0x16|GDDR5(DDR5)|7008MHz|2GB|128-bit|DVI|HDMI|DP|최대모니터3개|정격파워300W이상|전원부$4페이즈|1개팬|172mm','365000','365',4,39,0);
Insert into EDUC239.TE_PRODUCT (PRODUCT_NUM,CATEGORY1_NUM,PRODUCT_CONTENT,PRODUCT_NAME,PRODUCT_TAG,PRODUCT_PRICE,PRODUCT_MILE,CATEGORY2_NUM,CATEGORY3_NUM,COUNT) values (61,1,'1','GIGABYTE 지포스 GTX1050 UD2 WF-2X D5 2GB','지포스GTX1050|14nm|1379MHz,부스트1493MHz|640개|PCIe3.0x16|GDDR5(DDR5)|7008MHz|2GB|128-bit|DVI|HDMI|DP|최대모니터3개|정격파워300W이상|전원부$4페이즈|2개팬|191mm','360000','360',4,39,4);
Insert into EDUC239.TE_PRODUCT (PRODUCT_NUM,CATEGORY1_NUM,PRODUCT_CONTENT,PRODUCT_NAME,PRODUCT_TAG,PRODUCT_PRICE,PRODUCT_MILE,CATEGORY2_NUM,CATEGORY3_NUM,COUNT) values (62,1,'1','GIGABYTE 지포스 GTX1060 UDV D5 6GB 윈드포스','지포스GTX1060|16nm|1556MHz,부스트1771MHz|1280개|PCIe3.0x16|GDDR5(DDR5)|8008MHz|6GB|192-bit|DVI|HDMI|DP|최대모니터4개|정격파워400W이상|전원부$5페이즈|2개팬|223mm','370000','370',4,39,4);
Insert into EDUC239.TE_PRODUCT (PRODUCT_NUM,CATEGORY1_NUM,PRODUCT_CONTENT,PRODUCT_NAME,PRODUCT_TAG,PRODUCT_PRICE,PRODUCT_MILE,CATEGORY2_NUM,CATEGORY3_NUM,COUNT) values (63,1,'1','MSI 지포스 GTX1060 OC D5 3GB 윈드스톰','지포스GTX1060|16nm|1544MHz,부스트1759MHz|1152개|PCIe3.0x16|GDDR5(DDR5)|8008MHz|3GB|192-bit|DVI|HDMI|DP|최대모니터3개|최대120W|정격파워400W이상|2개팬|243mm','410000','410',4,211,4);
Insert into EDUC239.TE_PRODUCT (PRODUCT_NUM,CATEGORY1_NUM,PRODUCT_CONTENT,PRODUCT_NAME,PRODUCT_TAG,PRODUCT_PRICE,PRODUCT_MILE,CATEGORY2_NUM,CATEGORY3_NUM,COUNT) values (84,1,'1','ABKO NCORE 아수라 풀 아크릴 블랙','PC케이스(ATX)/미들타워/파워미포함/표준-ATX/Micro-ATX/Mini-ITX/쿨링팬3개/측면아크릴/120mmLED/120mmLEDx2/에어홀/HDAUDIO/194mm/491mm/436mm/최대370mm/CPU쿨러:최대159mm/LED팬:3개내장(화이트)/팬컨트롤','37000','37',9,128,4);
Insert into EDUC239.TE_PRODUCT (PRODUCT_NUM,CATEGORY1_NUM,PRODUCT_CONTENT,PRODUCT_NAME,PRODUCT_TAG,PRODUCT_PRICE,PRODUCT_MILE,CATEGORY2_NUM,CATEGORY3_NUM,COUNT) values (85,1,'1','ABKO NCORE 오라클 강화유리 스펙트럼 CORONA','PC케이스(ATX)/미들타워/강화유리케이스/파워미포함/표준-ATX/Micro-ATX/Mini-ITX/쿨링팬4개/측면강화유리/4T/120mmLEDx1/120mmLEDx3/HDAUDIO/200mm/445mm/394mm/350mm/CPU쿨러:162mm/2면 강화유리/LED팬:4개 내장','39000','39',9,128,2);
Insert into EDUC239.TE_PRODUCT (PRODUCT_NUM,CATEGORY1_NUM,PRODUCT_CONTENT,PRODUCT_NAME,PRODUCT_TAG,PRODUCT_PRICE,PRODUCT_MILE,CATEGORY2_NUM,CATEGORY3_NUM,COUNT) values (86,1,'1','대양케이스 ELIN 화이트','PC케이스(ATX)/미들타워/아크릴케이스/파워미포함/표준-ATX/Micro-ATX/쿨링팬3개/측면아크릴/120mmLED x1/120mmLEDx2/HDAUDIO/195mm/420mm/395mm/320mm/CPU쿨러:150mm/LED팬:3개 내장','38000','38',9,144,4);
Insert into EDUC239.TE_PRODUCT (PRODUCT_NUM,CATEGORY1_NUM,PRODUCT_CONTENT,PRODUCT_NAME,PRODUCT_TAG,PRODUCT_PRICE,PRODUCT_MILE,CATEGORY2_NUM,CATEGORY3_NUM,COUNT) values (87,1,'1','대양케이스 ENIX USB 3.0 풀 아크릴 화이트','PC케이스(ATX)/미들타워/아크릴케이스/파워미포함/표준-ATX/Micro-ATX/쿨링팬3개/측면아크릴/120mm블루LED/120mm블루LEDx2/에어홀/HDAUDIO/205mm/502mm/435mm/최대360mm/CPU쿨러:최대170mm/2면아크릴/LED팬:3개내장','42000','42',9,144,2);
Insert into EDUC239.TE_PRODUCT (PRODUCT_NUM,CATEGORY1_NUM,PRODUCT_CONTENT,PRODUCT_NAME,PRODUCT_TAG,PRODUCT_PRICE,PRODUCT_MILE,CATEGORY2_NUM,CATEGORY3_NUM,COUNT) values (88,1,'1','아이구주 G50 RGB LED 강화유리 화이트','PC케이스(ATX)/미들타워/강화유리케이스/파워미포함/표준-ATX/Micro-ATX/Mini-ITX/쿨링팬3개/측면강화유리/120mmLED/120mmLEDx2/HDAUDIO/190mm/485mm/440mm/400mm/CPU쿨러:160mm/LED팬:3개내장/팬컨트롤/RGB컨트롤/리모컨','45000','45',9,156,2);
Insert into EDUC239.TE_PRODUCT (PRODUCT_NUM,CATEGORY1_NUM,PRODUCT_CONTENT,PRODUCT_NAME,PRODUCT_TAG,PRODUCT_PRICE,PRODUCT_MILE,CATEGORY2_NUM,CATEGORY3_NUM,COUNT) values (92,1,'1','로지텍 K120 New 키보드 (정품)','키보드(일반)|유선|USB|멤브레인|단순|생활방수|실리콘키스킨|450mm|160mm|30mm','28000','28',10,178,2);
Insert into EDUC239.TE_PRODUCT (PRODUCT_NUM,CATEGORY1_NUM,PRODUCT_CONTENT,PRODUCT_NAME,PRODUCT_TAG,PRODUCT_PRICE,PRODUCT_MILE,CATEGORY2_NUM,CATEGORY3_NUM,COUNT) values (13,3,'1','[삼성전자] 삼성 노트북 Odyssey Z NT850XAC-X716 [티탄 실버] [기본 제품]','인텔 8세대 코어 i7-8750H (2.2G) / 16GB RAM / 512GB SSD / ODD 미포함 / Windows 10 / 15.6형 (39.6cm) / 1920x1080 (FHD) / GeForce GTX1060 / 2.1~3Kg / HDMI / USB2.0 / USB3.0 / USB Type-C / LAN / M.2(NVMe)','2319000','2320',18,16,16);
Insert into EDUC239.TE_PRODUCT (PRODUCT_NUM,CATEGORY1_NUM,PRODUCT_CONTENT,PRODUCT_NAME,PRODUCT_TAG,PRODUCT_PRICE,PRODUCT_MILE,CATEGORY2_NUM,CATEGORY3_NUM,COUNT) values (14,3,'1','[삼성전자] 삼성 노트북5 NT500R5W-LD35A [솔리드 블랙] [기본 제품]','인텔 7세대 코어 i3-7100U (2.4G) / 4GB RAM / 1TB HDD / ODD 미포함 / 내장그래픽 / 리눅스 / 15.6형 (39.6cm) / 1920x1080 (FHD) / 1.6~2Kg / HDMI / USB2.0 / USB3.0 / LAN / M.2','539000','540',18,16,16);
Insert into EDUC239.TE_PRODUCT (PRODUCT_NUM,CATEGORY1_NUM,PRODUCT_CONTENT,PRODUCT_NAME,PRODUCT_TAG,PRODUCT_PRICE,PRODUCT_MILE,CATEGORY2_NUM,CATEGORY3_NUM,COUNT) values (64,1,'1','ADATA Ultimate SU800 SHT (128GB)','내장형SSD|2.5형(6.4cm)|SATA3(6Gb/s)|TLC(기타)|3D낸드|실리콘모션SM2258|최대550MB/s|최대300MB/s|2,000,000시간|TRIM지원|GC기능|S.M.A.R.T지원|ECC지원DEVSLP지원|SLC캐싱|7mm|3년|전용소프트웨어','135000','130',5,49,0);
Insert into EDUC239.TE_PRODUCT (PRODUCT_NUM,CATEGORY1_NUM,PRODUCT_CONTENT,PRODUCT_NAME,PRODUCT_TAG,PRODUCT_PRICE,PRODUCT_MILE,CATEGORY2_NUM,CATEGORY3_NUM,COUNT) values (65,1,'1','Seagate 바라쿠다 SSD (250GB)','내장형SSD/2.5형(6.4cm)/SATA3(6Gb/s)/TLC(기타)/3D낸드/파이슨 PS3110-S10/DDR3/256MB/최대560MB/s/최대530MB/s/1,800,000시간/TRIM지원/GC기능/S.M.A.R.T지원/ECC지원/DEVSLP지원/SLC캐싱/7mm/50g/5년/전용소프트웨어','183000','183',5,53,0);
Insert into EDUC239.TE_PRODUCT (PRODUCT_NUM,CATEGORY1_NUM,PRODUCT_CONTENT,PRODUCT_NAME,PRODUCT_TAG,PRODUCT_PRICE,PRODUCT_MILE,CATEGORY2_NUM,CATEGORY3_NUM,COUNT) values (66,1,'1','Western Digital WD Green SSD (120GB)','내장형SSD/2.5형(6.4cm)/SATA3(6Gb/s)/최대545MB/s/1,000,000시간/TRIM지원/S.M.A.R.T지원/DEVSLP지원/7mm/최대32.5g/3년/전용소프트웨어','155000','155',5,52,0);
Insert into EDUC239.TE_PRODUCT (PRODUCT_NUM,CATEGORY1_NUM,PRODUCT_CONTENT,PRODUCT_NAME,PRODUCT_TAG,PRODUCT_PRICE,PRODUCT_MILE,CATEGORY2_NUM,CATEGORY3_NUM,COUNT) values (67,1,'1','삼성전자 850 EVO Series (120GB)','내장형SSD|2.5형(6.4cm)|SATA3(6Gb/s)|TLC(토글)|3D낸드|삼성MGX 컨트롤러|최대540MB/s|최대520MB/s|1,500,000시간|TRIM 지원|GC기능|S.M.A.R.T지원|6.8mm|5년','148000','148',5,47,0);
Insert into EDUC239.TE_PRODUCT (PRODUCT_NUM,CATEGORY1_NUM,PRODUCT_CONTENT,PRODUCT_NAME,PRODUCT_TAG,PRODUCT_PRICE,PRODUCT_MILE,CATEGORY2_NUM,CATEGORY3_NUM,COUNT) values (68,1,'1','삼성전자 970 EVO M.2 2280 (250GB)','내장형SSD/M.2(2280)/PCIe3.0x4 (32GT/s)/NVMe1.3/TLC(기타)/3D낸드/삼성Phoenix/LPDDR4/512MB/최대3,400MB/s/최대1,500MB/s/1,500,000시간/TRIM지원/GC기능/S.M.A.R.T지원/DEVSLP지원/2.38mm/최대8g/5년/전용소프트웨어','198000','198',5,47,0);
Insert into EDUC239.TE_PRODUCT (PRODUCT_NUM,CATEGORY1_NUM,PRODUCT_CONTENT,PRODUCT_NAME,PRODUCT_TAG,PRODUCT_PRICE,PRODUCT_MILE,CATEGORY2_NUM,CATEGORY3_NUM,COUNT) values (69,1,'1','Seagate 1TB BarraCuda ST1000DM010','HDD(PC용)/8.9cm(3.5형)/1TB/SATA3(6Gb/s)/7,200RPM/메모리64MB/두께:20.2mm/소음(유휴/탐색):22/23dB/2년','56000','56',6,64,0);
Insert into EDUC239.TE_PRODUCT (PRODUCT_NUM,CATEGORY1_NUM,PRODUCT_CONTENT,PRODUCT_NAME,PRODUCT_TAG,PRODUCT_PRICE,PRODUCT_MILE,CATEGORY2_NUM,CATEGORY3_NUM,COUNT) values (70,1,'1','Seagate 2TB BarraCuda ST2000DM006','HDD(PC용)/8.9cm(3.5형)/2TB/SATA3(6Gb/s)/7,200RPM/메모리64MB/소음(유휴/탐색):24/26dB/2년','73000','73',6,64,0);
Insert into EDUC239.TE_PRODUCT (PRODUCT_NUM,CATEGORY1_NUM,PRODUCT_CONTENT,PRODUCT_NAME,PRODUCT_TAG,PRODUCT_PRICE,PRODUCT_MILE,CATEGORY2_NUM,CATEGORY3_NUM,COUNT) values (71,1,'1','Seagate 2TB BarraCuda ST2000DM008','HDD(PC용)/8.9cm(3.5형)/2TB/SATA3(6Gb/s)/7,200RPM/메모리256MB/두께:20.2mm/2년','74000','74',6,64,0);
Insert into EDUC239.TE_PRODUCT (PRODUCT_NUM,CATEGORY1_NUM,PRODUCT_CONTENT,PRODUCT_NAME,PRODUCT_TAG,PRODUCT_PRICE,PRODUCT_MILE,CATEGORY2_NUM,CATEGORY3_NUM,COUNT) values (72,1,'1','Western Digital WD 1TB BLUE WD10EZEX','HDD(PC용)/8.9cm(3.5형)/1TB/SATA3(6Gb/s)/7,200RPM/메모리64MB/두께:25.4mm/소음(유휴/탐색):29/30dB/2년','57000','57',6,67,0);
Insert into EDUC239.TE_PRODUCT (PRODUCT_NUM,CATEGORY1_NUM,PRODUCT_CONTENT,PRODUCT_NAME,PRODUCT_TAG,PRODUCT_PRICE,PRODUCT_MILE,CATEGORY2_NUM,CATEGORY3_NUM,COUNT) values (73,1,'1','Western Digital WD 2TB BLUE WD20EZRZ','HDD(PC용)/8.9cm(3.5형)/2TB/SATA3(6Gb/s)/5,400RPM/메모리64MB/두께:26.1mm/소음(유휴/탐색):23/27dB/2년','75000','75',6,67,2);
Insert into EDUC239.TE_PRODUCT (PRODUCT_NUM,CATEGORY1_NUM,PRODUCT_CONTENT,PRODUCT_NAME,PRODUCT_TAG,PRODUCT_PRICE,PRODUCT_MILE,CATEGORY2_NUM,CATEGORY3_NUM,COUNT) values (74,1,'1','LG전자 Slim Portable DVD Writer GP50NB40 외장형','DVD멀티레코더/외장형/USB/읽기지원:CD,DVD/쓰기지원:CD-R,CD-RW,DVD-R,DVD+R,DVD-R(DL),DVD+R(DL),DVD-RW,DVD+RW,DVD-RAM,M-DISC/블랙','28000','28',7,76,2);
Insert into EDUC239.TE_PRODUCT (PRODUCT_NUM,CATEGORY1_NUM,PRODUCT_CONTENT,PRODUCT_NAME,PRODUCT_TAG,PRODUCT_PRICE,PRODUCT_MILE,CATEGORY2_NUM,CATEGORY3_NUM,COUNT) values (75,1,'1','LG전자 Slim Portable DVD Writer GP50NW40','DVD멀티레코더/외장형/USB /읽기지원:CD,DVD/쓰기지원:CD-R,CD-RW,DVD-R,DVD+R,DVD-R(DL),DVD+R(DL),DVD-RW,DVD+RW,DVD-RAM,M-DISC/화이트','26000','26',7,76,4);
Insert into EDUC239.TE_PRODUCT (PRODUCT_NUM,CATEGORY1_NUM,PRODUCT_CONTENT,PRODUCT_NAME,PRODUCT_TAG,PRODUCT_PRICE,PRODUCT_MILE,CATEGORY2_NUM,CATEGORY3_NUM,COUNT) values (76,1,'1','LG전자 Slim Portable DVD Writer GP60NS50 외장형','DVD멀티레코더/외장형/USB/읽기지원:CD,DVD/쓰기지원:CD-R,CD-RW,DVD-R,DVD+R,DVD-R(DL),DVD+R(DL),DVD-RW,DVD+RW,DVD-RAM,M-DISC/실버','29000','29',7,76,0);
Insert into EDUC239.TE_PRODUCT (PRODUCT_NUM,CATEGORY1_NUM,PRODUCT_CONTENT,PRODUCT_NAME,PRODUCT_TAG,PRODUCT_PRICE,PRODUCT_MILE,CATEGORY2_NUM,CATEGORY3_NUM,COUNT) values (77,1,'1','Lite-On DVD-Multi iHAS124 (정품벌크)','DVD멀티레코더/내장형(PC용)/SATA/읽기지원:CD,DVD/쓰기지원:CD-R,CD-RW,DVD-R,DVD+R,DVD-R(DL),DVD+R(DL),DVD-RW,DVD+RW,M-DISC/블랙/1년','23000','23',7,79,2);
Insert into EDUC239.TE_PRODUCT (PRODUCT_NUM,CATEGORY1_NUM,PRODUCT_CONTENT,PRODUCT_NAME,PRODUCT_TAG,PRODUCT_PRICE,PRODUCT_MILE,CATEGORY2_NUM,CATEGORY3_NUM,COUNT) values (78,1,'1','Lite-On USB 외장형 DVD-RW ES-1','DVD레코더/외장형/USB/읽기지원:CD,DVD/쓰기지원:CD-R,CD-RW,DVD-R,DVD+R,DVD-R(DL),DVD+R(DL),DVD-RW,DVD+RW,M-DISC/블랙','21000','21',7,79,6);
Insert into EDUC239.TE_PRODUCT (PRODUCT_NUM,CATEGORY1_NUM,PRODUCT_CONTENT,PRODUCT_NAME,PRODUCT_TAG,PRODUCT_PRICE,PRODUCT_MILE,CATEGORY2_NUM,CATEGORY3_NUM,COUNT) values (79,1,'1','쿨러마스터 FOCUS 600W 80Plus 230V EU','ATX파워/정격600W/20핀+4핀/120mm팬/1개(팬)/액티브PFC/+12V다중레일/30A,30A/4핀IDEx3/SATAx4/6+2핀PCI-Ex2/보조8핀(4+4)커넥터/대기전력1W/80PLUS/스탠다드/무상5년','19000','19',8,91,4);
Insert into EDUC239.TE_PRODUCT (PRODUCT_NUM,CATEGORY1_NUM,PRODUCT_CONTENT,PRODUCT_NAME,PRODUCT_TAG,PRODUCT_PRICE,PRODUCT_MILE,CATEGORY2_NUM,CATEGORY3_NUM,COUNT) values (80,1,'1','FSP HYPER K 700W 80PLUS Standard 230V EU','ATX파워/정격700W/24핀전용/120mm팬/1개(팬)/액티브PFC/깊이:140mm/+12V싱글레일/53A/4핀IDEx2/SATAx8/6+2핀PCI-Ex4/보조8핀(4+4)커넥터/FDD커넥터/플랫케이블/80 PLUS/스탠다드/무상5년','20000','20',8,96,4);
Insert into EDUC239.TE_PRODUCT (PRODUCT_NUM,CATEGORY1_NUM,PRODUCT_CONTENT,PRODUCT_NAME,PRODUCT_TAG,PRODUCT_PRICE,PRODUCT_MILE,CATEGORY2_NUM,CATEGORY3_NUM,COUNT) values (81,1,'1','마이크로닉스 Classic II 500W +12V Single Rail 85+','ATX파워/정격500W/20핀+4핀/120mm팬/1개(팬)/액티브PFC/깊이:140mm/+12V싱글레일/37.5A/4핀IDE x3/SATA x6/6+2핀PCI-Ex2/보조8핀커넥터/보조4핀커넥터/FDD커넥터/대기전력1W/플랫케이블/80PLUS/스탠다드/무상6년','23000','23',8,97,2);
Insert into EDUC239.TE_PRODUCT (PRODUCT_NUM,CATEGORY1_NUM,PRODUCT_CONTENT,PRODUCT_NAME,PRODUCT_TAG,PRODUCT_PRICE,PRODUCT_MILE,CATEGORY2_NUM,CATEGORY3_NUM,COUNT) values (82,1,'1','엔비케이텍 ELPIS SP-600EL','ATX파워/정격600W/20핀+4핀/120mm팬/1개(팬)/+12V다중레일/28A,28A/4핀IDEx3/SATAx5/6+2핀PCI-Ex2/보조8핀(4+4)커넥터/Reform케이블/대기전력1W/무상3년','20000','20',8,124,2);
Insert into EDUC239.TE_PRODUCT (PRODUCT_NUM,CATEGORY1_NUM,PRODUCT_CONTENT,PRODUCT_NAME,PRODUCT_TAG,PRODUCT_PRICE,PRODUCT_MILE,CATEGORY2_NUM,CATEGORY3_NUM,COUNT) values (83,1,'1','잘만 EcoMax 500W 83+','ATX파워/500W/20핀+4핀/120mm팬/1개(팬)/깊이:140mm/+12V다중레일/20A,20A/4핀IDEx3/SATAx4/6+2핀PCI-Ex2/보조8핀(4+4)커넥터/대기전력1W/무상3년','23000','23',8,93,4);
Insert into EDUC239.TE_PRODUCT (PRODUCT_NUM,CATEGORY1_NUM,PRODUCT_CONTENT,PRODUCT_NAME,PRODUCT_TAG,PRODUCT_PRICE,PRODUCT_MILE,CATEGORY2_NUM,CATEGORY3_NUM,COUNT) values (104,1,'1','Antec DOUBLERING FAN 120','시스템/케이스용|시스템쿨러|온도관리|공랭|팬쿨러|120mm|25T|베어링$Hydraulic|3핀,4핀|LED라이트|화이트','23000','23',13,197,4);
Insert into EDUC239.TE_PRODUCT (PRODUCT_NUM,CATEGORY1_NUM,PRODUCT_CONTENT,PRODUCT_NAME,PRODUCT_TAG,PRODUCT_PRICE,PRODUCT_MILE,CATEGORY2_NUM,CATEGORY3_NUM,COUNT) values (105,1,'1','CORSAIR CT-4020H12B-2P','시스템/케이스용|시스템쿨러|공랭|팬쿨러|40mm|20T|베어링$2볼|2핀','21000','21',13,201,4);
Insert into EDUC239.TE_PRODUCT (PRODUCT_NUM,CATEGORY1_NUM,PRODUCT_CONTENT,PRODUCT_NAME,PRODUCT_TAG,PRODUCT_PRICE,PRODUCT_MILE,CATEGORY2_NUM,CATEGORY3_NUM,COUNT) values (106,1,'1','DEEPCOOL GAMMAXX 400 BLUE BASIC','CPU용/CPU쿨러/공랭/팬쿨러/120mm/25T/베어링:Hydro/4핀/타워형/구리+알루미늄/LGA115x/AM4/FMx/AMx (AM1/4별도)/LED라이트/블루

','23000','23',13,196,4);
Insert into EDUC239.TE_PRODUCT (PRODUCT_NUM,CATEGORY1_NUM,PRODUCT_CONTENT,PRODUCT_NAME,PRODUCT_TAG,PRODUCT_PRICE,PRODUCT_MILE,CATEGORY2_NUM,CATEGORY3_NUM,COUNT) values (107,1,'1','EVGA 소켓1156 정품 (일반형)','CPU용|CPU쿨러|공랭|팬쿨러|일반형|알루미늄|LGA115x','27000','27',13,205,2);
Insert into EDUC239.TE_PRODUCT (PRODUCT_NUM,CATEGORY1_NUM,PRODUCT_CONTENT,PRODUCT_NAME,PRODUCT_TAG,PRODUCT_PRICE,PRODUCT_MILE,CATEGORY2_NUM,CATEGORY3_NUM,COUNT) values (108,1,'1','써모랩 TRINITY WHITE LED','CPU용|CPU쿨러|공랭|팬쿨러|130mm|25T|베어링$EBR|4핀|타워형|구리+알루미늄|LGA2011-V3|LGA2011|LGA115x|AM4|FMx/AMx(AM1/4별도)|LED라이트|화이트','24000','24',13,200,2);
Insert into EDUC239.TE_PRODUCT (PRODUCT_NUM,CATEGORY1_NUM,PRODUCT_CONTENT,PRODUCT_NAME,PRODUCT_TAG,PRODUCT_PRICE,PRODUCT_MILE,CATEGORY2_NUM,CATEGORY3_NUM,COUNT) values (32,3,'1','[LG전자] 울트라 PC 15UD480-GX38K [기본 제품] ▶ 15UD470-GX38K 후속◀','인텔 8세대 코어 i3-8130U (2.2G) / 8GB RAM / 128GB SSD / ODD 미포함 / 프리도스 / 15.6형 (39.6cm) / 1920x1080 (FHD) / 내장그래픽 / 1.6~2Kg / HDMI / USB2.0 / USB3.0 / LAN','667000','670',18,20,0);
Insert into EDUC239.TE_PRODUCT (PRODUCT_NUM,CATEGORY1_NUM,PRODUCT_CONTENT,PRODUCT_NAME,PRODUCT_TAG,PRODUCT_PRICE,PRODUCT_MILE,CATEGORY2_NUM,CATEGORY3_NUM,COUNT) values (33,3,'1','[LG전자] 올 뉴 그램 15ZD980-MX36K [기본 제품]','인텔 7세대 코어 i3-7100U (2.4G) / 8GB RAM / 128GB SSD / ODD 미포함 / 내장그래픽 / 운영체제미포함 / 15.6형 (39.6cm) / 1920x1080 (FHD) / 1Kg ↓ / HDMI / USB3.0 / USB Type-C','979000','980',18,20,6);
Insert into EDUC239.TE_PRODUCT (PRODUCT_NUM,CATEGORY1_NUM,PRODUCT_CONTENT,PRODUCT_NAME,PRODUCT_TAG,PRODUCT_PRICE,PRODUCT_MILE,CATEGORY2_NUM,CATEGORY3_NUM,COUNT) values (34,3,'1','[HP] 프로북 470 G5 2XM41PA [기본제품]','HP / 인텔 8세대 카비레이크-R 코어 i5-8250U (1.6G) / 8GB RAM / 256GB SSD + 1TB HDD / OS 탑재 / 17.3형 / 1920x1080 (FHD) / GeForce 930MX / 2.1~3Kg / Windows 10 / HDMI / D-SUB / USB3.1 / USB Type-C / LAN / ODD 미포함','1239700','1240',18,24,2);
Insert into EDUC239.TE_PRODUCT (PRODUCT_NUM,CATEGORY1_NUM,PRODUCT_CONTENT,PRODUCT_NAME,PRODUCT_TAG,PRODUCT_PRICE,PRODUCT_MILE,CATEGORY2_NUM,CATEGORY3_NUM,COUNT) values (35,3,'1','[HP] 엘리트북 850 G4 (24127581) [기본제품]','7세대 인텔 코어 i5-7200U / 8GB RAM / 256GB SSD+1TB HDD / 15.6형(39.6cm) / 1920x1080 (FHD) / Windows 10 / USB Type-C / Display Port / USB3.1 / LAN','1299000','1300',18,24,0);
Insert into EDUC239.TE_PRODUCT (PRODUCT_NUM,CATEGORY1_NUM,PRODUCT_CONTENT,PRODUCT_NAME,PRODUCT_TAG,PRODUCT_PRICE,PRODUCT_MILE,CATEGORY2_NUM,CATEGORY3_NUM,COUNT) values (36,3,'1','[삼성전자] 삼성 노트북3 NT340XAZ-AD3A [나이트 차콜] [기본 제품] ▶ NT300E4R-KD3A 후속모델 ◀','인텔 7세대 코어 i3-7020U (2.3G) / 4GB RAM / 500GB HDD / 내장그래픽 / ODD 미포함 / 리눅스 / 14형 (35.6cm) / 1366x768 (WXGA) / HDMI / USB2.0 / USB3.0 / LAN','479000','480',19,16,0);
Insert into EDUC239.TE_PRODUCT (PRODUCT_NUM,CATEGORY1_NUM,PRODUCT_CONTENT,PRODUCT_NAME,PRODUCT_TAG,PRODUCT_PRICE,PRODUCT_MILE,CATEGORY2_NUM,CATEGORY3_NUM,COUNT) values (37,3,'1','[삼성전자] 삼성 노트북5 NT550EAA-K14C [나이트 차콜] [기본 제품]','인텔 셀러론 3865U (1.80 GHz) / 4GB RAM / 500GB HDD / Windows 10 / 15.6형 (39.6cm) / 내장그래픽 / HDMI / USB2.0 / USB3.0 / LAN','549000','550',19,16,2);
Insert into EDUC239.TE_PRODUCT (PRODUCT_NUM,CATEGORY1_NUM,PRODUCT_CONTENT,PRODUCT_NAME,PRODUCT_TAG,PRODUCT_PRICE,PRODUCT_MILE,CATEGORY2_NUM,CATEGORY3_NUM,COUNT) values (38,3,'1','[HP] 15-da0070TU [블랙] [기본모델] ▶ 15-BS566TU 후속모델 ◀','인텔 7세대 코어 i3-7020U (2.3G) / 4GB RAM / 128GB SSD / ODD 미포함 / 내장그래픽 / 운영체제미포함 / 15.6형 (39.6cm) / 1920x1080 (FHD) / 1.6~2Kg / HDMI / USB2.0 / USB3.1','424000','430',19,24,0);
Insert into EDUC239.TE_PRODUCT (PRODUCT_NUM,CATEGORY1_NUM,PRODUCT_CONTENT,PRODUCT_NAME,PRODUCT_TAG,PRODUCT_PRICE,PRODUCT_MILE,CATEGORY2_NUM,CATEGORY3_NUM,COUNT) values (39,3,'1','[HP] 15-da0071TU','인텔 7세대 코어 i3-7020U (2.3G) / 4GB RAM / 128GB SSD / ODD 미포함 / 내장그래픽 / Windows 10 / 15.6형 (39.6cm) / 1920x1080 (FHD) / 1.6~2Kg / HDMI / USB2.0 / USB3.1 / LAN','528990','530',19,24,0);
Insert into EDUC239.TE_PRODUCT (PRODUCT_NUM,CATEGORY1_NUM,PRODUCT_CONTENT,PRODUCT_NAME,PRODUCT_TAG,PRODUCT_PRICE,PRODUCT_MILE,CATEGORY2_NUM,CATEGORY3_NUM,COUNT) values (40,3,'1','[삼성전자] 삼성 노트북 Pen NT930QAA-K716 [라이트 티탄] [기본 제품]','인텔 8세대 코어 i7-8550U (1.8G) / 16GB RAM / 256GB SSD / ODD 미포함 / Windows 10 / 13.3형 (33.7cm) / 1920x1080 (FHD) / 1Kg ↓ / HDMI / USB3.1','1919000','2000',20,16,0);
Insert into EDUC239.TE_PRODUCT (PRODUCT_NUM,CATEGORY1_NUM,PRODUCT_CONTENT,PRODUCT_NAME,PRODUCT_TAG,PRODUCT_PRICE,PRODUCT_MILE,CATEGORY2_NUM,CATEGORY3_NUM,COUNT) values (41,3,'1','[삼성전자] 삼성 노트북 Odyssey NT800G5S-XD7A [32GB 교체 + 512GB(SSD) 교체 + WIN 10 HOME 64BIT 설치]','인텔 7세대 i7-7700HQ (2.8G) / 32GB RAM / 512GB SSD / 1TB HDD / ODD 미포함 / Windows 10 / 15.6형 (39.6cm) / 1920x1080 (FHD) / GeForce GTX1060 / 2.1~3Kg / HDMI / USB2.0 / USB3.0 / LAN','2057000','2100',20,16,0);
Insert into EDUC239.TE_PRODUCT (PRODUCT_NUM,CATEGORY1_NUM,PRODUCT_CONTENT,PRODUCT_NAME,PRODUCT_TAG,PRODUCT_PRICE,PRODUCT_MILE,CATEGORY2_NUM,CATEGORY3_NUM,COUNT) values (42,3,'1','[LG전자] 올 뉴 터치그램 15Z980-HA70K [1024GB(SSD) 교체(512*2)]','LG전자 / 인텔 8세대 코어 i7-8550U (1.8G) / 8GB RAM / 512GB SSD + 512GB SSD / ODD 미포함 / 15.6형 (39.6cm) / 1920x1080 (FHD) / TouchsCreen / 내장그래픽 / 1Kg ↓ / Windows 10 / HDMI / USB3.0 / USB Type-C','2239000','2400',20,20,0);
Insert into EDUC239.TE_PRODUCT (PRODUCT_NUM,CATEGORY1_NUM,PRODUCT_CONTENT,PRODUCT_NAME,PRODUCT_TAG,PRODUCT_PRICE,PRODUCT_MILE,CATEGORY2_NUM,CATEGORY3_NUM,COUNT) values (43,3,'1','[LG전자] 울트라 PC[GT] 15U780-PA76K [기본 제품]','LG전자 / 인텔 8세대 코어 i7-8550U (1.8G) / 8GB RAM / 256GB SSD / ODD 미포함 / 15.6형 (39.6cm) / 1920x1080 (FHD) / GeForce GTX1050 / 1.6~2Kg / Windows 10 / HDMI / USB2.0 / USB3.0 / USB Type-C / LAN','1558000','900',20,20,2);
Insert into EDUC239.TE_PRODUCT (PRODUCT_NUM,CATEGORY1_NUM,PRODUCT_CONTENT,PRODUCT_NAME,PRODUCT_TAG,PRODUCT_PRICE,PRODUCT_MILE,CATEGORY2_NUM,CATEGORY3_NUM,COUNT) values (93,1,'1','스카이디지탈 NKEYBOARD NKEY-T1 더블샷 RGB LED','키보드(일반)|유선|USB|기계식|스위치$오테뮤|게이밍,멀티미디어|S/W매크로|무한입력|1ms응답속도|윈도우키잠금|스텝스컬쳐2|비키스타일|금속하우징|이중사출키캡RGB백라이트|방향키전환|탈착식손목받침대|키캡리무버|465mm|140mm|35mm|1000g','38000','38',10,180,2);
Insert into EDUC239.TE_PRODUCT (PRODUCT_NUM,CATEGORY1_NUM,PRODUCT_CONTENT,PRODUCT_NAME,PRODUCT_TAG,PRODUCT_PRICE,PRODUCT_MILE,CATEGORY2_NUM,CATEGORY3_NUM,COUNT) values (94,1,'1','ABKO MX1100','마우스|광|DPI+5버튼|유선|금도금|USB|상하|1600DPI|4000FPS|무광코팅|게이밍마우스|120mm|75mm|42mm|110g','23000','23',11,181,4);
Insert into EDUC239.TE_PRODUCT (PRODUCT_NUM,CATEGORY1_NUM,PRODUCT_CONTENT,PRODUCT_NAME,PRODUCT_TAG,PRODUCT_PRICE,PRODUCT_MILE,CATEGORY2_NUM,CATEGORY3_NUM,COUNT) values (95,1,'1','MAXTILL TRON G60 RGB ILLUMINATION GAMING MOUSE','마우스|광|DPI+5버튼|유선|금도금|USB|상하|ADNS-3050|4000DPI|6600FPS|가속도20G|S/W매크로|소프트웨어지원|LED튜닝제품|게이밍마우스|커스텀펌웨어지원OMRON스위치|123mm|70mm|41mm|97g|1.8m','32000','32',11,185,2);
Insert into EDUC239.TE_PRODUCT (PRODUCT_NUM,CATEGORY1_NUM,PRODUCT_CONTENT,PRODUCT_NAME,PRODUCT_TAG,PRODUCT_PRICE,PRODUCT_MILE,CATEGORY2_NUM,CATEGORY3_NUM,COUNT) values (96,1,'1','Razer KONE PURE OWL-EYE','마우스|광|7버튼|유선|USB|상하|PMW-3361|12000DPI|12000FPS|가속도50G|H/W 매크로|소프트웨어지원|내장메모리|LED튜닝제품|무광UV코팅|게이밍마우스|OMRON스위치|115mm|70mm|35mm|88g|1.8m','23000','23',11,186,2);
Insert into EDUC239.TE_PRODUCT (PRODUCT_NUM,CATEGORY1_NUM,PRODUCT_CONTENT,PRODUCT_NAME,PRODUCT_TAG,PRODUCT_PRICE,PRODUCT_MILE,CATEGORY2_NUM,CATEGORY3_NUM,COUNT) values (97,1,'1','Razer M100 Gaming Mouse','마우스|광|DPI+3버튼|유선|USB|상하|1600DPI|LED튜닝제품|게이밍마우스|124.23mm|68.17mm|39.14mm|141.9g','32000','32',11,186,2);
Insert into EDUC239.TE_PRODUCT (PRODUCT_NUM,CATEGORY1_NUM,PRODUCT_CONTENT,PRODUCT_NAME,PRODUCT_TAG,PRODUCT_PRICE,PRODUCT_MILE,CATEGORY2_NUM,CATEGORY3_NUM,COUNT) values (98,1,'1','COX SMH-210UB','마우스|광|3버튼|유선|USB|상하|800DPI','18000','18',11,182,2);
Insert into EDUC239.TE_PRODUCT (PRODUCT_NUM,CATEGORY1_NUM,PRODUCT_CONTENT,PRODUCT_NAME,PRODUCT_TAG,PRODUCT_PRICE,PRODUCT_MILE,CATEGORY2_NUM,CATEGORY3_NUM,COUNT) values (109,1,'1','Microsoft Office 365 Personal','일반사무/통합형/처음사용자용/1년/다운로드/가정용/윈도우즈/Mac겸용/한글/멀티터치지원/모바일지원/클라우드서비스/터치스크린지원','75000','750',14,206,4);
Insert into EDUC239.TE_PRODUCT (PRODUCT_NUM,CATEGORY1_NUM,PRODUCT_CONTENT,PRODUCT_NAME,PRODUCT_TAG,PRODUCT_PRICE,PRODUCT_MILE,CATEGORY2_NUM,CATEGORY3_NUM,COUNT) values (110,1,'1','Microsoft Office 2013 Home & Student','일반사무/통합형/PKC/기간없음/다운로드/윈도우용/한글/멀티터치지원/클라우드서비스/터치스크린 지원','79000','790',14,206,2);
Insert into EDUC239.TE_PRODUCT (PRODUCT_NUM,CATEGORY1_NUM,PRODUCT_CONTENT,PRODUCT_NAME,PRODUCT_TAG,PRODUCT_PRICE,PRODUCT_MILE,CATEGORY2_NUM,CATEGORY3_NUM,COUNT) values (111,1,'1','Microsoft Office 2016 Home & Business','일반사무/통합형/PKC/기간없음/다운로드/윈도우용/한글/멀티터치지원/클라우드서비스/터치스크린지원','79000','790',14,206,4);
Insert into EDUC239.TE_PRODUCT (PRODUCT_NUM,CATEGORY1_NUM,PRODUCT_CONTENT,PRODUCT_NAME,PRODUCT_TAG,PRODUCT_PRICE,PRODUCT_MILE,CATEGORY2_NUM,CATEGORY3_NUM,COUNT) values (112,1,'1','Microsoft Windows 10 Pro','운영체제/일반운영체제/처음사용자용(FPP)/기간없음/USB설치/제한없음/한글/다중언어팩/멀티터치지원/백업및복원/클라우드서비스/터치스크린지원/게임스트리밍지원/가상데스크톱/생체인식시스템/음성비서/홈그룹/메트로UI/드라이브암호화/스마트검색/도메인가입','90000','900',14,206,2);
Insert into EDUC239.TE_PRODUCT (PRODUCT_NUM,CATEGORY1_NUM,PRODUCT_CONTENT,PRODUCT_NAME,PRODUCT_TAG,PRODUCT_PRICE,PRODUCT_MILE,CATEGORY2_NUM,CATEGORY3_NUM,COUNT) values (113,1,'1','한글과컴퓨터 한컴 오피스 2018','일반사무/문서작성/처음사용자용/기간없음/USB설치/사무(기업)용','35000','350',14,207,4);
Insert into EDUC239.TE_PRODUCT (PRODUCT_NUM,CATEGORY1_NUM,PRODUCT_CONTENT,PRODUCT_NAME,PRODUCT_TAG,PRODUCT_PRICE,PRODUCT_MILE,CATEGORY2_NUM,CATEGORY3_NUM,COUNT) values (19,1,'1','AMD 라이젠 7 2700X (피나클 릿지) (정품)','AMD(소켓AM4)/12nm/옥타(8)코어/쓰레드16개/3.7GHz/4MB/16MB/64비트/105W/Unlocked/XFR/SENSEMI/SMT','375180','380',1,2,0);
Insert into EDUC239.TE_PRODUCT (PRODUCT_NUM,CATEGORY1_NUM,PRODUCT_CONTENT,PRODUCT_NAME,PRODUCT_TAG,PRODUCT_PRICE,PRODUCT_MILE,CATEGORY2_NUM,CATEGORY3_NUM,COUNT) values (49,1,'1','ASRock H310M-HDV 에즈윈 (벌크)','인텔(소켓1151v2)|(인텔) H310|M-ATX (19.1x18.8cm)|전원부5페이즈|DDR4|메모리 용량최대 32GB|XMP|PCIe 슬롯2개|SATA34개|7.1ch|그래픽 출력D-SUB^DVI^HDMI|PS/2콤보1개|USB2.0후면4개|USB3.1Gen1후면2개|기가비트LAN|UEFI','70000','70',2,31,4);
Insert into EDUC239.TE_PRODUCT (PRODUCT_NUM,CATEGORY1_NUM,PRODUCT_CONTENT,PRODUCT_NAME,PRODUCT_TAG,PRODUCT_PRICE,PRODUCT_MILE,CATEGORY2_NUM,CATEGORY3_NUM,COUNT) values (50,1,'1','ASUS PRIME H310M-K 코잇','인텔(소켓1151v2)|(인텔)H310|M-ATX(22.6x18.5cm)|전원부4페이즈|DDR4|메모리용량최대32GB|XMP|PCIe슬롯3개|SATA34개|8ch|그래픽출력D-SUB^DVI|PS/22개|USB 2.0후면2개|USB3.1Gen1$후면2개|기가비트LAN|UEFI|VRReady','65000','65',2,4,6);
Insert into EDUC239.TE_PRODUCT (PRODUCT_NUM,CATEGORY1_NUM,PRODUCT_CONTENT,PRODUCT_NAME,PRODUCT_TAG,PRODUCT_PRICE,PRODUCT_MILE,CATEGORY2_NUM,CATEGORY3_NUM,COUNT) values (51,1,'1','ECS DURATHON2 H310H5-M2DV 코잇','인텔(소켓1151v2)|(인텔)H310|M-ATX(19.0x17.0cm)|전원부4페이즈|DDR4|메모리용량최대32GB|PCIe슬롯2개|SATA34개|6ch|그래픽 출력D-SUB^DVI|PS/2콤보1개|USB 2.0후면4개|USB3.1Gen1$후면2개|기가비트LAN','66000','66',2,26,4);
Insert into EDUC239.TE_PRODUCT (PRODUCT_NUM,CATEGORY1_NUM,PRODUCT_CONTENT,PRODUCT_NAME,PRODUCT_TAG,PRODUCT_PRICE,PRODUCT_MILE,CATEGORY2_NUM,CATEGORY3_NUM,COUNT) values (52,1,'1','GIGABYTE GA-A320M-S2 듀러블에디션 제이씨현','AMD(소켓AM4)|(AMD)A320|M-ATX(24.4x19.5cm)|전원부6페이즈|DDR4|메모리용량최대32GB|XMP|VGA연결PCIe3.0 x16|PCIe슬롯3개|SATA34개|M.2 슬롯1개|6ch|그래픽출력D-SUB^DVI^HDMI|PS/22개|USB2.0후면개|USB3.1Gen1후면4개|기가비트LAN|UEFI|VRReady','68000','68',2,25,2);
Insert into EDUC239.TE_PRODUCT (PRODUCT_NUM,CATEGORY1_NUM,PRODUCT_CONTENT,PRODUCT_NAME,PRODUCT_TAG,PRODUCT_PRICE,PRODUCT_MILE,CATEGORY2_NUM,CATEGORY3_NUM,COUNT) values (53,1,'1','GIGABYTE H310M DS2V 듀러블에디션 피씨디렉트','인텔(소켓1151v2)|(인텔)H310|M-ATX(22.6x18.5cm)|전원부5페이즈|DDR4|메모리용량최대32GB|XMP|PCIe슬롯3개|SATA34개|8ch|그래픽출력D-SUB^DVI|PS/2콤보1개|USB2.0후면4개|USB3.1Gen1후면2개|기가비트LAN|UEFI|VRReady','67000','67',2,25,2);
Insert into EDUC239.TE_PRODUCT (PRODUCT_NUM,CATEGORY1_NUM,PRODUCT_CONTENT,PRODUCT_NAME,PRODUCT_TAG,PRODUCT_PRICE,PRODUCT_MILE,CATEGORY2_NUM,CATEGORY3_NUM,COUNT) values (54,1,'1','삼성전자 DDR3 4G PC3-12800 (정품)','DDR3|PC용|1ea|미포함|Dimm|4GB|1,600MHz|1.50V','23000','23',3,5,2);
Insert into EDUC239.TE_PRODUCT (PRODUCT_NUM,CATEGORY1_NUM,PRODUCT_CONTENT,PRODUCT_NAME,PRODUCT_TAG,PRODUCT_PRICE,PRODUCT_MILE,CATEGORY2_NUM,CATEGORY3_NUM,COUNT) values (55,1,'1','삼성전자 DDR4 4G PC4-21300 (정품)','DDR4|PC용|1ea|미포함|Dimm|4GB|2,666MHz','26000','26',3,5,4);
Insert into EDUC239.TE_PRODUCT (PRODUCT_NUM,CATEGORY1_NUM,PRODUCT_CONTENT,PRODUCT_NAME,PRODUCT_TAG,PRODUCT_PRICE,PRODUCT_MILE,CATEGORY2_NUM,CATEGORY3_NUM,COUNT) values (56,1,'1','삼성전자 DDR4 8G PC4-19200 (정품)','DDR4|PC용|1ea|미포함|Dimm|8GB|2,400MHz','31000','31',3,5,4);
Insert into EDUC239.TE_PRODUCT (PRODUCT_NUM,CATEGORY1_NUM,PRODUCT_CONTENT,PRODUCT_NAME,PRODUCT_TAG,PRODUCT_PRICE,PRODUCT_MILE,CATEGORY2_NUM,CATEGORY3_NUM,COUNT) values (57,1,'1','삼성전자 DDR4 8G PC4-21300 (정품)','DDR4|PC용|1ea|미포함|Dimm|8GB|2,666MHz','33000','33',3,5,4);
Insert into EDUC239.TE_PRODUCT (PRODUCT_NUM,CATEGORY1_NUM,PRODUCT_CONTENT,PRODUCT_NAME,PRODUCT_TAG,PRODUCT_PRICE,PRODUCT_MILE,CATEGORY2_NUM,CATEGORY3_NUM,COUNT) values (58,1,'1','삼성전자 노트북 DDR4 8G PC4-19200 (정품)','DDR4|노트북용|1ea|미포함|SO-Dimm|8GB|2,400MHz','32000','32',3,5,4);
Insert into EDUC239.TE_PRODUCT (PRODUCT_NUM,CATEGORY1_NUM,PRODUCT_CONTENT,PRODUCT_NAME,PRODUCT_TAG,PRODUCT_PRICE,PRODUCT_MILE,CATEGORY2_NUM,CATEGORY3_NUM,COUNT) values (99,1,'1','LG전자 24M49VQ','59.8cm(24형)|와이드(16:9)|TN|일반시야각|1920x1080(FHD)|0.2715mm|2(GTG)㎳|250㏅|1,000:1|75Hz|안티글레어|HDMI|DVI|D-SUB|플리커프리|블루라이트차단|헤드폰아웃|HDCP지원|틸트|75x75mm|색약지원|28W|0.3W','198000','198',12,190,8);
Insert into EDUC239.TE_PRODUCT (PRODUCT_NUM,CATEGORY1_NUM,PRODUCT_CONTENT,PRODUCT_NAME,PRODUCT_TAG,PRODUCT_PRICE,PRODUCT_MILE,CATEGORY2_NUM,CATEGORY3_NUM,COUNT) values (100,1,'1','LG전자 24MK430H','60.4cm(24형)|와이드(16:9)|IPS|광시야각|1920x1080(FHD)|0.2745mm|5㎳|250㏅|1,000:1|LED방식|75Hz|안티글레어|HDMI|D-SUB|플리커프리|블루라이트차단|눈부심방지|게임모드지원|조준선표시|인풋랙제어|FreeSync|헤드폰아웃|HDCP지원|틸트|75x75mm|색약지원|30W|0.3W','210000','210',12,190,4);
Insert into EDUC239.TE_PRODUCT (PRODUCT_NUM,CATEGORY1_NUM,PRODUCT_CONTENT,PRODUCT_NAME,PRODUCT_TAG,PRODUCT_PRICE,PRODUCT_MILE,CATEGORY2_NUM,CATEGORY3_NUM,COUNT) values (101,1,'1','래안텍 Aimecca AM-247 Limited 광시야각 Plus 무결점','59.94cm(24형)|와이드(16:9)|광시야각|1920x1080(FHD)|0.271mm|2㎳|250㏅|3,000:1|5,000,000:1|LED방식|60Hz|DVI|D-SUB|스피커|무결점정책|75x75mm|30W|0.5W','180000','180',12,187,0);
Insert into EDUC239.TE_PRODUCT (PRODUCT_NUM,CATEGORY1_NUM,PRODUCT_CONTENT,PRODUCT_NAME,PRODUCT_TAG,PRODUCT_PRICE,PRODUCT_MILE,CATEGORY2_NUM,CATEGORY3_NUM,COUNT) values (102,1,'1','알파스캔 K24MF','60.8cm(24형)|와이드(16:9)|VA|광시야각|1920x1080(FHD)|5㎳|200㏅|3,000:1|50,000,000:1|LED방식|HDMI|플리커프리|블루라이트차단|틸트|0.5W 이하','195000','195',12,191,2);
Insert into EDUC239.TE_PRODUCT (PRODUCT_NUM,CATEGORY1_NUM,PRODUCT_CONTENT,PRODUCT_NAME,PRODUCT_TAG,PRODUCT_PRICE,PRODUCT_MILE,CATEGORY2_NUM,CATEGORY3_NUM,COUNT) values (103,1,'1','한성컴퓨터 Professional P2417H','60.45cm(24형)|와이드(16:9)|IPS|광시야각|1920x1080(FHD)|0.275mm|6㎳|250㏅|1,000:1|4,000,000:1|LED방식|60Hz|HDMI|DP포트|D-SUB|플리커프리|피벗|높낮이조절|스위블|틸트|39W|002W','200000','200',12,188,2);
REM INSERTING into EDUC239.TE_PRODUCTIMG
SET DEFINE OFF;
Insert into EDUC239.TE_PRODUCTIMG (PRODUCT_NUM,PRODUCTIMG_NUM,PRODUCTIMG_S,PRODUCTIMG_NAME,PRODUCTIMG_M,PRODUCTIMG_L) values (1,1,'intel_1_M.jpg',null,'intel_1_M.jpg','intel_1_L.jpg');
Insert into EDUC239.TE_PRODUCTIMG (PRODUCT_NUM,PRODUCTIMG_NUM,PRODUCTIMG_S,PRODUCTIMG_NAME,PRODUCTIMG_M,PRODUCTIMG_L) values (2,2,'8080.jpg',null,'AMD_M.jpg','AMD_L.jpg');
Insert into EDUC239.TE_PRODUCTIMG (PRODUCT_NUM,PRODUCTIMG_NUM,PRODUCTIMG_S,PRODUCTIMG_NAME,PRODUCTIMG_M,PRODUCTIMG_L) values (13,13,'lgame1_S.jpg',null,'lgame1_M.jpg','lgame1_L.jpg');
Insert into EDUC239.TE_PRODUCTIMG (PRODUCT_NUM,PRODUCTIMG_NUM,PRODUCTIMG_S,PRODUCTIMG_NAME,PRODUCTIMG_M,PRODUCTIMG_L) values (14,14,'lgame2_S.jpg',null,'lgame2_M.jpg','lgame2_L.jpg');
Insert into EDUC239.TE_PRODUCTIMG (PRODUCT_NUM,PRODUCTIMG_NUM,PRODUCTIMG_S,PRODUCTIMG_NAME,PRODUCTIMG_M,PRODUCTIMG_L) values (15,15,'loffice1_S.jpg',null,'loffice1_M.jpg','loffice1_L.jpg');
Insert into EDUC239.TE_PRODUCTIMG (PRODUCT_NUM,PRODUCTIMG_NUM,PRODUCTIMG_S,PRODUCTIMG_NAME,PRODUCTIMG_M,PRODUCTIMG_L) values (16,16,'loffice2_S.jpg',null,'loffice2_M.jpg','loffice2_L.jpg');
Insert into EDUC239.TE_PRODUCTIMG (PRODUCT_NUM,PRODUCTIMG_NUM,PRODUCTIMG_S,PRODUCTIMG_NAME,PRODUCTIMG_M,PRODUCTIMG_L) values (17,17,'lhighend1_S.jpg',null,'lhighend1_M.jpg','lhighend1_L.jpg');
Insert into EDUC239.TE_PRODUCTIMG (PRODUCT_NUM,PRODUCTIMG_NUM,PRODUCTIMG_S,PRODUCTIMG_NAME,PRODUCTIMG_M,PRODUCTIMG_L) values (18,18,'lhighend2_S.jpg',null,'lhighend2_M.jpg','lhighend2_L.jpg');
Insert into EDUC239.TE_PRODUCTIMG (PRODUCT_NUM,PRODUCTIMG_NUM,PRODUCTIMG_S,PRODUCTIMG_NAME,PRODUCTIMG_M,PRODUCTIMG_L) values (59,59,'GIGABYTE 지포스 G210 D3 1GB Silent 0dB m.jpg',null,'GIGABYTE 지포스 G210 D3 1GB Silent 0dB m.jpg','GIGABYTE 지포스 G210 D3 1GB Silent 0dB l.jpg');
Insert into EDUC239.TE_PRODUCTIMG (PRODUCT_NUM,PRODUCTIMG_NUM,PRODUCTIMG_S,PRODUCTIMG_NAME,PRODUCTIMG_M,PRODUCTIMG_L) values (60,60,'GIGABYTE 지포스 GTX1050 UD2 D5 2GB 미니미 m.jpg',null,'GIGABYTE 지포스 GTX1050 UD2 D5 2GB 미니미 m.jpg','GIGABYTE 지포스 GTX1050 UD2 D5 2GB 미니미 l.jpg');
Insert into EDUC239.TE_PRODUCTIMG (PRODUCT_NUM,PRODUCTIMG_NUM,PRODUCTIMG_S,PRODUCTIMG_NAME,PRODUCTIMG_M,PRODUCTIMG_L) values (61,61,'GIGABYTE 지포스 GTX1050 UD2 WF-2X D5 2GBm.jpg',null,'GIGABYTE 지포스 GTX1050 UD2 WF-2X D5 2GBm.jpg','GIGABYTE 지포스 GTX1050 UD2 WF-2X D5 2GBl.jpg');
Insert into EDUC239.TE_PRODUCTIMG (PRODUCT_NUM,PRODUCTIMG_NUM,PRODUCTIMG_S,PRODUCTIMG_NAME,PRODUCTIMG_M,PRODUCTIMG_L) values (62,62,'GIGABYTE 지포스 GTX1060 UDV D5 6GB 윈드포스m.jpg',null,'GIGABYTE 지포스 GTX1060 UDV D5 6GB 윈드포스m.jpg','GIGABYTE 지포스 GTX1060 UDV D5 6GB 윈드포스l.jpg');
Insert into EDUC239.TE_PRODUCTIMG (PRODUCT_NUM,PRODUCTIMG_NUM,PRODUCTIMG_S,PRODUCTIMG_NAME,PRODUCTIMG_M,PRODUCTIMG_L) values (63,63,'MSI 지포스 GTX1060 OC D5 3GB 윈드스톰m.jpg',null,'MSI 지포스 GTX1060 OC D5 3GB 윈드스톰m.jpg','MSI 지포스 GTX1060 OC D5 3GB 윈드스톰l.jpg');
Insert into EDUC239.TE_PRODUCTIMG (PRODUCT_NUM,PRODUCTIMG_NUM,PRODUCTIMG_S,PRODUCTIMG_NAME,PRODUCTIMG_M,PRODUCTIMG_L) values (79,79,'COOLMAX FOCUS 600W 80Plus 230V EU m.jpg',null,'COOLMAX FOCUS 600W 80Plus 230V EU m.jpg','COOLMAX FOCUS 600W 80Plus 230V EU l.jpg');
Insert into EDUC239.TE_PRODUCTIMG (PRODUCT_NUM,PRODUCTIMG_NUM,PRODUCTIMG_S,PRODUCTIMG_NAME,PRODUCTIMG_M,PRODUCTIMG_L) values (80,80,'FSP HYPER K 700W 80PLUS Standard 230V EU m.jpg',null,'FSP HYPER K 700W 80PLUS Standard 230V EU m.jpg','FSP HYPER K 700W 80PLUS Standard 230V EU l.jpg');
Insert into EDUC239.TE_PRODUCTIMG (PRODUCT_NUM,PRODUCTIMG_NUM,PRODUCTIMG_S,PRODUCTIMG_NAME,PRODUCTIMG_M,PRODUCTIMG_L) values (81,81,'마이크로닉스 Classic II 500W +12V Single Rail 85+ m.jpg',null,'마이크로닉스 Classic II 500W +12V Single Rail 85+ m.jpg','마이크로닉스 Classic II 500W +12V Single Rail 85+ l.jpg');
Insert into EDUC239.TE_PRODUCTIMG (PRODUCT_NUM,PRODUCTIMG_NUM,PRODUCTIMG_S,PRODUCTIMG_NAME,PRODUCTIMG_M,PRODUCTIMG_L) values (82,82,'아이구주 ELPIS SP-600EL m.jpg',null,'아이구주 ELPIS SP-600EL m.jpg','아이구주 ELPIS SP-600EL l.jpg');
Insert into EDUC239.TE_PRODUCTIMG (PRODUCT_NUM,PRODUCTIMG_NUM,PRODUCTIMG_S,PRODUCTIMG_NAME,PRODUCTIMG_M,PRODUCTIMG_L) values (83,83,'잘만 EcoMax 500W 83+ m.jpg',null,'잘만 EcoMax 500W 83+ m.jpg','잘만 EcoMax 500W 83+ l.jpg');
Insert into EDUC239.TE_PRODUCTIMG (PRODUCT_NUM,PRODUCTIMG_NUM,PRODUCTIMG_S,PRODUCTIMG_NAME,PRODUCTIMG_M,PRODUCTIMG_L) values (84,84,'ABKO NCORE 아수라 풀 아크릴 블랙 m.jpg',null,'ABKO NCORE 아수라 풀 아크릴 블랙 m.jpg','ABKO NCORE 아수라 풀 아크릴 블랙 l.jpg');
Insert into EDUC239.TE_PRODUCTIMG (PRODUCT_NUM,PRODUCTIMG_NUM,PRODUCTIMG_S,PRODUCTIMG_NAME,PRODUCTIMG_M,PRODUCTIMG_L) values (85,85,'ABKO NCORE 오라클 강화유리 스펙트럼 CORONA m.jpg',null,'ABKO NCORE 오라클 강화유리 스펙트럼 CORONA m.jpg','ABKO NCORE 오라클 강화유리 스펙트럼 CORONA l.jpg');
Insert into EDUC239.TE_PRODUCTIMG (PRODUCT_NUM,PRODUCTIMG_NUM,PRODUCTIMG_S,PRODUCTIMG_NAME,PRODUCTIMG_M,PRODUCTIMG_L) values (86,86,'대양케이스 ELIN 화이트 m.jpg',null,'대양케이스 ELIN 화이트 m.jpg','대양케이스 ELIN 화이트 l.jpg');
Insert into EDUC239.TE_PRODUCTIMG (PRODUCT_NUM,PRODUCTIMG_NUM,PRODUCTIMG_S,PRODUCTIMG_NAME,PRODUCTIMG_M,PRODUCTIMG_L) values (87,87,'대양케이스 ENIX USB 3.0 풀 아크릴 화이트 m.jpg',null,'대양케이스 ENIX USB 3.0 풀 아크릴 화이트 m.jpg','대양케이스 ENIX USB 3.0 풀 아크릴 화이트 l.jpg');
Insert into EDUC239.TE_PRODUCTIMG (PRODUCT_NUM,PRODUCTIMG_NUM,PRODUCTIMG_S,PRODUCTIMG_NAME,PRODUCTIMG_M,PRODUCTIMG_L) values (88,88,'아이구주 G50 RGB LED 강화유리 화이트 m.jpg',null,'아이구주 G50 RGB LED 강화유리 화이트 m.jpg','아이구주 G50 RGB LED 강화유리 화이트 l.jpg');
Insert into EDUC239.TE_PRODUCTIMG (PRODUCT_NUM,PRODUCTIMG_NUM,PRODUCTIMG_S,PRODUCTIMG_NAME,PRODUCTIMG_M,PRODUCTIMG_L) values (89,89,'ABKO HACKER K640 축교환 게이밍 기계식 m.jpg',null,'ABKO HACKER K640 축교환 게이밍 기계식 m.jpg','ABKO HACKER K640 축교환 게이밍 기계식 l.jpg');
Insert into EDUC239.TE_PRODUCTIMG (PRODUCT_NUM,PRODUCTIMG_NUM,PRODUCTIMG_S,PRODUCTIMG_NAME,PRODUCTIMG_M,PRODUCTIMG_L) values (90,90,'COX CK30 청축형 멤브레인 게이밍 m.jpg',null,'COX CK30 청축형 멤브레인 게이밍 m.jpg','COX CK30 청축형 멤브레인 게이밍 l.jpg');
Insert into EDUC239.TE_PRODUCTIMG (PRODUCT_NUM,PRODUCTIMG_NUM,PRODUCTIMG_S,PRODUCTIMG_NAME,PRODUCTIMG_M,PRODUCTIMG_L) values (91,91,'MAXTILL TRON G610K V2 축교환 방진축 (청축) m.jpg',null,'MAXTILL TRON G610K V2 축교환 방진축 (청축) m.jpg','MAXTILL TRON G610K V2 축교환 방진축 (청축) l.jpg');
Insert into EDUC239.TE_PRODUCTIMG (PRODUCT_NUM,PRODUCTIMG_NUM,PRODUCTIMG_S,PRODUCTIMG_NAME,PRODUCTIMG_M,PRODUCTIMG_L) values (92,92,'로지텍 K120 New 키보드 (정품) m.jpg',null,'로지텍 K120 New 키보드 (정품) m.jpg','로지텍 K120 New 키보드 (정품) l.jpg');
Insert into EDUC239.TE_PRODUCTIMG (PRODUCT_NUM,PRODUCTIMG_NUM,PRODUCTIMG_S,PRODUCTIMG_NAME,PRODUCTIMG_M,PRODUCTIMG_L) values (93,93,'스카이디지탈 NKEYBOARD NKEY-T1 더블샷 RGB LED m.jpg',null,'스카이디지탈 NKEYBOARD NKEY-T1 더블샷 RGB LED m.jpg','스카이디지탈 NKEYBOARD NKEY-T1 더블샷 RGB LED l.jpg');
Insert into EDUC239.TE_PRODUCTIMG (PRODUCT_NUM,PRODUCTIMG_NUM,PRODUCTIMG_S,PRODUCTIMG_NAME,PRODUCTIMG_M,PRODUCTIMG_L) values (94,94,'ABKO MX1100 m.jpg',null,'ABKO MX1100 m.jpg','ABKO MX1100 l.jpg');
Insert into EDUC239.TE_PRODUCTIMG (PRODUCT_NUM,PRODUCTIMG_NUM,PRODUCTIMG_S,PRODUCTIMG_NAME,PRODUCTIMG_M,PRODUCTIMG_L) values (95,95,'HP M100 Gaming Mouse m.jpg',null,'HP M100 Gaming Mouse m.jpg','HP M100 Gaming Mouse l.jpg');
Insert into EDUC239.TE_PRODUCTIMG (PRODUCT_NUM,PRODUCTIMG_NUM,PRODUCTIMG_S,PRODUCTIMG_NAME,PRODUCTIMG_M,PRODUCTIMG_L) values (96,96,'MAXTILL TRON G60 RGB ILLUMINATION GAMING MOUSE m.jpg',null,'MAXTILL TRON G60 RGB ILLUMINATION GAMING MOUSE m.jpg','MAXTILL TRON G60 RGB ILLUMINATION GAMING MOUSE l.jpg');
Insert into EDUC239.TE_PRODUCTIMG (PRODUCT_NUM,PRODUCTIMG_NUM,PRODUCTIMG_S,PRODUCTIMG_NAME,PRODUCTIMG_M,PRODUCTIMG_L) values (97,97,'ROCCAT KONE PURE OWL-EYE m.jpg',null,'ROCCAT KONE PURE OWL-EYE m.jpg','ROCCAT KONE PURE OWL-EYE l.jpg');
Insert into EDUC239.TE_PRODUCTIMG (PRODUCT_NUM,PRODUCTIMG_NUM,PRODUCTIMG_S,PRODUCTIMG_NAME,PRODUCTIMG_M,PRODUCTIMG_L) values (98,98,'삼성전자 SMH-210UB m.jpg',null,'삼성전자 SMH-210UB m.jpg','삼성전자 SMH-210UB l.jpg');
Insert into EDUC239.TE_PRODUCTIMG (PRODUCT_NUM,PRODUCTIMG_NUM,PRODUCTIMG_S,PRODUCTIMG_NAME,PRODUCTIMG_M,PRODUCTIMG_L) values (99,99,'Aimecca AM-247 Limited 광시야각 Plus 무결점 m.jpg',null,'Aimecca AM-247 Limited 광시야각 Plus 무결점 m.jpg','Aimecca AM-247 Limited 광시야각 Plus 무결점 l.jpg');
Insert into EDUC239.TE_PRODUCTIMG (PRODUCT_NUM,PRODUCTIMG_NUM,PRODUCTIMG_S,PRODUCTIMG_NAME,PRODUCTIMG_M,PRODUCTIMG_L) values (100,100,'DELL Professional P2417H m.jpg',null,'DELL Professional P2417H m.jpg','DELL Professional P2417H l.jpg');
Insert into EDUC239.TE_PRODUCTIMG (PRODUCT_NUM,PRODUCTIMG_NUM,PRODUCTIMG_S,PRODUCTIMG_NAME,PRODUCTIMG_M,PRODUCTIMG_L) values (101,101,'LG전자 24M49VQ m.jpg',null,'LG전자 24M49VQ m.jpg','LG전자 24M49VQ l.jpg');
Insert into EDUC239.TE_PRODUCTIMG (PRODUCT_NUM,PRODUCTIMG_NUM,PRODUCTIMG_S,PRODUCTIMG_NAME,PRODUCTIMG_M,PRODUCTIMG_L) values (102,102,'LG전자 24MK430H m.jpg',null,'LG전자 24MK430H m.jpg','LG전자 24MK430H l.jpg');
Insert into EDUC239.TE_PRODUCTIMG (PRODUCT_NUM,PRODUCTIMG_NUM,PRODUCTIMG_S,PRODUCTIMG_NAME,PRODUCTIMG_M,PRODUCTIMG_L) values (103,103,'클라인즈 K24MF m.jpg',null,'클라인즈 K24MF m.jpg','클라인즈 K24MF l.jpg');
Insert into EDUC239.TE_PRODUCTIMG (PRODUCT_NUM,PRODUCTIMG_NUM,PRODUCTIMG_S,PRODUCTIMG_NAME,PRODUCTIMG_M,PRODUCTIMG_L) values (104,104,'AONE DOUBLERING FAN 120  m.jpg',null,'AONE DOUBLERING FAN 120  m.jpg','AONE DOUBLERING FAN 120  l.jpg');
Insert into EDUC239.TE_PRODUCTIMG (PRODUCT_NUM,PRODUCTIMG_NUM,PRODUCTIMG_S,PRODUCTIMG_NAME,PRODUCTIMG_M,PRODUCTIMG_L) values (105,105,'COOLERTEC CT-4020H12B-2P m.jpg',null,'COOLERTEC CT-4020H12B-2P m.jpg','COOLERTEC CT-4020H12B-2P l.jpg');
Insert into EDUC239.TE_PRODUCTIMG (PRODUCT_NUM,PRODUCTIMG_NUM,PRODUCTIMG_S,PRODUCTIMG_NAME,PRODUCTIMG_M,PRODUCTIMG_L) values (106,106,'DEEPCOOL GAMMAXX 400 BLUE BASIC m.jpg',null,'DEEPCOOL GAMMAXX 400 BLUE BASIC m.jpg','DEEPCOOL GAMMAXX 400 BLUE BASIC l.jpg');
Insert into EDUC239.TE_PRODUCTIMG (PRODUCT_NUM,PRODUCTIMG_NUM,PRODUCTIMG_S,PRODUCTIMG_NAME,PRODUCTIMG_M,PRODUCTIMG_L) values (107,107,'써모랩 TRINITY WHITE LED m.jpg',null,'써모랩 TRINITY WHITE LED m.jpg','써모랩 TRINITY WHITE LED l.jpg');
Insert into EDUC239.TE_PRODUCTIMG (PRODUCT_NUM,PRODUCTIMG_NUM,PRODUCTIMG_S,PRODUCTIMG_NAME,PRODUCTIMG_M,PRODUCTIMG_L) values (108,108,'인텔 소켓1156 정품 (일반형) m.jpg',null,'인텔 소켓1156 정품 (일반형) m.jpg','인텔 소켓1156 정품 (일반형) l.jpg');
Insert into EDUC239.TE_PRODUCTIMG (PRODUCT_NUM,PRODUCTIMG_NUM,PRODUCTIMG_S,PRODUCTIMG_NAME,PRODUCTIMG_M,PRODUCTIMG_L) values (109,109,'Microsoft Office 365 Personal m.jpg',null,'Microsoft Office 365 Personal m.jpg','Microsoft Office 365 Personal l.jpg');
Insert into EDUC239.TE_PRODUCTIMG (PRODUCT_NUM,PRODUCTIMG_NUM,PRODUCTIMG_S,PRODUCTIMG_NAME,PRODUCTIMG_M,PRODUCTIMG_L) values (110,110,'Microsoft Office 2013 Home & Student m.jpg',null,'Microsoft Office 2013 Home & Student m.jpg','Microsoft Office 2013 Home & Student m.jpg');
Insert into EDUC239.TE_PRODUCTIMG (PRODUCT_NUM,PRODUCTIMG_NUM,PRODUCTIMG_S,PRODUCTIMG_NAME,PRODUCTIMG_M,PRODUCTIMG_L) values (111,111,'Microsoft Office 2016 Home & Business m.jpg',null,'Microsoft Office 2016 Home & Business m.jpg','Microsoft Office 2016 Home & Business l.jpg');
Insert into EDUC239.TE_PRODUCTIMG (PRODUCT_NUM,PRODUCTIMG_NUM,PRODUCTIMG_S,PRODUCTIMG_NAME,PRODUCTIMG_M,PRODUCTIMG_L) values (112,112,'Microsoft Windows 10 Pro m.jpg',null,'Microsoft Windows 10 Pro m.jpg','Microsoft Windows 10 Pro l.jpg');
Insert into EDUC239.TE_PRODUCTIMG (PRODUCT_NUM,PRODUCTIMG_NUM,PRODUCTIMG_S,PRODUCTIMG_NAME,PRODUCTIMG_M,PRODUCTIMG_L) values (113,113,'한글과컴퓨터 한컴 오피스 2018 m.jpg',null,'한글과컴퓨터 한컴 오피스 2018 m.jpg','한글과컴퓨터 한컴 오피스 2018 l.jpg');
Insert into EDUC239.TE_PRODUCTIMG (PRODUCT_NUM,PRODUCTIMG_NUM,PRODUCTIMG_S,PRODUCTIMG_NAME,PRODUCTIMG_M,PRODUCTIMG_L) values (3,3,'mainboard1_S.jpg',null,'mainboard1_M.jpg','mainboard1_L.jpg');
Insert into EDUC239.TE_PRODUCTIMG (PRODUCT_NUM,PRODUCTIMG_NUM,PRODUCTIMG_S,PRODUCTIMG_NAME,PRODUCTIMG_M,PRODUCTIMG_L) values (4,4,'mainboard2_S.jpg',null,'mainboard2_M.jpg','mainboard2_L.jpg');
Insert into EDUC239.TE_PRODUCTIMG (PRODUCT_NUM,PRODUCTIMG_NUM,PRODUCTIMG_S,PRODUCTIMG_NAME,PRODUCTIMG_M,PRODUCTIMG_L) values (5,5,'memory1_S.jpg',null,'memory1_M.jpg','memory1_L.jpg');
Insert into EDUC239.TE_PRODUCTIMG (PRODUCT_NUM,PRODUCTIMG_NUM,PRODUCTIMG_S,PRODUCTIMG_NAME,PRODUCTIMG_M,PRODUCTIMG_L) values (6,6,'memory2_S.jpg',null,'memory2_M.jpg','memory2_L.jpg');
Insert into EDUC239.TE_PRODUCTIMG (PRODUCT_NUM,PRODUCTIMG_NUM,PRODUCTIMG_S,PRODUCTIMG_NAME,PRODUCTIMG_M,PRODUCTIMG_L) values (44,44,'AMD_5_2600_M.jpg',null,'AMD_5_2600_M.jpg','AMD_5_2600_L.jpg');
Insert into EDUC239.TE_PRODUCTIMG (PRODUCT_NUM,PRODUCTIMG_NUM,PRODUCTIMG_S,PRODUCTIMG_NAME,PRODUCTIMG_M,PRODUCTIMG_L) values (45,45,'AMD_7_2700_M.jpg',null,'AMD_7_2700_M.jpg','AMD_7_2700_L.jpg');
Insert into EDUC239.TE_PRODUCTIMG (PRODUCT_NUM,PRODUCTIMG_NUM,PRODUCTIMG_S,PRODUCTIMG_NAME,PRODUCTIMG_M,PRODUCTIMG_L) values (46,46,'i5_9_9600K_M.jpg',null,'i5_9_9600K_M.jpg','i5_9_9600K_L.jpg');
Insert into EDUC239.TE_PRODUCTIMG (PRODUCT_NUM,PRODUCTIMG_NUM,PRODUCTIMG_S,PRODUCTIMG_NAME,PRODUCTIMG_M,PRODUCTIMG_L) values (47,47,'인텔 코어i3-8세대 8100 (커피레이크) (정품)m.jpg',null,'인텔 코어i3-8세대 8100 (커피레이크) (정품)m.jpg','인텔 코어i3-8세대 8100 (커피레이크) (정품)l.jpg');
Insert into EDUC239.TE_PRODUCTIMG (PRODUCT_NUM,PRODUCTIMG_NUM,PRODUCTIMG_S,PRODUCTIMG_NAME,PRODUCTIMG_M,PRODUCTIMG_L) values (48,48,'인텔 코어i7-8세대 8700 (커피레이크)m.jpg',null,'인텔 코어i7-8세대 8700 (커피레이크)m.jpg','인텔 코어i7-8세대 8700 (커피레이크)l.jpg');
Insert into EDUC239.TE_PRODUCTIMG (PRODUCT_NUM,PRODUCTIMG_NUM,PRODUCTIMG_S,PRODUCTIMG_NAME,PRODUCTIMG_M,PRODUCTIMG_L) values (54,54,'삼성전자 DDR3 4G PC3-12800 (정품)m.jpg',null,'삼성전자 DDR3 4G PC3-12800 (정품)m.jpg','삼성전자 DDR3 4G PC3-12800 (정품)sl.jpg');
Insert into EDUC239.TE_PRODUCTIMG (PRODUCT_NUM,PRODUCTIMG_NUM,PRODUCTIMG_S,PRODUCTIMG_NAME,PRODUCTIMG_M,PRODUCTIMG_L) values (55,55,'삼성전자 DDR4 4G PC4-21300 (정품)m.jpg',null,'삼성전자 DDR4 4G PC4-21300 (정품)m.jpg','삼성전자 DDR4 4G PC4-21300 (정품)l.jpg');
Insert into EDUC239.TE_PRODUCTIMG (PRODUCT_NUM,PRODUCTIMG_NUM,PRODUCTIMG_S,PRODUCTIMG_NAME,PRODUCTIMG_M,PRODUCTIMG_L) values (56,56,'삼성전자 DDR4 8G PC4-19200 (정품)m.jpg',null,'삼성전자 DDR4 8G PC4-19200 (정품)m.jpg','삼성전자 DDR4 8G PC4-19200 (정품)l.jpg');
Insert into EDUC239.TE_PRODUCTIMG (PRODUCT_NUM,PRODUCTIMG_NUM,PRODUCTIMG_S,PRODUCTIMG_NAME,PRODUCTIMG_M,PRODUCTIMG_L) values (57,57,'삼성전자 DDR4 8G PC4-21300 (정품)m.jpg',null,'삼성전자 DDR4 8G PC4-21300 (정품)m.jpg','삼성전자 DDR4 8G PC4-21300 (정품)l.jpg');
Insert into EDUC239.TE_PRODUCTIMG (PRODUCT_NUM,PRODUCTIMG_NUM,PRODUCTIMG_S,PRODUCTIMG_NAME,PRODUCTIMG_M,PRODUCTIMG_L) values (58,58,'삼성전자 노트북 DDR4 8G PC4-19200 (정품)m.jpg',null,'삼성전자 노트북 DDR4 8G PC4-19200 (정품)m.jpg','GIGABYTE H310M DS2V 듀러블에디션 피씨디렉트l.jpg');
Insert into EDUC239.TE_PRODUCTIMG (PRODUCT_NUM,PRODUCTIMG_NUM,PRODUCTIMG_S,PRODUCTIMG_NAME,PRODUCTIMG_M,PRODUCTIMG_L) values (64,64,'ADATA Ultimate SU800 SHT (128GB)m.jpg',null,'ADATA Ultimate SU800 SHT (128GB)m.jpg','ADATA Ultimate SU800 SHT (128GB)l.jpg');
Insert into EDUC239.TE_PRODUCTIMG (PRODUCT_NUM,PRODUCTIMG_NUM,PRODUCTIMG_S,PRODUCTIMG_NAME,PRODUCTIMG_M,PRODUCTIMG_L) values (65,65,'Seagate 바라쿠다 SSD (250GB)m.jpg',null,'Seagate 바라쿠다 SSD (250GB)m.jpg','Seagate 바라쿠다 SSD (250GB)l.jpg');
Insert into EDUC239.TE_PRODUCTIMG (PRODUCT_NUM,PRODUCTIMG_NUM,PRODUCTIMG_S,PRODUCTIMG_NAME,PRODUCTIMG_M,PRODUCTIMG_L) values (66,66,'Western Digital WD Green SSD (120GB)m.jpg',null,'Western Digital WD Green SSD (120GB)m.jpg','Western Digital WD Green SSD (120GB)l.jpg');
Insert into EDUC239.TE_PRODUCTIMG (PRODUCT_NUM,PRODUCTIMG_NUM,PRODUCTIMG_S,PRODUCTIMG_NAME,PRODUCTIMG_M,PRODUCTIMG_L) values (67,67,'삼성전자 850 EVO Series (120GB)m.jpg',null,'삼성전자 850 EVO Series (120GB)m.jpg','삼성전자 850 EVO Series (120GB)l.jpg');
Insert into EDUC239.TE_PRODUCTIMG (PRODUCT_NUM,PRODUCTIMG_NUM,PRODUCTIMG_S,PRODUCTIMG_NAME,PRODUCTIMG_M,PRODUCTIMG_L) values (68,68,'삼성전자 970 EVO M.2 2280 (250GB)m.jpg',null,'삼성전자 970 EVO M.2 2280 (250GB)m.jpg','삼성전자 970 EVO M.2 2280 (250GB)l.jpg');
Insert into EDUC239.TE_PRODUCTIMG (PRODUCT_NUM,PRODUCTIMG_NUM,PRODUCTIMG_S,PRODUCTIMG_NAME,PRODUCTIMG_M,PRODUCTIMG_L) values (69,69,'Seagate 1TB BarraCuda ST1000DM010 m.jpg',null,'Seagate 1TB BarraCuda ST1000DM010 m.jpg','Seagate 1TB BarraCuda ST1000DM010 l.jpg');
Insert into EDUC239.TE_PRODUCTIMG (PRODUCT_NUM,PRODUCTIMG_NUM,PRODUCTIMG_S,PRODUCTIMG_NAME,PRODUCTIMG_M,PRODUCTIMG_L) values (70,70,'Seagate 2TB BarraCuda ST2000DM006 m.jpg',null,'Seagate 2TB BarraCuda ST2000DM006 m.jpg','Seagate 2TB BarraCuda ST2000DM006 l.jpg');
Insert into EDUC239.TE_PRODUCTIMG (PRODUCT_NUM,PRODUCTIMG_NUM,PRODUCTIMG_S,PRODUCTIMG_NAME,PRODUCTIMG_M,PRODUCTIMG_L) values (71,71,'Seagate 2TB BarraCuda ST2000DM008 m.jpg',null,'Seagate 2TB BarraCuda ST2000DM008 m.jpg','Seagate 2TB BarraCuda ST2000DM008 l.jpg');
Insert into EDUC239.TE_PRODUCTIMG (PRODUCT_NUM,PRODUCTIMG_NUM,PRODUCTIMG_S,PRODUCTIMG_NAME,PRODUCTIMG_M,PRODUCTIMG_L) values (72,72,'Western Digital WD 1TB BLUE WD10EZEX m.jpg',null,'Western Digital WD 1TB BLUE WD10EZEX m.jpg','Western Digital WD 1TB BLUE WD10EZEX l.jpg');
Insert into EDUC239.TE_PRODUCTIMG (PRODUCT_NUM,PRODUCTIMG_NUM,PRODUCTIMG_S,PRODUCTIMG_NAME,PRODUCTIMG_M,PRODUCTIMG_L) values (73,73,'Western Digital WD 2TB BLUE WD20EZRZ m.jpg',null,'Western Digital WD 2TB BLUE WD20EZRZ m.jpg','Western Digital WD 2TB BLUE WD20EZRZ l.jpg');
Insert into EDUC239.TE_PRODUCTIMG (PRODUCT_NUM,PRODUCTIMG_NUM,PRODUCTIMG_S,PRODUCTIMG_NAME,PRODUCTIMG_M,PRODUCTIMG_L) values (74,74,'LG전자 Slim Portable DVD Writer GP50NB40 외장형 m.jpg',null,'LG전자 Slim Portable DVD Writer GP50NB40 외장형 m.jpg','LG전자 Slim Portable DVD Writer GP50NB40 외장형 l.jpg');
Insert into EDUC239.TE_PRODUCTIMG (PRODUCT_NUM,PRODUCTIMG_NUM,PRODUCTIMG_S,PRODUCTIMG_NAME,PRODUCTIMG_M,PRODUCTIMG_L) values (75,75,'LG전자 Slim Portable DVD Writer GP50NW40 m.jpg',null,'LG전자 Slim Portable DVD Writer GP50NW40 m.jpg','LG전자 Slim Portable DVD Writer GP50NW40 l.jpg');
Insert into EDUC239.TE_PRODUCTIMG (PRODUCT_NUM,PRODUCTIMG_NUM,PRODUCTIMG_S,PRODUCTIMG_NAME,PRODUCTIMG_M,PRODUCTIMG_L) values (76,76,'LG전자 Slim Portable DVD Writer GP60NS50 외장형 m.jpg',null,'LG전자 Slim Portable DVD Writer GP60NS50 외장형 m.jpg','LG전자 Slim Portable DVD Writer GP60NS50 외장형 l.jpg');
Insert into EDUC239.TE_PRODUCTIMG (PRODUCT_NUM,PRODUCTIMG_NUM,PRODUCTIMG_S,PRODUCTIMG_NAME,PRODUCTIMG_M,PRODUCTIMG_L) values (77,77,'Lite-On DVD-Multi iHAS124 (정품벌크) m.jpg',null,'Lite-On DVD-Multi iHAS124 (정품벌크) m.jpg','Lite-On DVD-Multi iHAS124 (정품벌크) l.jpg');
Insert into EDUC239.TE_PRODUCTIMG (PRODUCT_NUM,PRODUCTIMG_NUM,PRODUCTIMG_S,PRODUCTIMG_NAME,PRODUCTIMG_M,PRODUCTIMG_L) values (78,78,'Lite-On USB 외장형 DVD-RW ES-1 m.jpg',null,'Lite-On USB 외장형 DVD-RW ES-1 m.jpg','Lite-On USB 외장형 DVD-RW ES-1 l.jpg');
Insert into EDUC239.TE_PRODUCTIMG (PRODUCT_NUM,PRODUCTIMG_NUM,PRODUCTIMG_S,PRODUCTIMG_NAME,PRODUCTIMG_M,PRODUCTIMG_L) values (9,9,'soffice1_S.jpg',null,'soffice1_M.jpg','soffice1_L.jpg');
Insert into EDUC239.TE_PRODUCTIMG (PRODUCT_NUM,PRODUCTIMG_NUM,PRODUCTIMG_S,PRODUCTIMG_NAME,PRODUCTIMG_M,PRODUCTIMG_L) values (7,7,'sgame1_S.jpg',null,'sgame1_M.jpg','sgame1_L.jpg');
Insert into EDUC239.TE_PRODUCTIMG (PRODUCT_NUM,PRODUCTIMG_NUM,PRODUCTIMG_S,PRODUCTIMG_NAME,PRODUCTIMG_M,PRODUCTIMG_L) values (8,8,'sgame2_S.jpg',null,'sgame2_M.jpg','sgame2_L.jpg');
Insert into EDUC239.TE_PRODUCTIMG (PRODUCT_NUM,PRODUCTIMG_NUM,PRODUCTIMG_S,PRODUCTIMG_NAME,PRODUCTIMG_M,PRODUCTIMG_L) values (10,10,'soffice2_S.jpg',null,'soffice2_M.jpg','soffice2_L.jpg');
Insert into EDUC239.TE_PRODUCTIMG (PRODUCT_NUM,PRODUCTIMG_NUM,PRODUCTIMG_S,PRODUCTIMG_NAME,PRODUCTIMG_M,PRODUCTIMG_L) values (11,11,'shighend1_S.jpg',null,'shighend1_M.jpg','shighend1_L.jpg');
Insert into EDUC239.TE_PRODUCTIMG (PRODUCT_NUM,PRODUCTIMG_NUM,PRODUCTIMG_S,PRODUCTIMG_NAME,PRODUCTIMG_M,PRODUCTIMG_L) values (12,12,'shighend2_S.jpg',null,'shighend2_M.jpg','shighend2_L.jpg');
Insert into EDUC239.TE_PRODUCTIMG (PRODUCT_NUM,PRODUCTIMG_NUM,PRODUCTIMG_S,PRODUCTIMG_NAME,PRODUCTIMG_M,PRODUCTIMG_L) values (32,32,'lgame3_S.jpg',null,'lgame3_M.jpg','lgame3_L.jpg');
Insert into EDUC239.TE_PRODUCTIMG (PRODUCT_NUM,PRODUCTIMG_NUM,PRODUCTIMG_S,PRODUCTIMG_NAME,PRODUCTIMG_M,PRODUCTIMG_L) values (33,33,'lgame4_S.jpg',null,'lgame4_M.jpg','lgame4_L.jpg');
Insert into EDUC239.TE_PRODUCTIMG (PRODUCT_NUM,PRODUCTIMG_NUM,PRODUCTIMG_S,PRODUCTIMG_NAME,PRODUCTIMG_M,PRODUCTIMG_L) values (34,34,'lgame5_S.jpg',null,'lgame5_M.jpg','lgame5_L.jpg');
Insert into EDUC239.TE_PRODUCTIMG (PRODUCT_NUM,PRODUCTIMG_NUM,PRODUCTIMG_S,PRODUCTIMG_NAME,PRODUCTIMG_M,PRODUCTIMG_L) values (35,35,'lgame6_S.jpg',null,'lgame6_M.jpg','lgame6_L.jpg');
Insert into EDUC239.TE_PRODUCTIMG (PRODUCT_NUM,PRODUCTIMG_NUM,PRODUCTIMG_S,PRODUCTIMG_NAME,PRODUCTIMG_M,PRODUCTIMG_L) values (36,36,'loffice3_S.jpg',null,'loffice3_M.jpg','loffice3_L.jpg');
Insert into EDUC239.TE_PRODUCTIMG (PRODUCT_NUM,PRODUCTIMG_NUM,PRODUCTIMG_S,PRODUCTIMG_NAME,PRODUCTIMG_M,PRODUCTIMG_L) values (37,37,'loffice4_S.jpg',null,'loffice4_M.jpg','loffice4_L.jpg');
Insert into EDUC239.TE_PRODUCTIMG (PRODUCT_NUM,PRODUCTIMG_NUM,PRODUCTIMG_S,PRODUCTIMG_NAME,PRODUCTIMG_M,PRODUCTIMG_L) values (38,38,'loffice5_S.jpg',null,'loffice5_M.jpg','loffice5_L.jpg');
Insert into EDUC239.TE_PRODUCTIMG (PRODUCT_NUM,PRODUCTIMG_NUM,PRODUCTIMG_S,PRODUCTIMG_NAME,PRODUCTIMG_M,PRODUCTIMG_L) values (39,39,'loffice6_S.jpg',null,'loffice6_M.jpg','loffice6_L.jpg');
Insert into EDUC239.TE_PRODUCTIMG (PRODUCT_NUM,PRODUCTIMG_NUM,PRODUCTIMG_S,PRODUCTIMG_NAME,PRODUCTIMG_M,PRODUCTIMG_L) values (40,40,'lhighend3_S.jpg',null,'lhighend3_M.jpg','lhighend3_L.jpg');
Insert into EDUC239.TE_PRODUCTIMG (PRODUCT_NUM,PRODUCTIMG_NUM,PRODUCTIMG_S,PRODUCTIMG_NAME,PRODUCTIMG_M,PRODUCTIMG_L) values (41,41,'lhighend4_S.jpg',null,'lhighend4_M.jpg','lhighend4_L.jpg');
Insert into EDUC239.TE_PRODUCTIMG (PRODUCT_NUM,PRODUCTIMG_NUM,PRODUCTIMG_S,PRODUCTIMG_NAME,PRODUCTIMG_M,PRODUCTIMG_L) values (42,42,'lhighend5_S.jpg',null,'lhighend5_M.jpg','lhighend5_L.jpg');
Insert into EDUC239.TE_PRODUCTIMG (PRODUCT_NUM,PRODUCTIMG_NUM,PRODUCTIMG_S,PRODUCTIMG_NAME,PRODUCTIMG_M,PRODUCTIMG_L) values (43,43,'lhighend6_S.jpg',null,'lhighend6_M.jpg','lhighend3_L.jpg');
Insert into EDUC239.TE_PRODUCTIMG (PRODUCT_NUM,PRODUCTIMG_NUM,PRODUCTIMG_S,PRODUCTIMG_NAME,PRODUCTIMG_M,PRODUCTIMG_L) values (49,49,'ASRock H310M-HDV 에즈윈 (벌크)m.jpg',null,'ASRock H310M-HDV 에즈윈 (벌크)m.jpg','ASRock H310M-HDV 에즈윈 (벌크)l.jpg');
Insert into EDUC239.TE_PRODUCTIMG (PRODUCT_NUM,PRODUCTIMG_NUM,PRODUCTIMG_S,PRODUCTIMG_NAME,PRODUCTIMG_M,PRODUCTIMG_L) values (50,50,'ASUS PRIME H310M-K 코잇m.jpg',null,'ASUS PRIME H310M-K 코잇m.jpg','ASUS PRIME H310M-K 코잇l.jpg');
Insert into EDUC239.TE_PRODUCTIMG (PRODUCT_NUM,PRODUCTIMG_NUM,PRODUCTIMG_S,PRODUCTIMG_NAME,PRODUCTIMG_M,PRODUCTIMG_L) values (51,51,'ECS DURATHON2 H310H5-M2DV 코잇m.jpg',null,'ECS DURATHON2 H310H5-M2DV 코잇m.jpg','ECS DURATHON2 H310H5-M2DV 코잇l.jpg');
Insert into EDUC239.TE_PRODUCTIMG (PRODUCT_NUM,PRODUCTIMG_NUM,PRODUCTIMG_S,PRODUCTIMG_NAME,PRODUCTIMG_M,PRODUCTIMG_L) values (52,52,'GIGABYTE GA-A320M-S2 듀러블에디션 제이씨현m.jpg',null,'GIGABYTE GA-A320M-S2 듀러블에디션 제이씨현m.jpg','GIGABYTE GA-A320M-S2 듀러블에디션 제이씨현l.jpg');
Insert into EDUC239.TE_PRODUCTIMG (PRODUCT_NUM,PRODUCTIMG_NUM,PRODUCTIMG_S,PRODUCTIMG_NAME,PRODUCTIMG_M,PRODUCTIMG_L) values (53,53,'GIGABYTE H310M DS2V 듀러블에디션 피씨디렉트m.jpg',null,'GIGABYTE H310M DS2V 듀러블에디션 피씨디렉트m.jpg','GIGABYTE H310M DS2V 듀러블에디션 피씨디렉트l.jpg');
Insert into EDUC239.TE_PRODUCTIMG (PRODUCT_NUM,PRODUCTIMG_NUM,PRODUCTIMG_S,PRODUCTIMG_NAME,PRODUCTIMG_M,PRODUCTIMG_L) values (21,21,'sgame4_S.jpg',null,'sgame4_M.jpg','sgame4_L.jpg');
Insert into EDUC239.TE_PRODUCTIMG (PRODUCT_NUM,PRODUCTIMG_NUM,PRODUCTIMG_S,PRODUCTIMG_NAME,PRODUCTIMG_M,PRODUCTIMG_L) values (19,19,'9090.jpg',null,'AMD_M.jpg','AMD_L.jpg');
Insert into EDUC239.TE_PRODUCTIMG (PRODUCT_NUM,PRODUCTIMG_NUM,PRODUCTIMG_S,PRODUCTIMG_NAME,PRODUCTIMG_M,PRODUCTIMG_L) values (20,20,'sgame3_S.jpg',null,'sgame3_M.jpg','sgame3_L.jpg');
Insert into EDUC239.TE_PRODUCTIMG (PRODUCT_NUM,PRODUCTIMG_NUM,PRODUCTIMG_S,PRODUCTIMG_NAME,PRODUCTIMG_M,PRODUCTIMG_L) values (22,22,'sgame5_S.jpg',null,'sgame5_M.jpg','sgame5_L.jpg');
Insert into EDUC239.TE_PRODUCTIMG (PRODUCT_NUM,PRODUCTIMG_NUM,PRODUCTIMG_S,PRODUCTIMG_NAME,PRODUCTIMG_M,PRODUCTIMG_L) values (23,23,'sgame6_S.jpg',null,'sgame6_M.jpg','sgame6_L.jpg');
Insert into EDUC239.TE_PRODUCTIMG (PRODUCT_NUM,PRODUCTIMG_NUM,PRODUCTIMG_S,PRODUCTIMG_NAME,PRODUCTIMG_M,PRODUCTIMG_L) values (24,24,'soffice3_S.jpg',null,'soffice3_M.jpg','soffice3_L.jpg');
Insert into EDUC239.TE_PRODUCTIMG (PRODUCT_NUM,PRODUCTIMG_NUM,PRODUCTIMG_S,PRODUCTIMG_NAME,PRODUCTIMG_M,PRODUCTIMG_L) values (25,25,'soffice4_S.jpg',null,'soffice4_M.jpg','soffice4_L.jpg');
Insert into EDUC239.TE_PRODUCTIMG (PRODUCT_NUM,PRODUCTIMG_NUM,PRODUCTIMG_S,PRODUCTIMG_NAME,PRODUCTIMG_M,PRODUCTIMG_L) values (26,26,'soffice5_S.jpg',null,'soffice5_M.jpg','soffice5_L.jpg');
Insert into EDUC239.TE_PRODUCTIMG (PRODUCT_NUM,PRODUCTIMG_NUM,PRODUCTIMG_S,PRODUCTIMG_NAME,PRODUCTIMG_M,PRODUCTIMG_L) values (27,27,'soffice6_S.jpg',null,'soffice6_M.jpg','soffice6_L.jpg');
Insert into EDUC239.TE_PRODUCTIMG (PRODUCT_NUM,PRODUCTIMG_NUM,PRODUCTIMG_S,PRODUCTIMG_NAME,PRODUCTIMG_M,PRODUCTIMG_L) values (28,28,'shighend3_S.jpg',null,'shighend3_M.jpg','shighend3_L.jpg');
Insert into EDUC239.TE_PRODUCTIMG (PRODUCT_NUM,PRODUCTIMG_NUM,PRODUCTIMG_S,PRODUCTIMG_NAME,PRODUCTIMG_M,PRODUCTIMG_L) values (29,29,'shighend4_S.jpg',null,'shighend4_M.jpg','shighend4_L.jpg');
Insert into EDUC239.TE_PRODUCTIMG (PRODUCT_NUM,PRODUCTIMG_NUM,PRODUCTIMG_S,PRODUCTIMG_NAME,PRODUCTIMG_M,PRODUCTIMG_L) values (30,30,'shighend5_S.jpg',null,'shighend5_M.jpg','shighend5_L.jpg');
Insert into EDUC239.TE_PRODUCTIMG (PRODUCT_NUM,PRODUCTIMG_NUM,PRODUCTIMG_S,PRODUCTIMG_NAME,PRODUCTIMG_M,PRODUCTIMG_L) values (31,31,'shighend6_S.jpg',null,'shighend6_M.jpg','shighend3_L.jpg');
REM INSERTING into EDUC239.TE_QNA
SET DEFINE OFF;
Insert into EDUC239.TE_QNA (QNA_NUM,QNA_TITLE,QNA_CONTENTS,QNA_DIVISION,ADMIN_ID) values (100104,'결제관련 입니다.','결제는 가상계좌결제, 카드 결제가 있습니다.','1','user00');
Insert into EDUC239.TE_QNA (QNA_NUM,QNA_TITLE,QNA_CONTENTS,QNA_DIVISION,ADMIN_ID) values (100123,'1234','1234','1','nny1561');
Insert into EDUC239.TE_QNA (QNA_NUM,QNA_TITLE,QNA_CONTENTS,QNA_DIVISION,ADMIN_ID) values (100107,'ccc','fad','2','user00');
Insert into EDUC239.TE_QNA (QNA_NUM,QNA_TITLE,QNA_CONTENTS,QNA_DIVISION,ADMIN_ID) values (100122,'ㄹㅇㄴ','ㄹㅇㄴ','3','nny1561');
Insert into EDUC239.TE_QNA (QNA_NUM,QNA_TITLE,QNA_CONTENTS,QNA_DIVISION,ADMIN_ID) values (100130,'fdsf','fsda','1','nny1561');
Insert into EDUC239.TE_QNA (QNA_NUM,QNA_TITLE,QNA_CONTENTS,QNA_DIVISION,ADMIN_ID) values (100103,'fdsaf','sdfsad',null,'user00');
Insert into EDUC239.TE_QNA (QNA_NUM,QNA_TITLE,QNA_CONTENTS,QNA_DIVISION,ADMIN_ID) values (1,'QnA','1','1','user00');
Insert into EDUC239.TE_QNA (QNA_NUM,QNA_TITLE,QNA_CONTENTS,QNA_DIVISION,ADMIN_ID) values (2,'Product','2','2','user00');
Insert into EDUC239.TE_QNA (QNA_NUM,QNA_TITLE,QNA_CONTENTS,QNA_DIVISION,ADMIN_ID) values (3,'Delivery','3ddd','3','user00');
REM INSERTING into EDUC239.TE_REVIEW
SET DEFINE OFF;
Insert into EDUC239.TE_REVIEW (USER_ID,REVIEW_NUM,REVIEW_TITLE,REVIEW_CONTENTS,REVIEW_DATE,PRODUCT_NUM) values ('miri1323',40,'댓글33','댓글입니다@@@',to_date('18/12/14','RR/MM/DD'),44);
Insert into EDUC239.TE_REVIEW (USER_ID,REVIEW_NUM,REVIEW_TITLE,REVIEW_CONTENTS,REVIEW_DATE,PRODUCT_NUM) values ('miri1323',41,'댓글34','댓글입니다@@@',to_date('18/12/14','RR/MM/DD'),45);
Insert into EDUC239.TE_REVIEW (USER_ID,REVIEW_NUM,REVIEW_TITLE,REVIEW_CONTENTS,REVIEW_DATE,PRODUCT_NUM) values ('miri1323',42,'댓글35','댓글입니다@@@',to_date('18/12/14','RR/MM/DD'),46);
Insert into EDUC239.TE_REVIEW (USER_ID,REVIEW_NUM,REVIEW_TITLE,REVIEW_CONTENTS,REVIEW_DATE,PRODUCT_NUM) values ('miri1323',43,'댓글36','댓글입니다@@@',to_date('18/12/14','RR/MM/DD'),47);
Insert into EDUC239.TE_REVIEW (USER_ID,REVIEW_NUM,REVIEW_TITLE,REVIEW_CONTENTS,REVIEW_DATE,PRODUCT_NUM) values ('miri1323',44,'댓글37','댓글입니다@@@',to_date('18/12/14','RR/MM/DD'),48);
Insert into EDUC239.TE_REVIEW (USER_ID,REVIEW_NUM,REVIEW_TITLE,REVIEW_CONTENTS,REVIEW_DATE,PRODUCT_NUM) values ('miri1323',45,'댓글38','댓글입니다@@@',to_date('18/12/14','RR/MM/DD'),49);
Insert into EDUC239.TE_REVIEW (USER_ID,REVIEW_NUM,REVIEW_TITLE,REVIEW_CONTENTS,REVIEW_DATE,PRODUCT_NUM) values ('miri1323',46,'댓글39','댓글입니다@@@',to_date('18/12/14','RR/MM/DD'),50);
Insert into EDUC239.TE_REVIEW (USER_ID,REVIEW_NUM,REVIEW_TITLE,REVIEW_CONTENTS,REVIEW_DATE,PRODUCT_NUM) values ('miri1323',47,'댓글40','댓글입니다@@@',to_date('18/12/14','RR/MM/DD'),51);
Insert into EDUC239.TE_REVIEW (USER_ID,REVIEW_NUM,REVIEW_TITLE,REVIEW_CONTENTS,REVIEW_DATE,PRODUCT_NUM) values ('miri1323',48,'댓글41','댓글입니다@@@',to_date('18/12/14','RR/MM/DD'),52);
Insert into EDUC239.TE_REVIEW (USER_ID,REVIEW_NUM,REVIEW_TITLE,REVIEW_CONTENTS,REVIEW_DATE,PRODUCT_NUM) values ('miri1323',49,'댓글42','댓글입니다@@@',to_date('18/12/14','RR/MM/DD'),53);
Insert into EDUC239.TE_REVIEW (USER_ID,REVIEW_NUM,REVIEW_TITLE,REVIEW_CONTENTS,REVIEW_DATE,PRODUCT_NUM) values ('miri1323',50,'댓글43','댓글입니다@@@',to_date('18/12/14','RR/MM/DD'),54);
Insert into EDUC239.TE_REVIEW (USER_ID,REVIEW_NUM,REVIEW_TITLE,REVIEW_CONTENTS,REVIEW_DATE,PRODUCT_NUM) values ('miri1323',51,'댓글44','댓글입니다@@@',to_date('18/12/14','RR/MM/DD'),55);
Insert into EDUC239.TE_REVIEW (USER_ID,REVIEW_NUM,REVIEW_TITLE,REVIEW_CONTENTS,REVIEW_DATE,PRODUCT_NUM) values ('miri1323',52,'댓글45','댓글입니다@@@',to_date('18/12/14','RR/MM/DD'),56);
Insert into EDUC239.TE_REVIEW (USER_ID,REVIEW_NUM,REVIEW_TITLE,REVIEW_CONTENTS,REVIEW_DATE,PRODUCT_NUM) values ('miri1323',53,'댓글46','댓글입니다@@@',to_date('18/12/14','RR/MM/DD'),57);
Insert into EDUC239.TE_REVIEW (USER_ID,REVIEW_NUM,REVIEW_TITLE,REVIEW_CONTENTS,REVIEW_DATE,PRODUCT_NUM) values ('miri1323',54,'댓글47','댓글입니다@@@',to_date('18/12/14','RR/MM/DD'),58);
Insert into EDUC239.TE_REVIEW (USER_ID,REVIEW_NUM,REVIEW_TITLE,REVIEW_CONTENTS,REVIEW_DATE,PRODUCT_NUM) values ('miri1323',55,'댓글48','댓글입니다@@@',to_date('18/12/14','RR/MM/DD'),59);
Insert into EDUC239.TE_REVIEW (USER_ID,REVIEW_NUM,REVIEW_TITLE,REVIEW_CONTENTS,REVIEW_DATE,PRODUCT_NUM) values ('miri1323',56,'댓글49','댓글입니다@@@',to_date('18/12/14','RR/MM/DD'),60);
Insert into EDUC239.TE_REVIEW (USER_ID,REVIEW_NUM,REVIEW_TITLE,REVIEW_CONTENTS,REVIEW_DATE,PRODUCT_NUM) values ('miri1323',57,'댓글50','댓글입니다@@@',to_date('18/12/14','RR/MM/DD'),61);
Insert into EDUC239.TE_REVIEW (USER_ID,REVIEW_NUM,REVIEW_TITLE,REVIEW_CONTENTS,REVIEW_DATE,PRODUCT_NUM) values ('miri1323',58,'댓글51','댓글입니다@@@',to_date('18/12/14','RR/MM/DD'),62);
Insert into EDUC239.TE_REVIEW (USER_ID,REVIEW_NUM,REVIEW_TITLE,REVIEW_CONTENTS,REVIEW_DATE,PRODUCT_NUM) values ('miri1323',59,'댓글52','댓글입니다@@@',to_date('18/12/14','RR/MM/DD'),63);
Insert into EDUC239.TE_REVIEW (USER_ID,REVIEW_NUM,REVIEW_TITLE,REVIEW_CONTENTS,REVIEW_DATE,PRODUCT_NUM) values ('miri1323',60,'댓글53','댓글입니다@@@',to_date('18/12/14','RR/MM/DD'),64);
Insert into EDUC239.TE_REVIEW (USER_ID,REVIEW_NUM,REVIEW_TITLE,REVIEW_CONTENTS,REVIEW_DATE,PRODUCT_NUM) values ('miri1323',61,'댓글54','댓글입니다@@@',to_date('18/12/14','RR/MM/DD'),65);
Insert into EDUC239.TE_REVIEW (USER_ID,REVIEW_NUM,REVIEW_TITLE,REVIEW_CONTENTS,REVIEW_DATE,PRODUCT_NUM) values ('miri1323',62,'댓글55','댓글입니다@@@',to_date('18/12/14','RR/MM/DD'),66);
Insert into EDUC239.TE_REVIEW (USER_ID,REVIEW_NUM,REVIEW_TITLE,REVIEW_CONTENTS,REVIEW_DATE,PRODUCT_NUM) values ('miri1323',63,'댓글56','댓글입니다@@@',to_date('18/12/14','RR/MM/DD'),67);
Insert into EDUC239.TE_REVIEW (USER_ID,REVIEW_NUM,REVIEW_TITLE,REVIEW_CONTENTS,REVIEW_DATE,PRODUCT_NUM) values ('miri1323',64,'댓글56','댓글입니다@@@',to_date('18/12/14','RR/MM/DD'),68);
Insert into EDUC239.TE_REVIEW (USER_ID,REVIEW_NUM,REVIEW_TITLE,REVIEW_CONTENTS,REVIEW_DATE,PRODUCT_NUM) values ('miri1323',65,'댓글56','댓글입니다@@@',to_date('18/12/14','RR/MM/DD'),69);
Insert into EDUC239.TE_REVIEW (USER_ID,REVIEW_NUM,REVIEW_TITLE,REVIEW_CONTENTS,REVIEW_DATE,PRODUCT_NUM) values ('miri1323',66,'댓글56','댓글입니다@@@',to_date('18/12/14','RR/MM/DD'),70);
Insert into EDUC239.TE_REVIEW (USER_ID,REVIEW_NUM,REVIEW_TITLE,REVIEW_CONTENTS,REVIEW_DATE,PRODUCT_NUM) values ('miri1323',67,'댓글56','댓글입니다@@@',to_date('18/12/14','RR/MM/DD'),71);
Insert into EDUC239.TE_REVIEW (USER_ID,REVIEW_NUM,REVIEW_TITLE,REVIEW_CONTENTS,REVIEW_DATE,PRODUCT_NUM) values ('miri1323',68,'댓글56','댓글입니다@@@',to_date('18/12/14','RR/MM/DD'),72);
Insert into EDUC239.TE_REVIEW (USER_ID,REVIEW_NUM,REVIEW_TITLE,REVIEW_CONTENTS,REVIEW_DATE,PRODUCT_NUM) values ('miri1323',69,'댓글56','댓글입니다@@@',to_date('18/12/14','RR/MM/DD'),73);
Insert into EDUC239.TE_REVIEW (USER_ID,REVIEW_NUM,REVIEW_TITLE,REVIEW_CONTENTS,REVIEW_DATE,PRODUCT_NUM) values ('miri1323',70,'댓글56','댓글입니다@@@',to_date('18/12/14','RR/MM/DD'),74);
Insert into EDUC239.TE_REVIEW (USER_ID,REVIEW_NUM,REVIEW_TITLE,REVIEW_CONTENTS,REVIEW_DATE,PRODUCT_NUM) values ('miri1323',71,'댓글56','댓글입니다@@@',to_date('18/12/14','RR/MM/DD'),75);
Insert into EDUC239.TE_REVIEW (USER_ID,REVIEW_NUM,REVIEW_TITLE,REVIEW_CONTENTS,REVIEW_DATE,PRODUCT_NUM) values ('miri1323',72,'댓글56','댓글입니다@@@',to_date('18/12/14','RR/MM/DD'),76);
Insert into EDUC239.TE_REVIEW (USER_ID,REVIEW_NUM,REVIEW_TITLE,REVIEW_CONTENTS,REVIEW_DATE,PRODUCT_NUM) values ('miri1323',73,'댓글56','댓글입니다@@@',to_date('18/12/14','RR/MM/DD'),77);
Insert into EDUC239.TE_REVIEW (USER_ID,REVIEW_NUM,REVIEW_TITLE,REVIEW_CONTENTS,REVIEW_DATE,PRODUCT_NUM) values ('miri1323',74,'댓글56','댓글입니다@@@',to_date('18/12/14','RR/MM/DD'),78);
Insert into EDUC239.TE_REVIEW (USER_ID,REVIEW_NUM,REVIEW_TITLE,REVIEW_CONTENTS,REVIEW_DATE,PRODUCT_NUM) values ('miri1323',75,'댓글56','댓글입니다@@@',to_date('18/12/14','RR/MM/DD'),79);
Insert into EDUC239.TE_REVIEW (USER_ID,REVIEW_NUM,REVIEW_TITLE,REVIEW_CONTENTS,REVIEW_DATE,PRODUCT_NUM) values ('user02',5,'아아아','아아아아아아아아아아아아아아아아아아아아아아',to_date('18/12/12','RR/MM/DD'),9);
Insert into EDUC239.TE_REVIEW (USER_ID,REVIEW_NUM,REVIEW_TITLE,REVIEW_CONTENTS,REVIEW_DATE,PRODUCT_NUM) values ('user02',6,'아아아','아아아아아아아아아아아아아아아아아아아아아아',to_date('18/12/12','RR/MM/DD'),10);
Insert into EDUC239.TE_REVIEW (USER_ID,REVIEW_NUM,REVIEW_TITLE,REVIEW_CONTENTS,REVIEW_DATE,PRODUCT_NUM) values ('user02',7,'아아아','아아아아아아아아아아아아아아아아아아아아아아',to_date('18/12/12','RR/MM/DD'),11);
Insert into EDUC239.TE_REVIEW (USER_ID,REVIEW_NUM,REVIEW_TITLE,REVIEW_CONTENTS,REVIEW_DATE,PRODUCT_NUM) values ('miri1323',8,'댓글1','댓글입니다@@@@@@@@@@@',to_date('18/12/14','RR/MM/DD'),12);
Insert into EDUC239.TE_REVIEW (USER_ID,REVIEW_NUM,REVIEW_TITLE,REVIEW_CONTENTS,REVIEW_DATE,PRODUCT_NUM) values ('miri1323',9,'review2','review2@@@@@@@@@@@',to_date('18/12/14','RR/MM/DD'),13);
Insert into EDUC239.TE_REVIEW (USER_ID,REVIEW_NUM,REVIEW_TITLE,REVIEW_CONTENTS,REVIEW_DATE,PRODUCT_NUM) values ('miri1323',10,'review3','review3@@@@@@@@@@@',to_date('18/12/14','RR/MM/DD'),14);
Insert into EDUC239.TE_REVIEW (USER_ID,REVIEW_NUM,REVIEW_TITLE,REVIEW_CONTENTS,REVIEW_DATE,PRODUCT_NUM) values ('miri1323',11,'review4','review4@@@@@@@@@@@',to_date('18/12/14','RR/MM/DD'),15);
Insert into EDUC239.TE_REVIEW (USER_ID,REVIEW_NUM,REVIEW_TITLE,REVIEW_CONTENTS,REVIEW_DATE,PRODUCT_NUM) values ('miri1323',12,'댓글5','댓글입니다@@@@@@@@@@@',to_date('18/12/14','RR/MM/DD'),16);
Insert into EDUC239.TE_REVIEW (USER_ID,REVIEW_NUM,REVIEW_TITLE,REVIEW_CONTENTS,REVIEW_DATE,PRODUCT_NUM) values ('miri1323',13,'댓글6','댓글입니다@@@@@@@@@@@',to_date('18/12/14','RR/MM/DD'),17);
Insert into EDUC239.TE_REVIEW (USER_ID,REVIEW_NUM,REVIEW_TITLE,REVIEW_CONTENTS,REVIEW_DATE,PRODUCT_NUM) values ('miri1323',14,'댓글7','댓글입니다@@@@@@@@@@@',to_date('18/12/14','RR/MM/DD'),18);
Insert into EDUC239.TE_REVIEW (USER_ID,REVIEW_NUM,REVIEW_TITLE,REVIEW_CONTENTS,REVIEW_DATE,PRODUCT_NUM) values ('miri1323',15,'댓글8','댓글입니다@@@@@@@@@@@',to_date('18/12/14','RR/MM/DD'),19);
Insert into EDUC239.TE_REVIEW (USER_ID,REVIEW_NUM,REVIEW_TITLE,REVIEW_CONTENTS,REVIEW_DATE,PRODUCT_NUM) values ('miri1323',16,'댓글9','댓글입니다@@@@@@@@@@@',to_date('18/12/14','RR/MM/DD'),20);
Insert into EDUC239.TE_REVIEW (USER_ID,REVIEW_NUM,REVIEW_TITLE,REVIEW_CONTENTS,REVIEW_DATE,PRODUCT_NUM) values ('miri1323',17,'댓글10','댓글입니다@@@@@@@@@@@',to_date('18/12/14','RR/MM/DD'),21);
Insert into EDUC239.TE_REVIEW (USER_ID,REVIEW_NUM,REVIEW_TITLE,REVIEW_CONTENTS,REVIEW_DATE,PRODUCT_NUM) values ('miri1323',18,'댓글11','댓글입니다@@@@@@@@@@@',to_date('18/12/14','RR/MM/DD'),22);
Insert into EDUC239.TE_REVIEW (USER_ID,REVIEW_NUM,REVIEW_TITLE,REVIEW_CONTENTS,REVIEW_DATE,PRODUCT_NUM) values ('miri1323',19,'댓글12','댓글입니다@@@@@@@@@@@',to_date('18/12/14','RR/MM/DD'),23);
Insert into EDUC239.TE_REVIEW (USER_ID,REVIEW_NUM,REVIEW_TITLE,REVIEW_CONTENTS,REVIEW_DATE,PRODUCT_NUM) values ('miri1323',20,'댓글13','댓글입니다@@@@@@@@@@@',to_date('18/12/14','RR/MM/DD'),24);
Insert into EDUC239.TE_REVIEW (USER_ID,REVIEW_NUM,REVIEW_TITLE,REVIEW_CONTENTS,REVIEW_DATE,PRODUCT_NUM) values ('miri1323',21,'댓글14','댓글입니다@@@@@@@@@@@',to_date('18/12/14','RR/MM/DD'),25);
Insert into EDUC239.TE_REVIEW (USER_ID,REVIEW_NUM,REVIEW_TITLE,REVIEW_CONTENTS,REVIEW_DATE,PRODUCT_NUM) values ('miri1323',22,'댓글15','댓글입니다@@@@@@@@@@@',to_date('18/12/14','RR/MM/DD'),26);
Insert into EDUC239.TE_REVIEW (USER_ID,REVIEW_NUM,REVIEW_TITLE,REVIEW_CONTENTS,REVIEW_DATE,PRODUCT_NUM) values ('miri1323',23,'댓글16','댓글입니다@@@@@@@@@@@',to_date('18/12/14','RR/MM/DD'),27);
Insert into EDUC239.TE_REVIEW (USER_ID,REVIEW_NUM,REVIEW_TITLE,REVIEW_CONTENTS,REVIEW_DATE,PRODUCT_NUM) values ('miri1323',24,'댓글17','댓글입니다@@@@@@@@@@@',to_date('18/12/14','RR/MM/DD'),28);
Insert into EDUC239.TE_REVIEW (USER_ID,REVIEW_NUM,REVIEW_TITLE,REVIEW_CONTENTS,REVIEW_DATE,PRODUCT_NUM) values ('miri1323',25,'댓글18','댓글입니다@@@@@@@@@@@',to_date('18/12/14','RR/MM/DD'),29);
Insert into EDUC239.TE_REVIEW (USER_ID,REVIEW_NUM,REVIEW_TITLE,REVIEW_CONTENTS,REVIEW_DATE,PRODUCT_NUM) values ('miri1323',26,'댓글19','댓글입니다@@@@@@@@@@@',to_date('18/12/14','RR/MM/DD'),30);
Insert into EDUC239.TE_REVIEW (USER_ID,REVIEW_NUM,REVIEW_TITLE,REVIEW_CONTENTS,REVIEW_DATE,PRODUCT_NUM) values ('miri1323',27,'댓글20','댓글입니다@@@@@@@@@@@',to_date('18/12/14','RR/MM/DD'),31);
Insert into EDUC239.TE_REVIEW (USER_ID,REVIEW_NUM,REVIEW_TITLE,REVIEW_CONTENTS,REVIEW_DATE,PRODUCT_NUM) values ('miri1323',28,'댓글21','댓글입니다@@@@@@@@@@@',to_date('18/12/14','RR/MM/DD'),32);
Insert into EDUC239.TE_REVIEW (USER_ID,REVIEW_NUM,REVIEW_TITLE,REVIEW_CONTENTS,REVIEW_DATE,PRODUCT_NUM) values ('miri1323',29,'댓글22','댓글입니다@@@@@@@@@@@',to_date('18/12/14','RR/MM/DD'),33);
Insert into EDUC239.TE_REVIEW (USER_ID,REVIEW_NUM,REVIEW_TITLE,REVIEW_CONTENTS,REVIEW_DATE,PRODUCT_NUM) values ('miri1323',30,'댓글23','댓글입니다@@@@@@@@@@@',to_date('18/12/14','RR/MM/DD'),34);
Insert into EDUC239.TE_REVIEW (USER_ID,REVIEW_NUM,REVIEW_TITLE,REVIEW_CONTENTS,REVIEW_DATE,PRODUCT_NUM) values ('miri1323',31,'댓글24','댓글입니다@@@@@@@@@@@',to_date('18/12/14','RR/MM/DD'),35);
Insert into EDUC239.TE_REVIEW (USER_ID,REVIEW_NUM,REVIEW_TITLE,REVIEW_CONTENTS,REVIEW_DATE,PRODUCT_NUM) values ('miri1323',32,'댓글25','댓글입니다@@@@@@@@@@@',to_date('18/12/14','RR/MM/DD'),36);
Insert into EDUC239.TE_REVIEW (USER_ID,REVIEW_NUM,REVIEW_TITLE,REVIEW_CONTENTS,REVIEW_DATE,PRODUCT_NUM) values ('miri1323',33,'댓글26','댓글입니다@@@@@@@@@@@',to_date('18/12/14','RR/MM/DD'),37);
Insert into EDUC239.TE_REVIEW (USER_ID,REVIEW_NUM,REVIEW_TITLE,REVIEW_CONTENTS,REVIEW_DATE,PRODUCT_NUM) values ('miri1323',34,'댓글27','댓글입니다@@@@@@@@@@@',to_date('18/12/14','RR/MM/DD'),38);
Insert into EDUC239.TE_REVIEW (USER_ID,REVIEW_NUM,REVIEW_TITLE,REVIEW_CONTENTS,REVIEW_DATE,PRODUCT_NUM) values ('miri1323',35,'댓글28','댓글입니다@@@@@@@@@@@',to_date('18/12/14','RR/MM/DD'),39);
Insert into EDUC239.TE_REVIEW (USER_ID,REVIEW_NUM,REVIEW_TITLE,REVIEW_CONTENTS,REVIEW_DATE,PRODUCT_NUM) values ('miri1323',36,'댓글29','댓글입니다@@@@@@@@@@@',to_date('18/12/14','RR/MM/DD'),40);
Insert into EDUC239.TE_REVIEW (USER_ID,REVIEW_NUM,REVIEW_TITLE,REVIEW_CONTENTS,REVIEW_DATE,PRODUCT_NUM) values ('miri1323',37,'댓글30','댓글입니다@@@@@@@@@@@',to_date('18/12/14','RR/MM/DD'),41);
Insert into EDUC239.TE_REVIEW (USER_ID,REVIEW_NUM,REVIEW_TITLE,REVIEW_CONTENTS,REVIEW_DATE,PRODUCT_NUM) values ('miri1323',38,'댓글31','댓글입니다@@@@@@@@@@@',to_date('18/12/14','RR/MM/DD'),42);
Insert into EDUC239.TE_REVIEW (USER_ID,REVIEW_NUM,REVIEW_TITLE,REVIEW_CONTENTS,REVIEW_DATE,PRODUCT_NUM) values ('miri1323',39,'댓글32','댓글입니다@@@@@@@@@@@',to_date('18/12/14','RR/MM/DD'),43);
Insert into EDUC239.TE_REVIEW (USER_ID,REVIEW_NUM,REVIEW_TITLE,REVIEW_CONTENTS,REVIEW_DATE,PRODUCT_NUM) values ('user02',4,'아아아','아아아아아아아아아아아아아아아아아아아아아아',to_date('18/12/12','RR/MM/DD'),8);
Insert into EDUC239.TE_REVIEW (USER_ID,REVIEW_NUM,REVIEW_TITLE,REVIEW_CONTENTS,REVIEW_DATE,PRODUCT_NUM) values ('miri1323',3,'가나다라마바사아','가나다라마바사아자차나아라하라가나마나아',to_date('18/12/12','RR/MM/DD'),7);
Insert into EDUC239.TE_REVIEW (USER_ID,REVIEW_NUM,REVIEW_TITLE,REVIEW_CONTENTS,REVIEW_DATE,PRODUCT_NUM) values ('miri1323',1,'가나다라마바사아','가나다라마바사아자차나아라하라가나마나아',to_date('18/12/12','RR/MM/DD'),7);
Insert into EDUC239.TE_REVIEW (USER_ID,REVIEW_NUM,REVIEW_TITLE,REVIEW_CONTENTS,REVIEW_DATE,PRODUCT_NUM) values ('miri1323',2,'가나다라마바사아','가나다라마바사아자차나아라하라가나마나아',to_date('18/12/12','RR/MM/DD'),7);
REM INSERTING into EDUC239.TE_REVIEWIMG
SET DEFINE OFF;
Insert into EDUC239.TE_REVIEWIMG (REVIEW_NUM,PRODUCT_NUM,REVIEWIMG_NUM,REVIEWIMG_PATH,REVIEWIMG_NAME) values (40,44,40,'review1.jpg',null);
Insert into EDUC239.TE_REVIEWIMG (REVIEW_NUM,PRODUCT_NUM,REVIEWIMG_NUM,REVIEWIMG_PATH,REVIEWIMG_NAME) values (41,45,41,'review1.jpg',null);
Insert into EDUC239.TE_REVIEWIMG (REVIEW_NUM,PRODUCT_NUM,REVIEWIMG_NUM,REVIEWIMG_PATH,REVIEWIMG_NAME) values (42,46,42,'review2.jpg',null);
Insert into EDUC239.TE_REVIEWIMG (REVIEW_NUM,PRODUCT_NUM,REVIEWIMG_NUM,REVIEWIMG_PATH,REVIEWIMG_NAME) values (43,47,43,'review3.jpg',null);
Insert into EDUC239.TE_REVIEWIMG (REVIEW_NUM,PRODUCT_NUM,REVIEWIMG_NUM,REVIEWIMG_PATH,REVIEWIMG_NAME) values (44,48,44,'review1.jpg',null);
Insert into EDUC239.TE_REVIEWIMG (REVIEW_NUM,PRODUCT_NUM,REVIEWIMG_NUM,REVIEWIMG_PATH,REVIEWIMG_NAME) values (45,49,45,'review2.jpg',null);
Insert into EDUC239.TE_REVIEWIMG (REVIEW_NUM,PRODUCT_NUM,REVIEWIMG_NUM,REVIEWIMG_PATH,REVIEWIMG_NAME) values (46,50,46,'review3.jpg',null);
Insert into EDUC239.TE_REVIEWIMG (REVIEW_NUM,PRODUCT_NUM,REVIEWIMG_NUM,REVIEWIMG_PATH,REVIEWIMG_NAME) values (47,51,47,'review1.jpg',null);
Insert into EDUC239.TE_REVIEWIMG (REVIEW_NUM,PRODUCT_NUM,REVIEWIMG_NUM,REVIEWIMG_PATH,REVIEWIMG_NAME) values (48,52,48,'review2.jpg',null);
Insert into EDUC239.TE_REVIEWIMG (REVIEW_NUM,PRODUCT_NUM,REVIEWIMG_NUM,REVIEWIMG_PATH,REVIEWIMG_NAME) values (49,53,49,'review3.jpg',null);
Insert into EDUC239.TE_REVIEWIMG (REVIEW_NUM,PRODUCT_NUM,REVIEWIMG_NUM,REVIEWIMG_PATH,REVIEWIMG_NAME) values (50,54,50,'review1.jpg',null);
Insert into EDUC239.TE_REVIEWIMG (REVIEW_NUM,PRODUCT_NUM,REVIEWIMG_NUM,REVIEWIMG_PATH,REVIEWIMG_NAME) values (51,55,51,'review2.jpg',null);
Insert into EDUC239.TE_REVIEWIMG (REVIEW_NUM,PRODUCT_NUM,REVIEWIMG_NUM,REVIEWIMG_PATH,REVIEWIMG_NAME) values (52,56,52,'review3.jpg',null);
Insert into EDUC239.TE_REVIEWIMG (REVIEW_NUM,PRODUCT_NUM,REVIEWIMG_NUM,REVIEWIMG_PATH,REVIEWIMG_NAME) values (53,57,53,'review1.jpg',null);
Insert into EDUC239.TE_REVIEWIMG (REVIEW_NUM,PRODUCT_NUM,REVIEWIMG_NUM,REVIEWIMG_PATH,REVIEWIMG_NAME) values (54,58,54,'review2.jpg',null);
Insert into EDUC239.TE_REVIEWIMG (REVIEW_NUM,PRODUCT_NUM,REVIEWIMG_NUM,REVIEWIMG_PATH,REVIEWIMG_NAME) values (55,59,55,'review3.jpg',null);
Insert into EDUC239.TE_REVIEWIMG (REVIEW_NUM,PRODUCT_NUM,REVIEWIMG_NUM,REVIEWIMG_PATH,REVIEWIMG_NAME) values (56,60,56,'review1.jpg',null);
Insert into EDUC239.TE_REVIEWIMG (REVIEW_NUM,PRODUCT_NUM,REVIEWIMG_NUM,REVIEWIMG_PATH,REVIEWIMG_NAME) values (57,61,57,'review2.jpg',null);
Insert into EDUC239.TE_REVIEWIMG (REVIEW_NUM,PRODUCT_NUM,REVIEWIMG_NUM,REVIEWIMG_PATH,REVIEWIMG_NAME) values (58,62,58,'review3.jpg',null);
Insert into EDUC239.TE_REVIEWIMG (REVIEW_NUM,PRODUCT_NUM,REVIEWIMG_NUM,REVIEWIMG_PATH,REVIEWIMG_NAME) values (59,63,59,'review1.jpg',null);
Insert into EDUC239.TE_REVIEWIMG (REVIEW_NUM,PRODUCT_NUM,REVIEWIMG_NUM,REVIEWIMG_PATH,REVIEWIMG_NAME) values (60,64,60,'review2.jpg',null);
Insert into EDUC239.TE_REVIEWIMG (REVIEW_NUM,PRODUCT_NUM,REVIEWIMG_NUM,REVIEWIMG_PATH,REVIEWIMG_NAME) values (61,65,61,'review3.jpg',null);
Insert into EDUC239.TE_REVIEWIMG (REVIEW_NUM,PRODUCT_NUM,REVIEWIMG_NUM,REVIEWIMG_PATH,REVIEWIMG_NAME) values (62,66,62,'review1.jpg',null);
Insert into EDUC239.TE_REVIEWIMG (REVIEW_NUM,PRODUCT_NUM,REVIEWIMG_NUM,REVIEWIMG_PATH,REVIEWIMG_NAME) values (63,67,63,'review2.jpg',null);
Insert into EDUC239.TE_REVIEWIMG (REVIEW_NUM,PRODUCT_NUM,REVIEWIMG_NUM,REVIEWIMG_PATH,REVIEWIMG_NAME) values (64,68,64,'review3.jpg',null);
Insert into EDUC239.TE_REVIEWIMG (REVIEW_NUM,PRODUCT_NUM,REVIEWIMG_NUM,REVIEWIMG_PATH,REVIEWIMG_NAME) values (65,69,65,'review1.jpg',null);
Insert into EDUC239.TE_REVIEWIMG (REVIEW_NUM,PRODUCT_NUM,REVIEWIMG_NUM,REVIEWIMG_PATH,REVIEWIMG_NAME) values (66,70,66,'review2.jpg',null);
Insert into EDUC239.TE_REVIEWIMG (REVIEW_NUM,PRODUCT_NUM,REVIEWIMG_NUM,REVIEWIMG_PATH,REVIEWIMG_NAME) values (67,71,67,'review3.jpg',null);
Insert into EDUC239.TE_REVIEWIMG (REVIEW_NUM,PRODUCT_NUM,REVIEWIMG_NUM,REVIEWIMG_PATH,REVIEWIMG_NAME) values (68,72,68,'review1.jpg',null);
Insert into EDUC239.TE_REVIEWIMG (REVIEW_NUM,PRODUCT_NUM,REVIEWIMG_NUM,REVIEWIMG_PATH,REVIEWIMG_NAME) values (69,73,69,'review2.jpg',null);
Insert into EDUC239.TE_REVIEWIMG (REVIEW_NUM,PRODUCT_NUM,REVIEWIMG_NUM,REVIEWIMG_PATH,REVIEWIMG_NAME) values (70,74,70,'review3.jpg',null);
Insert into EDUC239.TE_REVIEWIMG (REVIEW_NUM,PRODUCT_NUM,REVIEWIMG_NUM,REVIEWIMG_PATH,REVIEWIMG_NAME) values (71,75,71,'review1.jpg',null);
Insert into EDUC239.TE_REVIEWIMG (REVIEW_NUM,PRODUCT_NUM,REVIEWIMG_NUM,REVIEWIMG_PATH,REVIEWIMG_NAME) values (72,76,72,'review2.jpg',null);
Insert into EDUC239.TE_REVIEWIMG (REVIEW_NUM,PRODUCT_NUM,REVIEWIMG_NUM,REVIEWIMG_PATH,REVIEWIMG_NAME) values (73,77,73,'review3.jpg',null);
Insert into EDUC239.TE_REVIEWIMG (REVIEW_NUM,PRODUCT_NUM,REVIEWIMG_NUM,REVIEWIMG_PATH,REVIEWIMG_NAME) values (74,78,74,'review1.jpg',null);
Insert into EDUC239.TE_REVIEWIMG (REVIEW_NUM,PRODUCT_NUM,REVIEWIMG_NUM,REVIEWIMG_PATH,REVIEWIMG_NAME) values (75,79,75,'review2.jpg',null);
Insert into EDUC239.TE_REVIEWIMG (REVIEW_NUM,PRODUCT_NUM,REVIEWIMG_NUM,REVIEWIMG_PATH,REVIEWIMG_NAME) values (5,9,5,'review1.jpg',null);
Insert into EDUC239.TE_REVIEWIMG (REVIEW_NUM,PRODUCT_NUM,REVIEWIMG_NUM,REVIEWIMG_PATH,REVIEWIMG_NAME) values (6,10,6,'review2.jpg',null);
Insert into EDUC239.TE_REVIEWIMG (REVIEW_NUM,PRODUCT_NUM,REVIEWIMG_NUM,REVIEWIMG_PATH,REVIEWIMG_NAME) values (7,11,7,'review3.jpg',null);
Insert into EDUC239.TE_REVIEWIMG (REVIEW_NUM,PRODUCT_NUM,REVIEWIMG_NUM,REVIEWIMG_PATH,REVIEWIMG_NAME) values (1,7,1,'review1.jpg',null);
Insert into EDUC239.TE_REVIEWIMG (REVIEW_NUM,PRODUCT_NUM,REVIEWIMG_NUM,REVIEWIMG_PATH,REVIEWIMG_NAME) values (2,7,2,'review2.jpg',null);
Insert into EDUC239.TE_REVIEWIMG (REVIEW_NUM,PRODUCT_NUM,REVIEWIMG_NUM,REVIEWIMG_PATH,REVIEWIMG_NAME) values (3,7,3,'review3.jpg',null);
Insert into EDUC239.TE_REVIEWIMG (REVIEW_NUM,PRODUCT_NUM,REVIEWIMG_NUM,REVIEWIMG_PATH,REVIEWIMG_NAME) values (4,8,4,'review2.jpg',null);
Insert into EDUC239.TE_REVIEWIMG (REVIEW_NUM,PRODUCT_NUM,REVIEWIMG_NUM,REVIEWIMG_PATH,REVIEWIMG_NAME) values (8,12,8,'review1.jpg',null);
Insert into EDUC239.TE_REVIEWIMG (REVIEW_NUM,PRODUCT_NUM,REVIEWIMG_NUM,REVIEWIMG_PATH,REVIEWIMG_NAME) values (9,13,9,'review2.jpg',null);
Insert into EDUC239.TE_REVIEWIMG (REVIEW_NUM,PRODUCT_NUM,REVIEWIMG_NUM,REVIEWIMG_PATH,REVIEWIMG_NAME) values (10,14,10,'review3.jpg',null);
Insert into EDUC239.TE_REVIEWIMG (REVIEW_NUM,PRODUCT_NUM,REVIEWIMG_NUM,REVIEWIMG_PATH,REVIEWIMG_NAME) values (11,15,11,'review1.jpg',null);
Insert into EDUC239.TE_REVIEWIMG (REVIEW_NUM,PRODUCT_NUM,REVIEWIMG_NUM,REVIEWIMG_PATH,REVIEWIMG_NAME) values (12,16,12,'review2.jpg',null);
Insert into EDUC239.TE_REVIEWIMG (REVIEW_NUM,PRODUCT_NUM,REVIEWIMG_NUM,REVIEWIMG_PATH,REVIEWIMG_NAME) values (13,17,13,'review3.jpg',null);
Insert into EDUC239.TE_REVIEWIMG (REVIEW_NUM,PRODUCT_NUM,REVIEWIMG_NUM,REVIEWIMG_PATH,REVIEWIMG_NAME) values (14,18,14,'review1.jpg',null);
Insert into EDUC239.TE_REVIEWIMG (REVIEW_NUM,PRODUCT_NUM,REVIEWIMG_NUM,REVIEWIMG_PATH,REVIEWIMG_NAME) values (15,19,15,'review2.jpg',null);
Insert into EDUC239.TE_REVIEWIMG (REVIEW_NUM,PRODUCT_NUM,REVIEWIMG_NUM,REVIEWIMG_PATH,REVIEWIMG_NAME) values (16,20,16,'review3.jpg',null);
Insert into EDUC239.TE_REVIEWIMG (REVIEW_NUM,PRODUCT_NUM,REVIEWIMG_NUM,REVIEWIMG_PATH,REVIEWIMG_NAME) values (17,21,17,'review1.jpg',null);
Insert into EDUC239.TE_REVIEWIMG (REVIEW_NUM,PRODUCT_NUM,REVIEWIMG_NUM,REVIEWIMG_PATH,REVIEWIMG_NAME) values (18,22,18,'review2.jpg',null);
Insert into EDUC239.TE_REVIEWIMG (REVIEW_NUM,PRODUCT_NUM,REVIEWIMG_NUM,REVIEWIMG_PATH,REVIEWIMG_NAME) values (19,23,19,'review3.jpg',null);
Insert into EDUC239.TE_REVIEWIMG (REVIEW_NUM,PRODUCT_NUM,REVIEWIMG_NUM,REVIEWIMG_PATH,REVIEWIMG_NAME) values (20,24,20,'review1.jpg',null);
Insert into EDUC239.TE_REVIEWIMG (REVIEW_NUM,PRODUCT_NUM,REVIEWIMG_NUM,REVIEWIMG_PATH,REVIEWIMG_NAME) values (21,25,21,'review2.jpg',null);
Insert into EDUC239.TE_REVIEWIMG (REVIEW_NUM,PRODUCT_NUM,REVIEWIMG_NUM,REVIEWIMG_PATH,REVIEWIMG_NAME) values (22,26,22,'review3.jpg',null);
Insert into EDUC239.TE_REVIEWIMG (REVIEW_NUM,PRODUCT_NUM,REVIEWIMG_NUM,REVIEWIMG_PATH,REVIEWIMG_NAME) values (23,27,23,'review1.jpg',null);
Insert into EDUC239.TE_REVIEWIMG (REVIEW_NUM,PRODUCT_NUM,REVIEWIMG_NUM,REVIEWIMG_PATH,REVIEWIMG_NAME) values (24,28,24,'review2.jpg',null);
Insert into EDUC239.TE_REVIEWIMG (REVIEW_NUM,PRODUCT_NUM,REVIEWIMG_NUM,REVIEWIMG_PATH,REVIEWIMG_NAME) values (25,29,25,'review3.jpg',null);
Insert into EDUC239.TE_REVIEWIMG (REVIEW_NUM,PRODUCT_NUM,REVIEWIMG_NUM,REVIEWIMG_PATH,REVIEWIMG_NAME) values (26,30,26,'review1.jpg',null);
Insert into EDUC239.TE_REVIEWIMG (REVIEW_NUM,PRODUCT_NUM,REVIEWIMG_NUM,REVIEWIMG_PATH,REVIEWIMG_NAME) values (27,31,27,'review2.jpg',null);
Insert into EDUC239.TE_REVIEWIMG (REVIEW_NUM,PRODUCT_NUM,REVIEWIMG_NUM,REVIEWIMG_PATH,REVIEWIMG_NAME) values (28,32,28,'review3.jpg',null);
Insert into EDUC239.TE_REVIEWIMG (REVIEW_NUM,PRODUCT_NUM,REVIEWIMG_NUM,REVIEWIMG_PATH,REVIEWIMG_NAME) values (29,33,29,'review1.jpg',null);
Insert into EDUC239.TE_REVIEWIMG (REVIEW_NUM,PRODUCT_NUM,REVIEWIMG_NUM,REVIEWIMG_PATH,REVIEWIMG_NAME) values (30,34,30,'review2.jpg',null);
Insert into EDUC239.TE_REVIEWIMG (REVIEW_NUM,PRODUCT_NUM,REVIEWIMG_NUM,REVIEWIMG_PATH,REVIEWIMG_NAME) values (31,35,31,'review3.jpg',null);
Insert into EDUC239.TE_REVIEWIMG (REVIEW_NUM,PRODUCT_NUM,REVIEWIMG_NUM,REVIEWIMG_PATH,REVIEWIMG_NAME) values (32,36,32,'review1.jpg',null);
Insert into EDUC239.TE_REVIEWIMG (REVIEW_NUM,PRODUCT_NUM,REVIEWIMG_NUM,REVIEWIMG_PATH,REVIEWIMG_NAME) values (33,37,33,'review2.jpg',null);
Insert into EDUC239.TE_REVIEWIMG (REVIEW_NUM,PRODUCT_NUM,REVIEWIMG_NUM,REVIEWIMG_PATH,REVIEWIMG_NAME) values (34,38,34,'review3.jpg',null);
Insert into EDUC239.TE_REVIEWIMG (REVIEW_NUM,PRODUCT_NUM,REVIEWIMG_NUM,REVIEWIMG_PATH,REVIEWIMG_NAME) values (35,39,35,'review1.jpg',null);
Insert into EDUC239.TE_REVIEWIMG (REVIEW_NUM,PRODUCT_NUM,REVIEWIMG_NUM,REVIEWIMG_PATH,REVIEWIMG_NAME) values (36,40,36,'review2.jpg',null);
Insert into EDUC239.TE_REVIEWIMG (REVIEW_NUM,PRODUCT_NUM,REVIEWIMG_NUM,REVIEWIMG_PATH,REVIEWIMG_NAME) values (37,41,37,'review3.jpg',null);
Insert into EDUC239.TE_REVIEWIMG (REVIEW_NUM,PRODUCT_NUM,REVIEWIMG_NUM,REVIEWIMG_PATH,REVIEWIMG_NAME) values (38,42,38,'review1.jpg',null);
Insert into EDUC239.TE_REVIEWIMG (REVIEW_NUM,PRODUCT_NUM,REVIEWIMG_NUM,REVIEWIMG_PATH,REVIEWIMG_NAME) values (39,43,39,'review2.jpg',null);
REM INSERTING into EDUC239.TE_USERINFORMATION
SET DEFINE OFF;
Insert into EDUC239.TE_USERINFORMATION (USER_ID,USER_BIRTHDAY,USER_ADDRESS,USER_PASSWORD,USER_NAME,USER_PHONENUM,USER_EMAIL,MILE_PRICE,SESSIONKEY,SESSIONLIMIT) values ('user02','19941129','대구광역시','1234','노현호','01045446742','jerj3uj@naver.com',500,null,null);
Insert into EDUC239.TE_USERINFORMATION (USER_ID,USER_BIRTHDAY,USER_ADDRESS,USER_PASSWORD,USER_NAME,USER_PHONENUM,USER_EMAIL,MILE_PRICE,SESSIONKEY,SESSIONLIMIT) values ('miri1323','19950101','동구 휴먼시아','1234','이용희','01054355454','fds2@naver.com',500,null,null);
Insert into EDUC239.TE_USERINFORMATION (USER_ID,USER_BIRTHDAY,USER_ADDRESS,USER_PASSWORD,USER_NAME,USER_PHONENUM,USER_EMAIL,MILE_PRICE,SESSIONKEY,SESSIONLIMIT) values ('user03','19940304','수성구 사는 순어빵','1234','이영태','01054355454','5487@naver.com',500,null,null);
Insert into EDUC239.TE_USERINFORMATION (USER_ID,USER_BIRTHDAY,USER_ADDRESS,USER_PASSWORD,USER_NAME,USER_PHONENUM,USER_EMAIL,MILE_PRICE,SESSIONKEY,SESSIONLIMIT) values ('user04','19941017','남구 홍크','1234','정민섭','010478987555','54827@naver.com',500,null,null);
Insert into EDUC239.TE_USERINFORMATION (USER_ID,USER_BIRTHDAY,USER_ADDRESS,USER_PASSWORD,USER_NAME,USER_PHONENUM,USER_EMAIL,MILE_PRICE,SESSIONKEY,SESSIONLIMIT) values ('user05','19950228','내당 사는 유오리','1234','유성우','01076554329','54827@naver.com',500,null,null);
Insert into EDUC239.TE_USERINFORMATION (USER_ID,USER_BIRTHDAY,USER_ADDRESS,USER_PASSWORD,USER_NAME,USER_PHONENUM,USER_EMAIL,MILE_PRICE,SESSIONKEY,SESSIONLIMIT) values ('user07','19941002','대명동 어딘가','1234','누환욱','01048027591','nny1561@naver.com',500,null,null);
Insert into EDUC239.TE_USERINFORMATION (USER_ID,USER_BIRTHDAY,USER_ADDRESS,USER_PASSWORD,USER_NAME,USER_PHONENUM,USER_EMAIL,MILE_PRICE,SESSIONKEY,SESSIONLIMIT) values ('user06','19941002','대구광역시','1234','류환욱','01055555555','TnTN@naver.com',500,null,null);
Insert into EDUC239.TE_USERINFORMATION (USER_ID,USER_BIRTHDAY,USER_ADDRESS,USER_PASSWORD,USER_NAME,USER_PHONENUM,USER_EMAIL,MILE_PRICE,SESSIONKEY,SESSIONLIMIT) values ('user08','19950227','dfsfew','1234','유성우2','01047898746223','54827@naver.com',500,null,null);
Insert into EDUC239.TE_USERINFORMATION (USER_ID,USER_BIRTHDAY,USER_ADDRESS,USER_PASSWORD,USER_NAME,USER_PHONENUM,USER_EMAIL,MILE_PRICE,SESSIONKEY,SESSIONLIMIT) values ('user09','19941122','dfsr32413e','1234','이용히','010765543242','54827@nave.com',500,null,null);
--------------------------------------------------------
--  DDL for Index PK_BOARD
--------------------------------------------------------

  CREATE UNIQUE INDEX "EDUC239"."PK_BOARD" ON "EDUC239"."TBL_BOARD" ("BNO") 
  ;
--------------------------------------------------------
--  DDL for Index PK_REPLY
--------------------------------------------------------

  CREATE UNIQUE INDEX "EDUC239"."PK_REPLY" ON "EDUC239"."TBL_REPLY" ("RNO") 
  ;
--------------------------------------------------------
--  DDL for Index PK_TBL_ATTACH
--------------------------------------------------------

  CREATE UNIQUE INDEX "EDUC239"."PK_TBL_ATTACH" ON "EDUC239"."TBL_ATTACH" ("FULLNAME") 
  ;
--------------------------------------------------------
--  DDL for Index PK_TBL_USER
--------------------------------------------------------

  CREATE UNIQUE INDEX "EDUC239"."PK_TBL_USER" ON "EDUC239"."TBL_USER" ("UIDS") 
  ;
--------------------------------------------------------
--  DDL for Index TA_ANSWER_PK
--------------------------------------------------------

  CREATE UNIQUE INDEX "EDUC239"."TA_ANSWER_PK" ON "EDUC239"."TA_ANSWER" ("rno") 
  ;
--------------------------------------------------------
--  DDL for Index TA_XIF1_BASKET
--------------------------------------------------------

  CREATE INDEX "EDUC239"."TA_XIF1_BASKET" ON "EDUC239"."TA_BASKET" ("ID") 
  ;
--------------------------------------------------------
--  DDL for Index TA_XIF1_CITY
--------------------------------------------------------

  CREATE INDEX "EDUC239"."TA_XIF1_CITY" ON "EDUC239"."TA_CITY" ("NATION_CODE") 
  ;
--------------------------------------------------------
--  DDL for Index TA_XIF1_COUPON_RECODE
--------------------------------------------------------

  CREATE INDEX "EDUC239"."TA_XIF1_COUPON_RECODE" ON "EDUC239"."TA_COUPON_RECODE" ("COUPON_CODE") 
  ;
--------------------------------------------------------
--  DDL for Index TA_XIF1_MILEAGE
--------------------------------------------------------

  CREATE INDEX "EDUC239"."TA_XIF1_MILEAGE" ON "EDUC239"."TA_MILEAGE" ("ID") 
  ;
--------------------------------------------------------
--  DDL for Index TA_XIF1_ORDER
--------------------------------------------------------

  CREATE INDEX "EDUC239"."TA_XIF1_ORDER" ON "EDUC239"."TA_ORDER" ("RE_IDX") 
  ;
--------------------------------------------------------
--  DDL for Index TA_XIF1_POP
--------------------------------------------------------

  CREATE INDEX "EDUC239"."TA_XIF1_POP" ON "EDUC239"."TA_POP" ("ID") 
  ;
--------------------------------------------------------
--  DDL for Index TA_XIF1_PRODUCT
--------------------------------------------------------

  CREATE INDEX "EDUC239"."TA_XIF1_PRODUCT" ON "EDUC239"."TA_PRODUCT" ("NATION_CODE") 
  ;
--------------------------------------------------------
--  DDL for Index TA_XIF1_REVIEW
--------------------------------------------------------

  CREATE INDEX "EDUC239"."TA_XIF1_REVIEW" ON "EDUC239"."TA_REVIEW" ("ID") 
  ;
--------------------------------------------------------
--  DDL for Index TA_XIF1_REVIEWIMG
--------------------------------------------------------

  CREATE INDEX "EDUC239"."TA_XIF1_REVIEWIMG" ON "EDUC239"."TA_REVIEWIMG" ("REVIEW_IDX", "PRODUCT_CODE") 
  ;
--------------------------------------------------------
--  DDL for Index TA_XIF1_SUBSCRIBER
--------------------------------------------------------

  CREATE INDEX "EDUC239"."TA_XIF1_SUBSCRIBER" ON "EDUC239"."TA_SUBSCRIBER" ("RE_IDX") 
  ;
--------------------------------------------------------
--  DDL for Index TA_XIF2_BASKET
--------------------------------------------------------

  CREATE INDEX "EDUC239"."TA_XIF2_BASKET" ON "EDUC239"."TA_BASKET" ("PRODUCT_CODE") 
  ;
--------------------------------------------------------
--  DDL for Index TA_XIF2_BOARD
--------------------------------------------------------

  CREATE INDEX "EDUC239"."TA_XIF2_BOARD" ON "EDUC239"."TA_BOARD" ("ID") 
  ;
--------------------------------------------------------
--  DDL for Index TA_XIF2_COUPON_RECODE
--------------------------------------------------------

  CREATE INDEX "EDUC239"."TA_XIF2_COUPON_RECODE" ON "EDUC239"."TA_COUPON_RECODE" ("ID") 
  ;
--------------------------------------------------------
--  DDL for Index TA_XIF2_MILEAGE
--------------------------------------------------------

  CREATE INDEX "EDUC239"."TA_XIF2_MILEAGE" ON "EDUC239"."TA_MILEAGE" ("ORDER_CODE", "RE_IDX") 
  ;
--------------------------------------------------------
--  DDL for Index TA_XIF2_PRODUCT
--------------------------------------------------------

  CREATE INDEX "EDUC239"."TA_XIF2_PRODUCT" ON "EDUC239"."TA_PRODUCT" ("CITY_CODE") 
  ;
--------------------------------------------------------
--  DDL for Index TA_XIF3_BOARD
--------------------------------------------------------

  CREATE INDEX "EDUC239"."TA_XIF3_BOARD" ON "EDUC239"."TA_BOARD" ("BOARD_CODE") 
  ;
--------------------------------------------------------
--  DDL for Index TA_XIF3_COUPON_RECODE
--------------------------------------------------------

  CREATE INDEX "EDUC239"."TA_XIF3_COUPON_RECODE" ON "EDUC239"."TA_COUPON_RECODE" ("ORDER_CODE", "RE_IDX") 
  ;
--------------------------------------------------------
--  DDL for Index TA_XIF3_REVIEW
--------------------------------------------------------

  CREATE INDEX "EDUC239"."TA_XIF3_REVIEW" ON "EDUC239"."TA_REVIEW" ("PRODUCT_CODE") 
  ;
--------------------------------------------------------
--  DDL for Index TA_XIF4_RESERVATION
--------------------------------------------------------

  CREATE INDEX "EDUC239"."TA_XIF4_RESERVATION" ON "EDUC239"."TA_RESERVATION" ("ID") 
  ;
--------------------------------------------------------
--  DDL for Index TA_XIF_PROIMG
--------------------------------------------------------

  CREATE INDEX "EDUC239"."TA_XIF_PROIMG" ON "EDUC239"."TA_PROIMG" ("PRODUCT_CODE") 
  ;
--------------------------------------------------------
--  DDL for Index TA_XIF_QUESTION
--------------------------------------------------------

  CREATE INDEX "EDUC239"."TA_XIF_QUESTION" ON "EDUC239"."TA_QUESTION" ("ID") 
  ;
--------------------------------------------------------
--  DDL for Index TA_XPK_BASKET
--------------------------------------------------------

  CREATE UNIQUE INDEX "EDUC239"."TA_XPK_BASKET" ON "EDUC239"."TA_BASKET" ("BASKET_IDX") 
  ;
--------------------------------------------------------
--  DDL for Index TA_XPK_BOARD
--------------------------------------------------------

  CREATE UNIQUE INDEX "EDUC239"."TA_XPK_BOARD" ON "EDUC239"."TA_BOARD" ("BOARD_IDX", "BOARD_CODE") 
  ;
--------------------------------------------------------
--  DDL for Index TA_XPK_BOARD_INFO
--------------------------------------------------------

  CREATE UNIQUE INDEX "EDUC239"."TA_XPK_BOARD_INFO" ON "EDUC239"."TA_BOARD_INFO" ("BOARD_CODE") 
  ;
--------------------------------------------------------
--  DDL for Index TA_XPK_CITY
--------------------------------------------------------

  CREATE UNIQUE INDEX "EDUC239"."TA_XPK_CITY" ON "EDUC239"."TA_CITY" ("CITY_CODE") 
  ;
--------------------------------------------------------
--  DDL for Index TA_XPK_COUPON
--------------------------------------------------------

  CREATE UNIQUE INDEX "EDUC239"."TA_XPK_COUPON" ON "EDUC239"."TA_COUPON" ("COUPON_CODE") 
  ;
--------------------------------------------------------
--  DDL for Index TA_XPK_COUPON_RECODE
--------------------------------------------------------

  CREATE UNIQUE INDEX "EDUC239"."TA_XPK_COUPON_RECODE" ON "EDUC239"."TA_COUPON_RECODE" ("COUPON_CODE", "ID", "COUPON_RECODE_IDX") 
  ;
--------------------------------------------------------
--  DDL for Index TA_XPK_FAQ
--------------------------------------------------------

  CREATE UNIQUE INDEX "EDUC239"."TA_XPK_FAQ" ON "EDUC239"."TA_FAQ" ("FAQ_IDX") 
  ;
--------------------------------------------------------
--  DDL for Index TA_XPK_MEMBER
--------------------------------------------------------

  CREATE UNIQUE INDEX "EDUC239"."TA_XPK_MEMBER" ON "EDUC239"."TA_MEMBER" ("ID") 
  ;
--------------------------------------------------------
--  DDL for Index TA_XPK_MILEAGE
--------------------------------------------------------

  CREATE UNIQUE INDEX "EDUC239"."TA_XPK_MILEAGE" ON "EDUC239"."TA_MILEAGE" ("MILEAGE_IDX") 
  ;
--------------------------------------------------------
--  DDL for Index TA_XPK_NATION
--------------------------------------------------------

  CREATE UNIQUE INDEX "EDUC239"."TA_XPK_NATION" ON "EDUC239"."TA_NATION" ("NATION_CODE") 
  ;
--------------------------------------------------------
--  DDL for Index TA_XPK_ORDER
--------------------------------------------------------

  CREATE UNIQUE INDEX "EDUC239"."TA_XPK_ORDER" ON "EDUC239"."TA_ORDER" ("ORDER_CODE", "RE_IDX") 
  ;
--------------------------------------------------------
--  DDL for Index TA_XPK_POP
--------------------------------------------------------

  CREATE UNIQUE INDEX "EDUC239"."TA_XPK_POP" ON "EDUC239"."TA_POP" ("POP_IDX") 
  ;
--------------------------------------------------------
--  DDL for Index TA_XPK_PRODUCT
--------------------------------------------------------

  CREATE UNIQUE INDEX "EDUC239"."TA_XPK_PRODUCT" ON "EDUC239"."TA_PRODUCT" ("PRODUCT_CODE") 
  ;
--------------------------------------------------------
--  DDL for Index TA_XPK_PROIMG
--------------------------------------------------------

  CREATE UNIQUE INDEX "EDUC239"."TA_XPK_PROIMG" ON "EDUC239"."TA_PROIMG" ("PROIMG_IDX", "PRODUCT_CODE") 
  ;
--------------------------------------------------------
--  DDL for Index TA_XPK_QUESTION
--------------------------------------------------------

  CREATE UNIQUE INDEX "EDUC239"."TA_XPK_QUESTION" ON "EDUC239"."TA_QUESTION" ("Q_IDX") 
  ;
--------------------------------------------------------
--  DDL for Index TA_XPK_RESERVATION
--------------------------------------------------------

  CREATE UNIQUE INDEX "EDUC239"."TA_XPK_RESERVATION" ON "EDUC239"."TA_RESERVATION" ("RE_IDX") 
  ;
--------------------------------------------------------
--  DDL for Index TA_XPK_REVIEW
--------------------------------------------------------

  CREATE UNIQUE INDEX "EDUC239"."TA_XPK_REVIEW" ON "EDUC239"."TA_REVIEW" ("REVIEW_IDX", "PRODUCT_CODE") 
  ;
--------------------------------------------------------
--  DDL for Index TA_XPK_REVIEWIMG
--------------------------------------------------------

  CREATE UNIQUE INDEX "EDUC239"."TA_XPK_REVIEWIMG" ON "EDUC239"."TA_REVIEWIMG" ("REVIEWIMG_IDX") 
  ;
--------------------------------------------------------
--  DDL for Index TA_XPK_SUBSCRIBER
--------------------------------------------------------

  CREATE UNIQUE INDEX "EDUC239"."TA_XPK_SUBSCRIBER" ON "EDUC239"."TA_SUBSCRIBER" ("SUB_IDX", "RE_IDX") 
  ;
--------------------------------------------------------
--  DDL for Index TC_XIF1_CART1
--------------------------------------------------------

  CREATE INDEX "EDUC239"."TC_XIF1_CART1" ON "EDUC239"."TC_CART" ("P_CODE") 
  ;
--------------------------------------------------------
--  DDL for Index TC_XIF1_EVENTIMAGE1
--------------------------------------------------------

  CREATE INDEX "EDUC239"."TC_XIF1_EVENTIMAGE1" ON "EDUC239"."TC_E_FILE" ("E_NUM") 
  ;
--------------------------------------------------------
--  DDL for Index TC_XIF1_MEMBER1
--------------------------------------------------------

  CREATE INDEX "EDUC239"."TC_XIF1_MEMBER1" ON "EDUC239"."TC_MEMBER" ("LEVEL_CODE") 
  ;
--------------------------------------------------------
--  DDL for Index TC_XIF1_NIMAGE1
--------------------------------------------------------

  CREATE INDEX "EDUC239"."TC_XIF1_NIMAGE1" ON "EDUC239"."TC_NOTICE_IMAGE" ("N_CODE") 
  ;
--------------------------------------------------------
--  DDL for Index TC_XIF1_ODETAIL1
--------------------------------------------------------

  CREATE INDEX "EDUC239"."TC_XIF1_ODETAIL1" ON "EDUC239"."TC_O_DETAIL" ("P_CODE") 
  ;
--------------------------------------------------------
--  DDL for Index TC_XIF1_ORDER1
--------------------------------------------------------

  CREATE INDEX "EDUC239"."TC_XIF1_ORDER1" ON "EDUC239"."TC_ORDER" ("M_ID") 
  ;
--------------------------------------------------------
--  DDL for Index TC_XIF1_PIMAGE1
--------------------------------------------------------

  CREATE INDEX "EDUC239"."TC_XIF1_PIMAGE1" ON "EDUC239"."TC_P_FILE" ("P_CODE") 
  ;
--------------------------------------------------------
--  DDL for Index TC_XIF1_QNA1
--------------------------------------------------------

  CREATE INDEX "EDUC239"."TC_XIF1_QNA1" ON "EDUC239"."TC_QNA" ("Q_CATEGORY_NUM") 
  ;
--------------------------------------------------------
--  DDL for Index TC_XIF1_REVIEW1
--------------------------------------------------------

  CREATE INDEX "EDUC239"."TC_XIF1_REVIEW1" ON "EDUC239"."TC_REVIEW" ("M_ID") 
  ;
--------------------------------------------------------
--  DDL for Index TC_XIF1_RIMAGE1
--------------------------------------------------------

  CREATE INDEX "EDUC239"."TC_XIF1_RIMAGE1" ON "EDUC239"."TC_R_FILE" ("R_NUM", "P_CODE") 
  ;
--------------------------------------------------------
--  DDL for Index TC_XIF1_USINGPOINT1
--------------------------------------------------------

  CREATE INDEX "EDUC239"."TC_XIF1_USINGPOINT1" ON "EDUC239"."TC_USING_POINT" ("M_ID") 
  ;
--------------------------------------------------------
--  DDL for Index TC_XIF2_CART2
--------------------------------------------------------

  CREATE INDEX "EDUC239"."TC_XIF2_CART2" ON "EDUC239"."TC_CART" ("M_ID") 
  ;
--------------------------------------------------------
--  DDL for Index TC_XIF2_FAVORITE_PRODUCT2
--------------------------------------------------------

  CREATE INDEX "EDUC239"."TC_XIF2_FAVORITE_PRODUCT2" ON "EDUC239"."TC_F_PRODUCT" ("P_CODE") 
  ;
--------------------------------------------------------
--  DDL for Index TC_XIF2_ODETAIL2
--------------------------------------------------------

  CREATE INDEX "EDUC239"."TC_XIF2_ODETAIL2" ON "EDUC239"."TC_O_DETAIL" ("O_NUM") 
  ;
--------------------------------------------------------
--  DDL for Index TC_XIF2_ORDER2
--------------------------------------------------------

  CREATE INDEX "EDUC239"."TC_XIF2_ORDER2" ON "EDUC239"."TC_ORDER" ("A_ID") 
  ;
--------------------------------------------------------
--  DDL for Index TC_XIF2_PRODUCT2
--------------------------------------------------------

  CREATE INDEX "EDUC239"."TC_XIF2_PRODUCT2" ON "EDUC239"."TC_PRODUCT" ("P_SMALL") 
  ;
--------------------------------------------------------
--  DDL for Index TC_XIF2_QNA2
--------------------------------------------------------

  CREATE INDEX "EDUC239"."TC_XIF2_QNA2" ON "EDUC239"."TC_QNA" ("M_ID") 
  ;
--------------------------------------------------------
--  DDL for Index TC_XIF2_REVIEW2
--------------------------------------------------------

  CREATE INDEX "EDUC239"."TC_XIF2_REVIEW2" ON "EDUC239"."TC_REVIEW" ("P_CODE") 
  ;
--------------------------------------------------------
--  DDL for Index TC_XIF2_USINGPOINT2
--------------------------------------------------------

  CREATE INDEX "EDUC239"."TC_XIF2_USINGPOINT2" ON "EDUC239"."TC_USING_POINT" ("O_NUM") 
  ;
--------------------------------------------------------
--  DDL for Index TC_XIF3_FAVORITE_PRODUCT3
--------------------------------------------------------

  CREATE INDEX "EDUC239"."TC_XIF3_FAVORITE_PRODUCT3" ON "EDUC239"."TC_F_PRODUCT" ("M_ID") 
  ;
--------------------------------------------------------
--  DDL for Index TC_XIF3_ORDER3
--------------------------------------------------------

  CREATE INDEX "EDUC239"."TC_XIF3_ORDER3" ON "EDUC239"."TC_ORDER" ("CARD_CATEGORY_CODE") 
  ;
--------------------------------------------------------
--  DDL for Index TC_XIF3_QNA3
--------------------------------------------------------

  CREATE INDEX "EDUC239"."TC_XIF3_QNA3" ON "EDUC239"."TC_QNA" ("A_ID") 
  ;
--------------------------------------------------------
--  DDL for Index TC_XIF4_PRODUCT4
--------------------------------------------------------

  CREATE INDEX "EDUC239"."TC_XIF4_PRODUCT4" ON "EDUC239"."TC_PRODUCT" ("P_BIG") 
  ;
--------------------------------------------------------
--  DDL for Index TC_XIF5_PRODUCT5
--------------------------------------------------------

  CREATE INDEX "EDUC239"."TC_XIF5_PRODUCT5" ON "EDUC239"."TC_PRODUCT" ("P_MIDDLE") 
  ;
--------------------------------------------------------
--  DDL for Index TC_XPK_ADMIN
--------------------------------------------------------

  CREATE UNIQUE INDEX "EDUC239"."TC_XPK_ADMIN" ON "EDUC239"."TC_ADMIN" ("A_ID") 
  ;
--------------------------------------------------------
--  DDL for Index TC_XPK_CARDINFO
--------------------------------------------------------

  CREATE UNIQUE INDEX "EDUC239"."TC_XPK_CARDINFO" ON "EDUC239"."TC_CARD_CATEGORY" ("CARD_CATEGORY_CODE") 
  ;
--------------------------------------------------------
--  DDL for Index TC_XPK_CART
--------------------------------------------------------

  CREATE UNIQUE INDEX "EDUC239"."TC_XPK_CART" ON "EDUC239"."TC_CART" ("C_INDEX") 
  ;
--------------------------------------------------------
--  DDL for Index TC_XPK_EVENT
--------------------------------------------------------

  CREATE UNIQUE INDEX "EDUC239"."TC_XPK_EVENT" ON "EDUC239"."TC_EVENT" ("E_NUM") 
  ;
--------------------------------------------------------
--  DDL for Index TC_XPK_EVENTIMAGE
--------------------------------------------------------

  CREATE UNIQUE INDEX "EDUC239"."TC_XPK_EVENTIMAGE" ON "EDUC239"."TC_E_FILE" ("E_IMAGE_INDEX", "E_NUM") 
  ;
--------------------------------------------------------
--  DDL for Index TC_XPK_FAVORITE_PRODUCT
--------------------------------------------------------

  CREATE UNIQUE INDEX "EDUC239"."TC_XPK_FAVORITE_PRODUCT" ON "EDUC239"."TC_F_PRODUCT" ("F_P_INDEX") 
  ;
--------------------------------------------------------
--  DDL for Index TC_XPK_LEVEL
--------------------------------------------------------

  CREATE UNIQUE INDEX "EDUC239"."TC_XPK_LEVEL" ON "EDUC239"."TC_LEVEL" ("LEVEL_CODE") 
  ;
--------------------------------------------------------
--  DDL for Index TC_XPK_MEMBER
--------------------------------------------------------

  CREATE UNIQUE INDEX "EDUC239"."TC_XPK_MEMBER" ON "EDUC239"."TC_MEMBER" ("M_ID") 
  ;
--------------------------------------------------------
--  DDL for Index TC_XPK_NIMAGE
--------------------------------------------------------

  CREATE UNIQUE INDEX "EDUC239"."TC_XPK_NIMAGE" ON "EDUC239"."TC_NOTICE_IMAGE" ("N_IMAGE_INDEX", "N_CODE") 
  ;
--------------------------------------------------------
--  DDL for Index TC_XPK_ODETAIL
--------------------------------------------------------

  CREATE UNIQUE INDEX "EDUC239"."TC_XPK_ODETAIL" ON "EDUC239"."TC_O_DETAIL" ("P_CODE", "O_NUM") 
  ;
--------------------------------------------------------
--  DDL for Index TC_XPK_ORDER
--------------------------------------------------------

  CREATE UNIQUE INDEX "EDUC239"."TC_XPK_ORDER" ON "EDUC239"."TC_ORDER" ("O_NUM") 
  ;
--------------------------------------------------------
--  DDL for Index TC_XPK_PIMAGE
--------------------------------------------------------

  CREATE UNIQUE INDEX "EDUC239"."TC_XPK_PIMAGE" ON "EDUC239"."TC_P_FILE" ("P_IMAGE_INDEX", "P_CODE") 
  ;
--------------------------------------------------------
--  DDL for Index TC_XPK_PRODUCT
--------------------------------------------------------

  CREATE UNIQUE INDEX "EDUC239"."TC_XPK_PRODUCT" ON "EDUC239"."TC_PRODUCT" ("P_CODE") 
  ;
--------------------------------------------------------
--  DDL for Index TC_XPK_PRODUCT_BIG
--------------------------------------------------------

  CREATE UNIQUE INDEX "EDUC239"."TC_XPK_PRODUCT_BIG" ON "EDUC239"."TC_P_BIG" ("P_BIG") 
  ;
--------------------------------------------------------
--  DDL for Index TC_XPK_PRODUCT_MIDDLE
--------------------------------------------------------

  CREATE UNIQUE INDEX "EDUC239"."TC_XPK_PRODUCT_MIDDLE" ON "EDUC239"."TC_P_MIDDLE" ("P_MIDDLE") 
  ;
--------------------------------------------------------
--  DDL for Index TC_XPK_PRODUCT_SMALL
--------------------------------------------------------

  CREATE UNIQUE INDEX "EDUC239"."TC_XPK_PRODUCT_SMALL" ON "EDUC239"."TC_P_SMALL" ("P_SMALL") 
  ;
--------------------------------------------------------
--  DDL for Index TC_XPK_QCATEGORY
--------------------------------------------------------

  CREATE UNIQUE INDEX "EDUC239"."TC_XPK_QCATEGORY" ON "EDUC239"."TC_Q_CATEGORY" ("Q_CATEGORY_NUM") 
  ;
--------------------------------------------------------
--  DDL for Index TC_XPK_QNA
--------------------------------------------------------

  CREATE UNIQUE INDEX "EDUC239"."TC_XPK_QNA" ON "EDUC239"."TC_QNA" ("Q_NUM") 
  ;
--------------------------------------------------------
--  DDL for Index TC_XPK_REVIEW
--------------------------------------------------------

  CREATE UNIQUE INDEX "EDUC239"."TC_XPK_REVIEW" ON "EDUC239"."TC_REVIEW" ("R_NUM", "P_CODE") 
  ;
--------------------------------------------------------
--  DDL for Index TC_XPK_RIMAGE
--------------------------------------------------------

  CREATE UNIQUE INDEX "EDUC239"."TC_XPK_RIMAGE" ON "EDUC239"."TC_R_FILE" ("R_IMAGE_INDEX", "R_NUM", "P_CODE") 
  ;
--------------------------------------------------------
--  DDL for Index TC_XPK_USINGPOINT
--------------------------------------------------------

  CREATE UNIQUE INDEX "EDUC239"."TC_XPK_USINGPOINT" ON "EDUC239"."TC_USING_POINT" ("HISTORY_NUM") 
  ;
--------------------------------------------------------
--  DDL for Index TD_ADMIN_IDX
--------------------------------------------------------

  CREATE UNIQUE INDEX "EDUC239"."TD_ADMIN_IDX" ON "EDUC239"."TD_ADMIN" ("ADMIN_IDX") 
  ;
--------------------------------------------------------
--  DDL for Index TD_HOTEL_DETAILINFO_PK
--------------------------------------------------------

  CREATE UNIQUE INDEX "EDUC239"."TD_HOTEL_DETAILINFO_PK" ON "EDUC239"."TD_HOTEL_DETAILINFO" ("IDX") 
  ;
--------------------------------------------------------
--  DDL for Index TD_HOTEL_DETAILINFO_UN
--------------------------------------------------------

  CREATE UNIQUE INDEX "EDUC239"."TD_HOTEL_DETAILINFO_UN" ON "EDUC239"."TD_HOTEL_DETAILINFO" ("IDX", "HOTEL_CODE") 
  ;
--------------------------------------------------------
--  DDL for Index TD_MEMBER_IDX
--------------------------------------------------------

  CREATE UNIQUE INDEX "EDUC239"."TD_MEMBER_IDX" ON "EDUC239"."TD_MEMBER" ("MEMBER_IDX") 
  ;
--------------------------------------------------------
--  DDL for Index TD_ROOM_BED_PK
--------------------------------------------------------

  CREATE UNIQUE INDEX "EDUC239"."TD_ROOM_BED_PK" ON "EDUC239"."TD_ROOM_BED" ("RB_IDX") 
  ;
--------------------------------------------------------
--  DDL for Index TD_XIF1S_SLIDE_IMG
--------------------------------------------------------

  CREATE INDEX "EDUC239"."TD_XIF1S_SLIDE_IMG" ON "EDUC239"."TD_SLIDE_IMAGE" ("ADMIN_ID") 
  ;
--------------------------------------------------------
--  DDL for Index TD_XIF1_BOOKING
--------------------------------------------------------

  CREATE INDEX "EDUC239"."TD_XIF1_BOOKING" ON "EDUC239"."TD_BOOKING" ("MEMBER_ID") 
  ;
--------------------------------------------------------
--  DDL for Index TD_XIF1_CITY
--------------------------------------------------------

  CREATE INDEX "EDUC239"."TD_XIF1_CITY" ON "EDUC239"."TD_CITY" ("NATION_CODE") 
  ;
--------------------------------------------------------
--  DDL for Index TD_XIF1_DICOUNT_INFO
--------------------------------------------------------

  CREATE INDEX "EDUC239"."TD_XIF1_DICOUNT_INFO" ON "EDUC239"."TD_DISCOUNT_INFO" ("DISCOUNT_CODE") 
  ;
--------------------------------------------------------
--  DDL for Index TD_XIF1_FAQ
--------------------------------------------------------

  CREATE INDEX "EDUC239"."TD_XIF1_FAQ" ON "EDUC239"."TD_FAQ" ("ADMIN_ID") 
  ;
--------------------------------------------------------
--  DDL for Index TD_XIF1_HOTEL
--------------------------------------------------------

  CREATE INDEX "EDUC239"."TD_XIF1_HOTEL" ON "EDUC239"."TD_HOTEL" ("CITY_CODE") 
  ;
--------------------------------------------------------
--  DDL for Index TD_XIF1_HOTEL_IMG
--------------------------------------------------------

  CREATE INDEX "EDUC239"."TD_XIF1_HOTEL_IMG" ON "EDUC239"."TD_HOTEL_IMAGE" ("HOTEL_CODE") 
  ;
--------------------------------------------------------
--  DDL for Index TD_XIF1_HOTEL_INFO
--------------------------------------------------------

  CREATE INDEX "EDUC239"."TD_XIF1_HOTEL_INFO" ON "EDUC239"."TD_HOTEL_INFO" ("HF_IDX") 
  ;
--------------------------------------------------------
--  DDL for Index TD_XIF1_INQUIRY
--------------------------------------------------------

  CREATE INDEX "EDUC239"."TD_XIF1_INQUIRY" ON "EDUC239"."TD_INQUIRY" ("MEMBER_ID") 
  ;
--------------------------------------------------------
--  DDL for Index TD_XIF1_INTEREST_VIEW
--------------------------------------------------------

  CREATE INDEX "EDUC239"."TD_XIF1_INTEREST_VIEW" ON "EDUC239"."TD_INTEREST_VIEW" ("HOTEL_CODE") 
  ;
--------------------------------------------------------
--  DDL for Index TD_XIF1_MEMBER
--------------------------------------------------------

  CREATE INDEX "EDUC239"."TD_XIF1_MEMBER" ON "EDUC239"."TD_MEMBER" ("NATION_CODE") 
  ;
--------------------------------------------------------
--  DDL for Index TD_XIF1_NOTICE
--------------------------------------------------------

  CREATE INDEX "EDUC239"."TD_XIF1_NOTICE" ON "EDUC239"."TD_NOTICE" ("ADMIN_ID") 
  ;
--------------------------------------------------------
--  DDL for Index TD_XIF1_PAYMENT
--------------------------------------------------------

  CREATE INDEX "EDUC239"."TD_XIF1_PAYMENT" ON "EDUC239"."TD_PAYMENT" ("BOOKING_IDX") 
  ;
--------------------------------------------------------
--  DDL for Index TD_XIF1_RECENT_VIEW
--------------------------------------------------------

  CREATE INDEX "EDUC239"."TD_XIF1_RECENT_VIEW" ON "EDUC239"."TD_RECENT_VIEW" ("HOTEL_CODE") 
  ;
--------------------------------------------------------
--  DDL for Index TD_XIF1_ROOM
--------------------------------------------------------

  CREATE INDEX "EDUC239"."TD_XIF1_ROOM" ON "EDUC239"."TD_ROOM" ("HOTEL_CODE") 
  ;
--------------------------------------------------------
--  DDL for Index TD_XIF2_DISCOUNT_INFO
--------------------------------------------------------

  CREATE INDEX "EDUC239"."TD_XIF2_DISCOUNT_INFO" ON "EDUC239"."TD_DISCOUNT_INFO" ("MEMBER_ID") 
  ;
--------------------------------------------------------
--  DDL for Index TD_XIF2_HOTEL
--------------------------------------------------------

  CREATE INDEX "EDUC239"."TD_XIF2_HOTEL" ON "EDUC239"."TD_HOTEL" ("NATION_CODE") 
  ;
--------------------------------------------------------
--  DDL for Index TD_XIF2_HOTEL_INFO
--------------------------------------------------------

  CREATE INDEX "EDUC239"."TD_XIF2_HOTEL_INFO" ON "EDUC239"."TD_HOTEL_INFO" ("HOTEL_CODE") 
  ;
--------------------------------------------------------
--  DDL for Index TD_XIF2_INTEREST_VIEW
--------------------------------------------------------

  CREATE INDEX "EDUC239"."TD_XIF2_INTEREST_VIEW" ON "EDUC239"."TD_INTEREST_VIEW" ("MEMBER_ID") 
  ;
--------------------------------------------------------
--  DDL for Index TD_XIF2_RECENT_VIEW
--------------------------------------------------------

  CREATE INDEX "EDUC239"."TD_XIF2_RECENT_VIEW" ON "EDUC239"."TD_RECENT_VIEW" ("MEMBER_ID") 
  ;
--------------------------------------------------------
--  DDL for Index TD_XIF2_REVIEW
--------------------------------------------------------

  CREATE INDEX "EDUC239"."TD_XIF2_REVIEW" ON "EDUC239"."TD_REVIEW" ("MEMBER_ID") 
  ;
--------------------------------------------------------
--  DDL for Index TD_XIF2_ROOM_IMG
--------------------------------------------------------

  CREATE INDEX "EDUC239"."TD_XIF2_ROOM_IMG" ON "EDUC239"."TD_ROOM_IMAGE" ("ROOM_IDX", "HOTEL_CODE") 
  ;
--------------------------------------------------------
--  DDL for Index TD_XIF2_ROOM_INFO
--------------------------------------------------------

  CREATE INDEX "EDUC239"."TD_XIF2_ROOM_INFO" ON "EDUC239"."TD_ROOM_INFO" ("RF_IDX") 
  ;
--------------------------------------------------------
--  DDL for Index TD_XIF3_BOOKING
--------------------------------------------------------

  CREATE INDEX "EDUC239"."TD_XIF3_BOOKING" ON "EDUC239"."TD_BOOKING" ("ROOM_IDX", "HOTEL_CODE") 
  ;
--------------------------------------------------------
--  DDL for Index TD_XIF3_REVIEW
--------------------------------------------------------

  CREATE INDEX "EDUC239"."TD_XIF3_REVIEW" ON "EDUC239"."TD_REVIEW" ("HOTEL_CODE") 
  ;
--------------------------------------------------------
--  DDL for Index TD_XIF3_ROOM_INFO
--------------------------------------------------------

  CREATE INDEX "EDUC239"."TD_XIF3_ROOM_INFO" ON "EDUC239"."TD_ROOM_INFO" ("ROOM_IDX", "HOTEL_CODE") 
  ;
--------------------------------------------------------
--  DDL for Index TD_XPKMEMBER
--------------------------------------------------------

  CREATE UNIQUE INDEX "EDUC239"."TD_XPKMEMBER" ON "EDUC239"."TD_MEMBER" ("MEMBER_ID") 
  ;
--------------------------------------------------------
--  DDL for Index TD_XPKS_SLIDE_IMG
--------------------------------------------------------

  CREATE UNIQUE INDEX "EDUC239"."TD_XPKS_SLIDE_IMG" ON "EDUC239"."TD_SLIDE_IMAGE" ("SIMAGE_IDX") 
  ;
--------------------------------------------------------
--  DDL for Index TD_XPK_ADMIN
--------------------------------------------------------

  CREATE UNIQUE INDEX "EDUC239"."TD_XPK_ADMIN" ON "EDUC239"."TD_ADMIN" ("ADMIN_ID") 
  ;
--------------------------------------------------------
--  DDL for Index TD_XPK_BOOKING
--------------------------------------------------------

  CREATE UNIQUE INDEX "EDUC239"."TD_XPK_BOOKING" ON "EDUC239"."TD_BOOKING" ("BOOKING_IDX") 
  ;
--------------------------------------------------------
--  DDL for Index TD_XPK_CITY
--------------------------------------------------------

  CREATE UNIQUE INDEX "EDUC239"."TD_XPK_CITY" ON "EDUC239"."TD_CITY" ("CITY_CODE") 
  ;
--------------------------------------------------------
--  DDL for Index TD_XPK_DISCOUNT_CODE
--------------------------------------------------------

  CREATE UNIQUE INDEX "EDUC239"."TD_XPK_DISCOUNT_CODE" ON "EDUC239"."TD_DISCOUNT" ("DISCOUNT_CODE") 
  ;
--------------------------------------------------------
--  DDL for Index TD_XPK_DISCOUNT_INFO
--------------------------------------------------------

  CREATE UNIQUE INDEX "EDUC239"."TD_XPK_DISCOUNT_INFO" ON "EDUC239"."TD_DISCOUNT_INFO" ("DISCOUNT_INFO_IDX") 
  ;
--------------------------------------------------------
--  DDL for Index TD_XPK_FAQ
--------------------------------------------------------

  CREATE UNIQUE INDEX "EDUC239"."TD_XPK_FAQ" ON "EDUC239"."TD_FAQ" ("FAQ_IDX") 
  ;
--------------------------------------------------------
--  DDL for Index TD_XPK_HOTEL
--------------------------------------------------------

  CREATE UNIQUE INDEX "EDUC239"."TD_XPK_HOTEL" ON "EDUC239"."TD_HOTEL" ("HOTEL_CODE") 
  ;
--------------------------------------------------------
--  DDL for Index TD_XPK_HOTEL_FACILITY
--------------------------------------------------------

  CREATE UNIQUE INDEX "EDUC239"."TD_XPK_HOTEL_FACILITY" ON "EDUC239"."TD_HOTEL_FACILITY" ("HF_IDX") 
  ;
--------------------------------------------------------
--  DDL for Index TD_XPK_HOTEL_IMG
--------------------------------------------------------

  CREATE UNIQUE INDEX "EDUC239"."TD_XPK_HOTEL_IMG" ON "EDUC239"."TD_HOTEL_IMAGE" ("HIMG_IDX", "HOTEL_CODE") 
  ;
--------------------------------------------------------
--  DDL for Index TD_XPK_HOTEL_INFO
--------------------------------------------------------

  CREATE UNIQUE INDEX "EDUC239"."TD_XPK_HOTEL_INFO" ON "EDUC239"."TD_HOTEL_INFO" ("HOTEL_INFO_IDX") 
  ;
--------------------------------------------------------
--  DDL for Index TD_XPK_INQUIRY
--------------------------------------------------------

  CREATE UNIQUE INDEX "EDUC239"."TD_XPK_INQUIRY" ON "EDUC239"."TD_INQUIRY" ("INQUIRY_NUMBER") 
  ;
--------------------------------------------------------
--  DDL for Index TD_XPK_INTEREST_VIEW
--------------------------------------------------------

  CREATE UNIQUE INDEX "EDUC239"."TD_XPK_INTEREST_VIEW" ON "EDUC239"."TD_INTEREST_VIEW" ("IN_VIEW_IDX") 
  ;
--------------------------------------------------------
--  DDL for Index TD_XPK_NATION
--------------------------------------------------------

  CREATE UNIQUE INDEX "EDUC239"."TD_XPK_NATION" ON "EDUC239"."TD_NATION" ("NATION_CODE") 
  ;
--------------------------------------------------------
--  DDL for Index TD_XPK_NOTICE
--------------------------------------------------------

  CREATE UNIQUE INDEX "EDUC239"."TD_XPK_NOTICE" ON "EDUC239"."TD_NOTICE" ("NOTICE_IDX") 
  ;
--------------------------------------------------------
--  DDL for Index TD_XPK_PAYMENT
--------------------------------------------------------

  CREATE UNIQUE INDEX "EDUC239"."TD_XPK_PAYMENT" ON "EDUC239"."TD_PAYMENT" ("PAY_IDX", "BOOKING_IDX") 
  ;
--------------------------------------------------------
--  DDL for Index TD_XPK_RECENT_VIEW
--------------------------------------------------------

  CREATE UNIQUE INDEX "EDUC239"."TD_XPK_RECENT_VIEW" ON "EDUC239"."TD_RECENT_VIEW" ("RE_VIEW_IDX") 
  ;
--------------------------------------------------------
--  DDL for Index TD_XPK_REVIEW
--------------------------------------------------------

  CREATE UNIQUE INDEX "EDUC239"."TD_XPK_REVIEW" ON "EDUC239"."TD_REVIEW" ("REVIEW_IDX", "HOTEL_CODE") 
  ;
--------------------------------------------------------
--  DDL for Index TD_XPK_ROOM
--------------------------------------------------------

  CREATE UNIQUE INDEX "EDUC239"."TD_XPK_ROOM" ON "EDUC239"."TD_ROOM" ("ROOM_IDX", "HOTEL_CODE") 
  ;
--------------------------------------------------------
--  DDL for Index TD_XPK_ROOM_FACILITY
--------------------------------------------------------

  CREATE UNIQUE INDEX "EDUC239"."TD_XPK_ROOM_FACILITY" ON "EDUC239"."TD_ROOM_FACILITY" ("RF_IDX") 
  ;
--------------------------------------------------------
--  DDL for Index TD_XPK_ROOM_IMG
--------------------------------------------------------

  CREATE UNIQUE INDEX "EDUC239"."TD_XPK_ROOM_IMG" ON "EDUC239"."TD_ROOM_IMAGE" ("RIMAGE_IDX", "ROOM_IDX", "HOTEL_CODE") 
  ;
--------------------------------------------------------
--  DDL for Index TD_XPK_ROOM_INFO
--------------------------------------------------------

  CREATE UNIQUE INDEX "EDUC239"."TD_XPK_ROOM_INFO" ON "EDUC239"."TD_ROOM_INFO" ("ROOM_INFO_IDX") 
  ;
--------------------------------------------------------
--  DDL for Index TE_XIF1_ASK
--------------------------------------------------------

  CREATE INDEX "EDUC239"."TE_XIF1_ASK" ON "EDUC239"."TE_ASK" ("USER_ID") 
  ;
--------------------------------------------------------
--  DDL for Index TE_XIF1_BARGAIN
--------------------------------------------------------

  CREATE INDEX "EDUC239"."TE_XIF1_BARGAIN" ON "EDUC239"."TE_BARGAIN" ("PRODUCT_NUM") 
  ;
--------------------------------------------------------
--  DDL for Index TE_XIF1_CATEGORY2
--------------------------------------------------------

  CREATE INDEX "EDUC239"."TE_XIF1_CATEGORY2" ON "EDUC239"."TE_CATEGORY2" ("CATEGORY1_NUM") 
  ;
--------------------------------------------------------
--  DDL for Index TE_XIF1_EVENT
--------------------------------------------------------

  CREATE INDEX "EDUC239"."TE_XIF1_EVENT" ON "EDUC239"."TE_EVENT" ("ADMIN_ID") 
  ;
--------------------------------------------------------
--  DDL for Index TE_XIF1_EVENTIMG
--------------------------------------------------------

  CREATE INDEX "EDUC239"."TE_XIF1_EVENTIMG" ON "EDUC239"."TE_EVENTIMG" ("EVENT_NUM") 
  ;
--------------------------------------------------------
--  DDL for Index TE_XIF1_MILE
--------------------------------------------------------

  CREATE INDEX "EDUC239"."TE_XIF1_MILE" ON "EDUC239"."TE_MILE" ("USER_ID") 
  ;
--------------------------------------------------------
--  DDL for Index TE_XIF1_NOTICE
--------------------------------------------------------

  CREATE INDEX "EDUC239"."TE_XIF1_NOTICE" ON "EDUC239"."TE_NOTICE" ("ADMIN_ID") 
  ;
--------------------------------------------------------
--  DDL for Index TE_XIF1_ORDER
--------------------------------------------------------

  CREATE INDEX "EDUC239"."TE_XIF1_ORDER" ON "EDUC239"."TE_ORDER" ("PRODUCT_NUM") 
  ;
--------------------------------------------------------
--  DDL for Index TE_XIF1_PCADVICE
--------------------------------------------------------

  CREATE INDEX "EDUC239"."TE_XIF1_PCADVICE" ON "EDUC239"."TE_PCADVICE" ("USER_ID") 
  ;
--------------------------------------------------------
--  DDL for Index TE_XIF1_PRODUCT
--------------------------------------------------------

  CREATE INDEX "EDUC239"."TE_XIF1_PRODUCT" ON "EDUC239"."TE_PRODUCT" ("CATEGORY1_NUM") 
  ;
--------------------------------------------------------
--  DDL for Index TE_XIF1_PRODUCTIMG
--------------------------------------------------------

  CREATE INDEX "EDUC239"."TE_XIF1_PRODUCTIMG" ON "EDUC239"."TE_PRODUCTIMG" ("PRODUCT_NUM") 
  ;
--------------------------------------------------------
--  DDL for Index TE_XIF1_QNA
--------------------------------------------------------

  CREATE INDEX "EDUC239"."TE_XIF1_QNA" ON "EDUC239"."TE_QNA" ("ADMIN_ID") 
  ;
--------------------------------------------------------
--  DDL for Index TE_XIF1_REVIEWIMG
--------------------------------------------------------

  CREATE INDEX "EDUC239"."TE_XIF1_REVIEWIMG" ON "EDUC239"."TE_REVIEWIMG" ("REVIEW_NUM", "PRODUCT_NUM") 
  ;
--------------------------------------------------------
--  DDL for Index TE_XIF2_ASK
--------------------------------------------------------

  CREATE INDEX "EDUC239"."TE_XIF2_ASK" ON "EDUC239"."TE_ASK" ("ADMIN_ID") 
  ;
--------------------------------------------------------
--  DDL for Index TE_XIF2_BARGAIN
--------------------------------------------------------

  CREATE INDEX "EDUC239"."TE_XIF2_BARGAIN" ON "EDUC239"."TE_BARGAIN" ("USER_ID") 
  ;
--------------------------------------------------------
--  DDL for Index TE_XIF2_MILE
--------------------------------------------------------

  CREATE INDEX "EDUC239"."TE_XIF2_MILE" ON "EDUC239"."TE_MILE" ("BUY_NUM") 
  ;
--------------------------------------------------------
--  DDL for Index TE_XIF2_PCADVICE
--------------------------------------------------------

  CREATE INDEX "EDUC239"."TE_XIF2_PCADVICE" ON "EDUC239"."TE_PCADVICE" ("ADMIN_ID") 
  ;
--------------------------------------------------------
--  DDL for Index TE_XIF2_REVIEW
--------------------------------------------------------

  CREATE INDEX "EDUC239"."TE_XIF2_REVIEW" ON "EDUC239"."TE_REVIEW" ("USER_ID") 
  ;
--------------------------------------------------------
--  DDL for Index TE_XIF3_ORDER
--------------------------------------------------------

  CREATE INDEX "EDUC239"."TE_XIF3_ORDER" ON "EDUC239"."TE_ORDER" ("USER_ID") 
  ;
--------------------------------------------------------
--  DDL for Index TE_XIF3_REVIEW
--------------------------------------------------------

  CREATE INDEX "EDUC239"."TE_XIF3_REVIEW" ON "EDUC239"."TE_REVIEW" ("PRODUCT_NUM") 
  ;
--------------------------------------------------------
--  DDL for Index TE_XIF4_ORDER
--------------------------------------------------------

  CREATE INDEX "EDUC239"."TE_XIF4_ORDER" ON "EDUC239"."TE_ORDER" ("BUY_NUM") 
  ;
--------------------------------------------------------
--  DDL for Index TE_XPK_ADMIN_IDX
--------------------------------------------------------

  CREATE UNIQUE INDEX "EDUC239"."TE_XPK_ADMIN_IDX" ON "EDUC239"."TE_ADMIN" ("ADMIN_ID") 
  ;
--------------------------------------------------------
--  DDL for Index TE_XPK_ASK_IDX
--------------------------------------------------------

  CREATE UNIQUE INDEX "EDUC239"."TE_XPK_ASK_IDX" ON "EDUC239"."TE_ASK" ("ASK_NUM") 
  ;
--------------------------------------------------------
--  DDL for Index TE_XPK_BARGAIN_IDX
--------------------------------------------------------

  CREATE UNIQUE INDEX "EDUC239"."TE_XPK_BARGAIN_IDX" ON "EDUC239"."TE_BARGAIN" ("BARGAIN_NUM") 
  ;
--------------------------------------------------------
--  DDL for Index TE_XPK_BUY_IDX
--------------------------------------------------------

  CREATE UNIQUE INDEX "EDUC239"."TE_XPK_BUY_IDX" ON "EDUC239"."TE_BUY" ("BUY_NUM") 
  ;
--------------------------------------------------------
--  DDL for Index TE_XPK_CATEGORY1_IDX
--------------------------------------------------------

  CREATE UNIQUE INDEX "EDUC239"."TE_XPK_CATEGORY1_IDX" ON "EDUC239"."TE_CATEGORY1" ("CATEGORY1_NUM") 
  ;
--------------------------------------------------------
--  DDL for Index TE_XPK_CATEGORY2_PK
--------------------------------------------------------

  CREATE UNIQUE INDEX "EDUC239"."TE_XPK_CATEGORY2_PK" ON "EDUC239"."TE_CATEGORY2" ("CATEGORY2_NUM") 
  ;
--------------------------------------------------------
--  DDL for Index TE_XPK_CATEGORY3_PK
--------------------------------------------------------

  CREATE UNIQUE INDEX "EDUC239"."TE_XPK_CATEGORY3_PK" ON "EDUC239"."TE_CATEGORY3" ("CATEGORY3_NUM") 
  ;
--------------------------------------------------------
--  DDL for Index TE_XPK_EVENTIMG_IDX
--------------------------------------------------------

  CREATE UNIQUE INDEX "EDUC239"."TE_XPK_EVENTIMG_IDX" ON "EDUC239"."TE_EVENTIMG" ("EVENT_NUM", "EVENTIMG_NUM") 
  ;
--------------------------------------------------------
--  DDL for Index TE_XPK_EVENT_IDX
--------------------------------------------------------

  CREATE UNIQUE INDEX "EDUC239"."TE_XPK_EVENT_IDX" ON "EDUC239"."TE_EVENT" ("EVENT_NUM") 
  ;
--------------------------------------------------------
--  DDL for Index TE_XPK_MILE_IDX
--------------------------------------------------------

  CREATE UNIQUE INDEX "EDUC239"."TE_XPK_MILE_IDX" ON "EDUC239"."TE_MILE" ("MILE_NUM") 
  ;
--------------------------------------------------------
--  DDL for Index TE_XPK_NOTICE_IDX
--------------------------------------------------------

  CREATE UNIQUE INDEX "EDUC239"."TE_XPK_NOTICE_IDX" ON "EDUC239"."TE_NOTICE" ("NOTICE_NUM") 
  ;
--------------------------------------------------------
--  DDL for Index TE_XPK_ORDER_IDX
--------------------------------------------------------

  CREATE UNIQUE INDEX "EDUC239"."TE_XPK_ORDER_IDX" ON "EDUC239"."TE_ORDER" ("BUY_NUM", "PRODUCT_NUM") 
  ;
--------------------------------------------------------
--  DDL for Index TE_XPK_PCADVICE_IDX
--------------------------------------------------------

  CREATE UNIQUE INDEX "EDUC239"."TE_XPK_PCADVICE_IDX" ON "EDUC239"."TE_PCADVICE" ("ADVICE_NUM") 
  ;
--------------------------------------------------------
--  DDL for Index TE_XPK_PRODUCTIMG_IDX
--------------------------------------------------------

  CREATE UNIQUE INDEX "EDUC239"."TE_XPK_PRODUCTIMG_IDX" ON "EDUC239"."TE_PRODUCTIMG" ("PRODUCT_NUM", "PRODUCTIMG_NUM", "PRODUCTIMG_S") 
  ;
--------------------------------------------------------
--  DDL for Index TE_XPK_PRODUCT_IDX
--------------------------------------------------------

  CREATE UNIQUE INDEX "EDUC239"."TE_XPK_PRODUCT_IDX" ON "EDUC239"."TE_PRODUCT" ("PRODUCT_NUM") 
  ;
--------------------------------------------------------
--  DDL for Index TE_XPK_QNA_IDX
--------------------------------------------------------

  CREATE UNIQUE INDEX "EDUC239"."TE_XPK_QNA_IDX" ON "EDUC239"."TE_QNA" ("QNA_NUM") 
  ;
--------------------------------------------------------
--  DDL for Index TE_XPK_REVIEWIMG_IDX
--------------------------------------------------------

  CREATE UNIQUE INDEX "EDUC239"."TE_XPK_REVIEWIMG_IDX" ON "EDUC239"."TE_REVIEWIMG" ("REVIEWIMG_NUM") 
  ;
--------------------------------------------------------
--  DDL for Index TE_XPK_REVIEW_IDX
--------------------------------------------------------

  CREATE UNIQUE INDEX "EDUC239"."TE_XPK_REVIEW_IDX" ON "EDUC239"."TE_REVIEW" ("REVIEW_NUM", "PRODUCT_NUM") 
  ;
--------------------------------------------------------
--  DDL for Index TE_XPK_USERINFORMATION_IDX
--------------------------------------------------------

  CREATE UNIQUE INDEX "EDUC239"."TE_XPK_USERINFORMATION_IDX" ON "EDUC239"."TE_USERINFORMATION" ("USER_ID") 
  ;
--------------------------------------------------------
--  DDL for Index XIF1_사러가기통계
--------------------------------------------------------

  CREATE INDEX "EDUC239"."XIF1_사러가기통계" ON "EDUC239"."TB_BUY_STAT" ("PRO_NUM") 
  ;
--------------------------------------------------------
--  DDL for Index XIF1건의_게시판
--------------------------------------------------------

  CREATE INDEX "EDUC239"."XIF1건의_게시판" ON "EDUC239"."TB_CLAIM_BOARD" ("USER_ID") 
  ;
--------------------------------------------------------
--  DDL for Index XIF1건의게시판_이미지
--------------------------------------------------------

  CREATE INDEX "EDUC239"."XIF1건의게시판_이미지" ON "EDUC239"."TB_CLAIM_BOARD_IMG" ("CLAIM_BOARD_NUM") 
  ;
--------------------------------------------------------
--  DDL for Index XIF1공지사항
--------------------------------------------------------

  CREATE INDEX "EDUC239"."XIF1공지사항" ON "EDUC239"."TB_NOTICE" ("USER_ID") 
  ;
--------------------------------------------------------
--  DDL for Index XIF1공지사항_이미지
--------------------------------------------------------

  CREATE INDEX "EDUC239"."XIF1공지사항_이미지" ON "EDUC239"."TB_NOTICE_IMG" ("NOTICE_NUM") 
  ;
--------------------------------------------------------
--  DDL for Index XIF1관심상품
--------------------------------------------------------

  CREATE INDEX "EDUC239"."XIF1관심상품" ON "EDUC239"."TB_FAVORITE" ("USER_ID") 
  ;
--------------------------------------------------------
--  DDL for Index XIF1사용후기
--------------------------------------------------------

  CREATE INDEX "EDUC239"."XIF1사용후기" ON "EDUC239"."TB_REVIEW" ("USER_ID") 
  ;
--------------------------------------------------------
--  DDL for Index XIF1사용후기_이미지
--------------------------------------------------------

  CREATE INDEX "EDUC239"."XIF1사용후기_이미지" ON "EDUC239"."TB_REVIEW_IMG" ("REVIEW_NUM") 
  ;
--------------------------------------------------------
--  DDL for Index XIF1세부분류_카테고리
--------------------------------------------------------

  CREATE INDEX "EDUC239"."XIF1세부분류_카테고리" ON "EDUC239"."TB_LAST_CATEGORY" ("THIRD_CAT_NUM") 
  ;
--------------------------------------------------------
--  DDL for Index XIF1소분류_카테고리
--------------------------------------------------------

  CREATE INDEX "EDUC239"."XIF1소분류_카테고리" ON "EDUC239"."TB_THIRD_CATEGORY" ("SECOND_CAT_NUM") 
  ;
--------------------------------------------------------
--  DDL for Index XIF1이벤트
--------------------------------------------------------

  CREATE INDEX "EDUC239"."XIF1이벤트" ON "EDUC239"."TB_EVENT" ("USER_ID") 
  ;
--------------------------------------------------------
--  DDL for Index XIF1이벤트_이미지
--------------------------------------------------------

  CREATE INDEX "EDUC239"."XIF1이벤트_이미지" ON "EDUC239"."TB_EVENT_IMG" ("EVENT_NUM") 
  ;
--------------------------------------------------------
--  DDL for Index XIF1자유_게시판
--------------------------------------------------------

  CREATE INDEX "EDUC239"."XIF1자유_게시판" ON "EDUC239"."TB_FREE_BOARD" ("USER_ID") 
  ;
--------------------------------------------------------
--  DDL for Index XIF1자유게시판_이미지
--------------------------------------------------------

  CREATE INDEX "EDUC239"."XIF1자유게시판_이미지" ON "EDUC239"."TB_FREE_BOARD_IMG" ("FREE_BOARD_NUM") 
  ;
--------------------------------------------------------
--  DDL for Index XIF1제품_이미지
--------------------------------------------------------

  CREATE INDEX "EDUC239"."XIF1제품_이미지" ON "EDUC239"."TB_PRODUCT_IMG" ("PRO_NUM") 
  ;
--------------------------------------------------------
--  DDL for Index XIF1제품통계
--------------------------------------------------------

  CREATE INDEX "EDUC239"."XIF1제품통계" ON "EDUC239"."TB_PRODUCT_STAT" ("PRO_NUM") 
  ;
--------------------------------------------------------
--  DDL for Index XIF1중분류_카테고리
--------------------------------------------------------

  CREATE INDEX "EDUC239"."XIF1중분류_카테고리" ON "EDUC239"."TB_SECOND_CATEGORY" ("FIRST_CAT_NUM") 
  ;
--------------------------------------------------------
--  DDL for Index XIF2관심상품
--------------------------------------------------------

  CREATE INDEX "EDUC239"."XIF2관심상품" ON "EDUC239"."TB_FAVORITE" ("PRO_NUM") 
  ;
--------------------------------------------------------
--  DDL for Index XIF2사용후기
--------------------------------------------------------

  CREATE INDEX "EDUC239"."XIF2사용후기" ON "EDUC239"."TB_REVIEW" ("PRO_NUM") 
  ;
--------------------------------------------------------
--  DDL for Index XIF2제품
--------------------------------------------------------

  CREATE INDEX "EDUC239"."XIF2제품" ON "EDUC239"."TB_PRODUCT" ("FIRST_CAT_NUM") 
  ;
--------------------------------------------------------
--  DDL for Index XIF3제품
--------------------------------------------------------

  CREATE INDEX "EDUC239"."XIF3제품" ON "EDUC239"."TB_PRODUCT" ("SECOND_CAT_NUM") 
  ;
--------------------------------------------------------
--  DDL for Index XIF4제품
--------------------------------------------------------

  CREATE INDEX "EDUC239"."XIF4제품" ON "EDUC239"."TB_PRODUCT" ("THIRD_CAT_NUM") 
  ;
--------------------------------------------------------
--  DDL for Index XIF5제품
--------------------------------------------------------

  CREATE INDEX "EDUC239"."XIF5제품" ON "EDUC239"."TB_PRODUCT" ("LAST_CAT_NUM") 
  ;
--------------------------------------------------------
--  DDL for Index XIF6제품
--------------------------------------------------------

  CREATE INDEX "EDUC239"."XIF6제품" ON "EDUC239"."TB_PRODUCT" ("PRODUCT_DETAIL_NUM") 
  ;
--------------------------------------------------------
--  DDL for Index XPK_사러가기통계
--------------------------------------------------------

  CREATE UNIQUE INDEX "EDUC239"."XPK_사러가기통계" ON "EDUC239"."TB_BUY_STAT" ("BUY_STAT_NUM") 
  ;
--------------------------------------------------------
--  DDL for Index XPK_유저번호
--------------------------------------------------------

  CREATE UNIQUE INDEX "EDUC239"."XPK_유저번호" ON "EDUC239"."TB_USER" ("USER_NUM") 
  ;
--------------------------------------------------------
--  DDL for Index XPK건의_게시판
--------------------------------------------------------

  CREATE UNIQUE INDEX "EDUC239"."XPK건의_게시판" ON "EDUC239"."TB_CLAIM_BOARD" ("CLAIM_BOARD_NUM") 
  ;
--------------------------------------------------------
--  DDL for Index XPK건의게시판_이미지
--------------------------------------------------------

  CREATE UNIQUE INDEX "EDUC239"."XPK건의게시판_이미지" ON "EDUC239"."TB_CLAIM_BOARD_IMG" ("CLAIM_BOARD_IMG_NUM", "CLAIM_BOARD_NUM") 
  ;
--------------------------------------------------------
--  DDL for Index XPK검색통계
--------------------------------------------------------

  CREATE UNIQUE INDEX "EDUC239"."XPK검색통계" ON "EDUC239"."TB_SEARCH_STAT" ("SEARCH_STAT_NUM") 
  ;
--------------------------------------------------------
--  DDL for Index XPK공지사항
--------------------------------------------------------

  CREATE UNIQUE INDEX "EDUC239"."XPK공지사항" ON "EDUC239"."TB_NOTICE" ("NOTICE_NUM") 
  ;
--------------------------------------------------------
--  DDL for Index XPK공지사항_이미지
--------------------------------------------------------

  CREATE UNIQUE INDEX "EDUC239"."XPK공지사항_이미지" ON "EDUC239"."TB_NOTICE_IMG" ("NOTICE_IMG_NUM", "NOTICE_NUM") 
  ;
--------------------------------------------------------
--  DDL for Index XPK관심상품
--------------------------------------------------------

  CREATE UNIQUE INDEX "EDUC239"."XPK관심상품" ON "EDUC239"."TB_FAVORITE" ("FAVORITE_NUM") 
  ;
--------------------------------------------------------
--  DDL for Index XPK대분류_카테고리
--------------------------------------------------------

  CREATE UNIQUE INDEX "EDUC239"."XPK대분류_카테고리" ON "EDUC239"."TB_FIRST_CATEGORY" ("FIRST_CAT_NUM") 
  ;
--------------------------------------------------------
--  DDL for Index XPK사용후기
--------------------------------------------------------

  CREATE UNIQUE INDEX "EDUC239"."XPK사용후기" ON "EDUC239"."TB_REVIEW" ("REVIEW_NUM") 
  ;
--------------------------------------------------------
--  DDL for Index XPK사용후기_이미지
--------------------------------------------------------

  CREATE UNIQUE INDEX "EDUC239"."XPK사용후기_이미지" ON "EDUC239"."TB_REVIEW_IMG" ("REVIEW_IMG_NUM") 
  ;
--------------------------------------------------------
--  DDL for Index XPK상세_모델
--------------------------------------------------------

  CREATE UNIQUE INDEX "EDUC239"."XPK상세_모델" ON "EDUC239"."TB_PRODUCTDETAIL" ("PRODUCT_DETAIL_NUM") 
  ;
--------------------------------------------------------
--  DDL for Index XPK세부분류_카테고리
--------------------------------------------------------

  CREATE UNIQUE INDEX "EDUC239"."XPK세부분류_카테고리" ON "EDUC239"."TB_LAST_CATEGORY" ("LAST_CAT_NUM") 
  ;
--------------------------------------------------------
--  DDL for Index XPK소분류_카테고리
--------------------------------------------------------

  CREATE UNIQUE INDEX "EDUC239"."XPK소분류_카테고리" ON "EDUC239"."TB_THIRD_CATEGORY" ("THIRD_CAT_NUM") 
  ;
--------------------------------------------------------
--  DDL for Index XPK유저
--------------------------------------------------------

  CREATE UNIQUE INDEX "EDUC239"."XPK유저" ON "EDUC239"."TB_USER" ("USER_ID") 
  ;
--------------------------------------------------------
--  DDL for Index XPK이벤트
--------------------------------------------------------

  CREATE UNIQUE INDEX "EDUC239"."XPK이벤트" ON "EDUC239"."TB_EVENT" ("EVENT_NUM") 
  ;
--------------------------------------------------------
--  DDL for Index XPK이벤트_이미지
--------------------------------------------------------

  CREATE UNIQUE INDEX "EDUC239"."XPK이벤트_이미지" ON "EDUC239"."TB_EVENT_IMG" ("EVENT_IMG_NUM", "EVENT_NUM") 
  ;
--------------------------------------------------------
--  DDL for Index XPK자유_게시판
--------------------------------------------------------

  CREATE UNIQUE INDEX "EDUC239"."XPK자유_게시판" ON "EDUC239"."TB_FREE_BOARD" ("FREE_BOARD_NUM") 
  ;
--------------------------------------------------------
--  DDL for Index XPK자유게시판_이미지
--------------------------------------------------------

  CREATE UNIQUE INDEX "EDUC239"."XPK자유게시판_이미지" ON "EDUC239"."TB_FREE_BOARD_IMG" ("FREE_BOARD_IMG_NUM", "FREE_BOARD_NUM") 
  ;
--------------------------------------------------------
--  DDL for Index XPK제품
--------------------------------------------------------

  CREATE UNIQUE INDEX "EDUC239"."XPK제품" ON "EDUC239"."TB_PRODUCT" ("PRO_NUM") 
  ;
--------------------------------------------------------
--  DDL for Index XPK제품_이미지
--------------------------------------------------------

  CREATE UNIQUE INDEX "EDUC239"."XPK제품_이미지" ON "EDUC239"."TB_PRODUCT_IMG" ("PRODUCT_IMG_NUM") 
  ;
--------------------------------------------------------
--  DDL for Index XPK제품통계
--------------------------------------------------------

  CREATE UNIQUE INDEX "EDUC239"."XPK제품통계" ON "EDUC239"."TB_PRODUCT_STAT" ("PRO_STAT_NUM") 
  ;
--------------------------------------------------------
--  DDL for Index XPK중분류_카테고리
--------------------------------------------------------

  CREATE UNIQUE INDEX "EDUC239"."XPK중분류_카테고리" ON "EDUC239"."TB_SECOND_CATEGORY" ("SECOND_CAT_NUM") 
  ;
--------------------------------------------------------
--  Constraints for Table TA_ANSWER
--------------------------------------------------------

  ALTER TABLE "EDUC239"."TA_ANSWER" MODIFY ("rno" NOT NULL ENABLE);
 
  ALTER TABLE "EDUC239"."TA_ANSWER" MODIFY ("bno" NOT NULL ENABLE);
 
  ALTER TABLE "EDUC239"."TA_ANSWER" MODIFY ("replytext" NOT NULL ENABLE);
 
  ALTER TABLE "EDUC239"."TA_ANSWER" MODIFY ("BOARD_CODE" NOT NULL ENABLE);
 
  ALTER TABLE "EDUC239"."TA_ANSWER" ADD CONSTRAINT "TA_ANSWER_PK" PRIMARY KEY ("rno") ENABLE;
--------------------------------------------------------
--  Constraints for Table TA_BASKET
--------------------------------------------------------

  ALTER TABLE "EDUC239"."TA_BASKET" MODIFY ("BASKET_IDX" NOT NULL ENABLE);
 
  ALTER TABLE "EDUC239"."TA_BASKET" MODIFY ("ID" NOT NULL ENABLE);
 
  ALTER TABLE "EDUC239"."TA_BASKET" MODIFY ("PRODUCT_CODE" NOT NULL ENABLE);
 
  ALTER TABLE "EDUC239"."TA_BASKET" ADD CONSTRAINT "TA_XPK_BASKET" PRIMARY KEY ("BASKET_IDX") ENABLE;
--------------------------------------------------------
--  Constraints for Table TA_BOARD
--------------------------------------------------------

  ALTER TABLE "EDUC239"."TA_BOARD" MODIFY ("BOARD_IDX" NOT NULL ENABLE);
 
  ALTER TABLE "EDUC239"."TA_BOARD" MODIFY ("ID" NOT NULL ENABLE);
 
  ALTER TABLE "EDUC239"."TA_BOARD" MODIFY ("BOARD_CODE" NOT NULL ENABLE);
 
  ALTER TABLE "EDUC239"."TA_BOARD" MODIFY ("TITLE" NOT NULL ENABLE);
 
  ALTER TABLE "EDUC239"."TA_BOARD" ADD CONSTRAINT "TA_XPK_BOARD" PRIMARY KEY ("BOARD_IDX", "BOARD_CODE") ENABLE;
--------------------------------------------------------
--  Constraints for Table TA_BOARD_INFO
--------------------------------------------------------

  ALTER TABLE "EDUC239"."TA_BOARD_INFO" MODIFY ("BOARD_CODE" NOT NULL ENABLE);
 
  ALTER TABLE "EDUC239"."TA_BOARD_INFO" MODIFY ("BOARD_NAME" NOT NULL ENABLE);
 
  ALTER TABLE "EDUC239"."TA_BOARD_INFO" ADD CONSTRAINT "TA_XPK_BOARD_INFO" PRIMARY KEY ("BOARD_CODE") ENABLE;
--------------------------------------------------------
--  Constraints for Table TA_CITY
--------------------------------------------------------

  ALTER TABLE "EDUC239"."TA_CITY" MODIFY ("CITY_CODE" NOT NULL ENABLE);
 
  ALTER TABLE "EDUC239"."TA_CITY" MODIFY ("CITY_NAME" NOT NULL ENABLE);
 
  ALTER TABLE "EDUC239"."TA_CITY" MODIFY ("NATION_CODE" NOT NULL ENABLE);
 
  ALTER TABLE "EDUC239"."TA_CITY" ADD CONSTRAINT "TA_XPK_CITY" PRIMARY KEY ("CITY_CODE") ENABLE;
--------------------------------------------------------
--  Constraints for Table TA_COUPON
--------------------------------------------------------

  ALTER TABLE "EDUC239"."TA_COUPON" MODIFY ("COUPON_CODE" NOT NULL ENABLE);
 
  ALTER TABLE "EDUC239"."TA_COUPON" ADD CONSTRAINT "TA_XPK_COUPON" PRIMARY KEY ("COUPON_CODE") ENABLE;
--------------------------------------------------------
--  Constraints for Table TA_COUPON_RECODE
--------------------------------------------------------

  ALTER TABLE "EDUC239"."TA_COUPON_RECODE" MODIFY ("COUPON_CODE" NOT NULL ENABLE);
 
  ALTER TABLE "EDUC239"."TA_COUPON_RECODE" MODIFY ("ID" NOT NULL ENABLE);
 
  ALTER TABLE "EDUC239"."TA_COUPON_RECODE" MODIFY ("COUPON_RECODE_IDX" NOT NULL ENABLE);
 
  ALTER TABLE "EDUC239"."TA_COUPON_RECODE" ADD CONSTRAINT "TA_XPK_COUPON_RECODE" PRIMARY KEY ("COUPON_CODE", "ID", "COUPON_RECODE_IDX") ENABLE;
--------------------------------------------------------
--  Constraints for Table TA_FAQ
--------------------------------------------------------

  ALTER TABLE "EDUC239"."TA_FAQ" MODIFY ("FAQ_IDX" NOT NULL ENABLE);
 
  ALTER TABLE "EDUC239"."TA_FAQ" ADD CONSTRAINT "TA_XPK_FAQ" PRIMARY KEY ("FAQ_IDX") ENABLE;
--------------------------------------------------------
--  Constraints for Table TA_MEMBER
--------------------------------------------------------

  ALTER TABLE "EDUC239"."TA_MEMBER" MODIFY ("ID" NOT NULL ENABLE);
 
  ALTER TABLE "EDUC239"."TA_MEMBER" MODIFY ("NAME" NOT NULL ENABLE);
 
  ALTER TABLE "EDUC239"."TA_MEMBER" MODIFY ("SESSIONKEY" NOT NULL ENABLE);
 
  ALTER TABLE "EDUC239"."TA_MEMBER" ADD CONSTRAINT "TA_XPK_MEMBER" PRIMARY KEY ("ID") ENABLE;
--------------------------------------------------------
--  Constraints for Table TA_MILEAGE
--------------------------------------------------------

  ALTER TABLE "EDUC239"."TA_MILEAGE" MODIFY ("MILEAGE_IDX" NOT NULL ENABLE);
 
  ALTER TABLE "EDUC239"."TA_MILEAGE" MODIFY ("CONTENT" NOT NULL ENABLE);
 
  ALTER TABLE "EDUC239"."TA_MILEAGE" MODIFY ("ID" NOT NULL ENABLE);
 
  ALTER TABLE "EDUC239"."TA_MILEAGE" ADD CONSTRAINT "TA_XPK_MILEAGE" PRIMARY KEY ("MILEAGE_IDX") ENABLE;
--------------------------------------------------------
--  Constraints for Table TA_NATION
--------------------------------------------------------

  ALTER TABLE "EDUC239"."TA_NATION" MODIFY ("NATION_CODE" NOT NULL ENABLE);
 
  ALTER TABLE "EDUC239"."TA_NATION" MODIFY ("NATION_NAME" NOT NULL ENABLE);
 
  ALTER TABLE "EDUC239"."TA_NATION" ADD CONSTRAINT "TA_XPK_NATION" PRIMARY KEY ("NATION_CODE") ENABLE;
--------------------------------------------------------
--  Constraints for Table TA_ORDER
--------------------------------------------------------

  ALTER TABLE "EDUC239"."TA_ORDER" MODIFY ("ORDER_CODE" NOT NULL ENABLE);
 
  ALTER TABLE "EDUC239"."TA_ORDER" MODIFY ("RE_IDX" NOT NULL ENABLE);
 
  ALTER TABLE "EDUC239"."TA_ORDER" ADD CONSTRAINT "TA_XPK_ORDER" PRIMARY KEY ("ORDER_CODE", "RE_IDX") ENABLE;
--------------------------------------------------------
--  Constraints for Table TA_POP
--------------------------------------------------------

  ALTER TABLE "EDUC239"."TA_POP" MODIFY ("POP_IDX" NOT NULL ENABLE);
 
  ALTER TABLE "EDUC239"."TA_POP" MODIFY ("WRITEDATE" NOT NULL ENABLE);
 
  ALTER TABLE "EDUC239"."TA_POP" MODIFY ("ID" NOT NULL ENABLE);
 
  ALTER TABLE "EDUC239"."TA_POP" ADD CONSTRAINT "TA_XPK_POP" PRIMARY KEY ("POP_IDX") ENABLE;
--------------------------------------------------------
--  Constraints for Table TA_PRODUCT
--------------------------------------------------------

  ALTER TABLE "EDUC239"."TA_PRODUCT" MODIFY ("PRODUCT_CODE" NOT NULL ENABLE);
 
  ALTER TABLE "EDUC239"."TA_PRODUCT" MODIFY ("PRODUCT_NAME" NOT NULL ENABLE);
 
  ALTER TABLE "EDUC239"."TA_PRODUCT" MODIFY ("NATION_CODE" NOT NULL ENABLE);
 
  ALTER TABLE "EDUC239"."TA_PRODUCT" MODIFY ("CITY_CODE" NOT NULL ENABLE);
 
  ALTER TABLE "EDUC239"."TA_PRODUCT" ADD CONSTRAINT "TA_XPK_PRODUCT" PRIMARY KEY ("PRODUCT_CODE") ENABLE;
--------------------------------------------------------
--  Constraints for Table TA_PROIMG
--------------------------------------------------------

  ALTER TABLE "EDUC239"."TA_PROIMG" MODIFY ("PROIMG_IDX" NOT NULL ENABLE);
 
  ALTER TABLE "EDUC239"."TA_PROIMG" MODIFY ("PRODUCT_CODE" NOT NULL ENABLE);
 
  ALTER TABLE "EDUC239"."TA_PROIMG" ADD CONSTRAINT "TA_XPK_PROIMG" PRIMARY KEY ("PROIMG_IDX", "PRODUCT_CODE") ENABLE;
--------------------------------------------------------
--  Constraints for Table TA_QUESTION
--------------------------------------------------------

  ALTER TABLE "EDUC239"."TA_QUESTION" MODIFY ("Q_IDX" NOT NULL ENABLE);
 
  ALTER TABLE "EDUC239"."TA_QUESTION" MODIFY ("ID" NOT NULL ENABLE);
 
  ALTER TABLE "EDUC239"."TA_QUESTION" ADD CONSTRAINT "TA_XPK_QUESTION" PRIMARY KEY ("Q_IDX") ENABLE;
--------------------------------------------------------
--  Constraints for Table TA_RESERVATION
--------------------------------------------------------

  ALTER TABLE "EDUC239"."TA_RESERVATION" MODIFY ("RE_IDX" NOT NULL ENABLE);
 
  ALTER TABLE "EDUC239"."TA_RESERVATION" MODIFY ("ID" NOT NULL ENABLE);
 
  ALTER TABLE "EDUC239"."TA_RESERVATION" MODIFY ("PRODUCT_CODE" NOT NULL ENABLE);
 
  ALTER TABLE "EDUC239"."TA_RESERVATION" ADD CONSTRAINT "TA_XPK_RESERVATION" PRIMARY KEY ("RE_IDX") ENABLE;
--------------------------------------------------------
--  Constraints for Table TA_REVIEW
--------------------------------------------------------

  ALTER TABLE "EDUC239"."TA_REVIEW" MODIFY ("REVIEW_IDX" NOT NULL ENABLE);
 
  ALTER TABLE "EDUC239"."TA_REVIEW" MODIFY ("ID" NOT NULL ENABLE);
 
  ALTER TABLE "EDUC239"."TA_REVIEW" MODIFY ("PRODUCT_CODE" NOT NULL ENABLE);
 
  ALTER TABLE "EDUC239"."TA_REVIEW" ADD CONSTRAINT "TA_XPK_REVIEW" PRIMARY KEY ("REVIEW_IDX", "PRODUCT_CODE") ENABLE;
--------------------------------------------------------
--  Constraints for Table TA_REVIEWIMG
--------------------------------------------------------

  ALTER TABLE "EDUC239"."TA_REVIEWIMG" MODIFY ("REVIEWIMG_IDX" NOT NULL ENABLE);
 
  ALTER TABLE "EDUC239"."TA_REVIEWIMG" MODIFY ("REVIEW_IDX" NOT NULL ENABLE);
 
  ALTER TABLE "EDUC239"."TA_REVIEWIMG" MODIFY ("PRODUCT_CODE" NOT NULL ENABLE);
 
  ALTER TABLE "EDUC239"."TA_REVIEWIMG" ADD CONSTRAINT "TA_XPK_REVIEWIMG" PRIMARY KEY ("REVIEWIMG_IDX") ENABLE;
--------------------------------------------------------
--  Constraints for Table TA_SUBSCRIBER
--------------------------------------------------------

  ALTER TABLE "EDUC239"."TA_SUBSCRIBER" MODIFY ("SUB_IDX" NOT NULL ENABLE);
 
  ALTER TABLE "EDUC239"."TA_SUBSCRIBER" MODIFY ("SUB_KOREAN_NAME" NOT NULL ENABLE);
 
  ALTER TABLE "EDUC239"."TA_SUBSCRIBER" MODIFY ("SUB_ENGLISH_NAME" NOT NULL ENABLE);
 
  ALTER TABLE "EDUC239"."TA_SUBSCRIBER" MODIFY ("RE_IDX" NOT NULL ENABLE);
 
  ALTER TABLE "EDUC239"."TA_SUBSCRIBER" ADD CONSTRAINT "TA_XPK_SUBSCRIBER" PRIMARY KEY ("SUB_IDX", "RE_IDX") ENABLE;
--------------------------------------------------------
--  Constraints for Table TBL_ATTACH
--------------------------------------------------------

  ALTER TABLE "EDUC239"."TBL_ATTACH" ADD CONSTRAINT "PK_TBL_ATTACH" PRIMARY KEY ("FULLNAME") ENABLE;
 
  ALTER TABLE "EDUC239"."TBL_ATTACH" MODIFY ("FULLNAME" NOT NULL ENABLE);
 
  ALTER TABLE "EDUC239"."TBL_ATTACH" MODIFY ("BNO" NOT NULL ENABLE);
--------------------------------------------------------
--  Constraints for Table TBL_BOARD
--------------------------------------------------------

  ALTER TABLE "EDUC239"."TBL_BOARD" ADD CONSTRAINT "PK_BOARD" PRIMARY KEY ("BNO") ENABLE;
 
  ALTER TABLE "EDUC239"."TBL_BOARD" MODIFY ("TITLE" NOT NULL ENABLE);
 
  ALTER TABLE "EDUC239"."TBL_BOARD" MODIFY ("CONTENT" NOT NULL ENABLE);
 
  ALTER TABLE "EDUC239"."TBL_BOARD" MODIFY ("WRITER" NOT NULL ENABLE);
 
  ALTER TABLE "EDUC239"."TBL_BOARD" MODIFY ("REPLYCNT" NOT NULL ENABLE);
--------------------------------------------------------
--  Constraints for Table TBL_REPLY
--------------------------------------------------------

  ALTER TABLE "EDUC239"."TBL_REPLY" ADD CONSTRAINT "PK_REPLY" PRIMARY KEY ("RNO") ENABLE;
 
  ALTER TABLE "EDUC239"."TBL_REPLY" MODIFY ("BNO" NOT NULL ENABLE);
 
  ALTER TABLE "EDUC239"."TBL_REPLY" MODIFY ("REPLYTEXT" NOT NULL ENABLE);
 
  ALTER TABLE "EDUC239"."TBL_REPLY" MODIFY ("REPLYER" NOT NULL ENABLE);
--------------------------------------------------------
--  Constraints for Table TBL_USER
--------------------------------------------------------

  ALTER TABLE "EDUC239"."TBL_USER" ADD CONSTRAINT "PK_TBL_USER" PRIMARY KEY ("UIDS") ENABLE;
 
  ALTER TABLE "EDUC239"."TBL_USER" MODIFY ("UIDS" NOT NULL ENABLE);
 
  ALTER TABLE "EDUC239"."TBL_USER" MODIFY ("UPW" NOT NULL ENABLE);
 
  ALTER TABLE "EDUC239"."TBL_USER" MODIFY ("UNAME" NOT NULL ENABLE);
 
  ALTER TABLE "EDUC239"."TBL_USER" MODIFY ("SESSIONKEY" NOT NULL ENABLE);
--------------------------------------------------------
--  Constraints for Table TB_BUY_STAT
--------------------------------------------------------

  ALTER TABLE "EDUC239"."TB_BUY_STAT" MODIFY ("BUY_STAT_NUM" NOT NULL ENABLE);
 
  ALTER TABLE "EDUC239"."TB_BUY_STAT" ADD CONSTRAINT "XPK_사러가기통계" PRIMARY KEY ("BUY_STAT_NUM") ENABLE;
--------------------------------------------------------
--  Constraints for Table TB_CLAIM_BOARD
--------------------------------------------------------

  ALTER TABLE "EDUC239"."TB_CLAIM_BOARD" MODIFY ("CLAIM_BOARD_NUM" NOT NULL ENABLE);
 
  ALTER TABLE "EDUC239"."TB_CLAIM_BOARD" MODIFY ("USER_ID" NOT NULL ENABLE);
 
  ALTER TABLE "EDUC239"."TB_CLAIM_BOARD" ADD CONSTRAINT "XPK건의_게시판" PRIMARY KEY ("CLAIM_BOARD_NUM") ENABLE;
--------------------------------------------------------
--  Constraints for Table TB_CLAIM_BOARD_IMG
--------------------------------------------------------

  ALTER TABLE "EDUC239"."TB_CLAIM_BOARD_IMG" MODIFY ("CLAIM_BOARD_IMG_NUM" NOT NULL ENABLE);
 
  ALTER TABLE "EDUC239"."TB_CLAIM_BOARD_IMG" MODIFY ("CLAIM_BOARD_NUM" NOT NULL ENABLE);
 
  ALTER TABLE "EDUC239"."TB_CLAIM_BOARD_IMG" ADD CONSTRAINT "XPK건의게시판_이미지" PRIMARY KEY ("CLAIM_BOARD_IMG_NUM", "CLAIM_BOARD_NUM") ENABLE;
--------------------------------------------------------
--  Constraints for Table TB_EVENT
--------------------------------------------------------

  ALTER TABLE "EDUC239"."TB_EVENT" MODIFY ("EVENT_NUM" NOT NULL ENABLE);
 
  ALTER TABLE "EDUC239"."TB_EVENT" ADD CONSTRAINT "XPK이벤트" PRIMARY KEY ("EVENT_NUM") ENABLE;
--------------------------------------------------------
--  Constraints for Table TB_EVENT_IMG
--------------------------------------------------------

  ALTER TABLE "EDUC239"."TB_EVENT_IMG" MODIFY ("EVENT_IMG_NUM" NOT NULL ENABLE);
 
  ALTER TABLE "EDUC239"."TB_EVENT_IMG" MODIFY ("EVENT_NUM" NOT NULL ENABLE);
 
  ALTER TABLE "EDUC239"."TB_EVENT_IMG" ADD CONSTRAINT "XPK이벤트_이미지" PRIMARY KEY ("EVENT_IMG_NUM", "EVENT_NUM") ENABLE;
--------------------------------------------------------
--  Constraints for Table TB_FAVORITE
--------------------------------------------------------

  ALTER TABLE "EDUC239"."TB_FAVORITE" MODIFY ("FAVORITE_NUM" NOT NULL ENABLE);
 
  ALTER TABLE "EDUC239"."TB_FAVORITE" MODIFY ("PRO_NUM" NOT NULL ENABLE);
 
  ALTER TABLE "EDUC239"."TB_FAVORITE" ADD CONSTRAINT "XPK관심상품" PRIMARY KEY ("FAVORITE_NUM") ENABLE;
--------------------------------------------------------
--  Constraints for Table TB_FIRST_CATEGORY
--------------------------------------------------------

  ALTER TABLE "EDUC239"."TB_FIRST_CATEGORY" MODIFY ("FIRST_CAT_NUM" NOT NULL ENABLE);
 
  ALTER TABLE "EDUC239"."TB_FIRST_CATEGORY" ADD CONSTRAINT "XPK대분류_카테고리" PRIMARY KEY ("FIRST_CAT_NUM") ENABLE;
--------------------------------------------------------
--  Constraints for Table TB_FREE_BOARD
--------------------------------------------------------

  ALTER TABLE "EDUC239"."TB_FREE_BOARD" MODIFY ("FREE_BOARD_NUM" NOT NULL ENABLE);
 
  ALTER TABLE "EDUC239"."TB_FREE_BOARD" MODIFY ("USER_ID" NOT NULL ENABLE);
 
  ALTER TABLE "EDUC239"."TB_FREE_BOARD" ADD CONSTRAINT "XPK자유_게시판" PRIMARY KEY ("FREE_BOARD_NUM") ENABLE;
--------------------------------------------------------
--  Constraints for Table TB_FREE_BOARD_IMG
--------------------------------------------------------

  ALTER TABLE "EDUC239"."TB_FREE_BOARD_IMG" MODIFY ("FREE_BOARD_IMG_NUM" NOT NULL ENABLE);
 
  ALTER TABLE "EDUC239"."TB_FREE_BOARD_IMG" MODIFY ("FREE_BOARD_NUM" NOT NULL ENABLE);
 
  ALTER TABLE "EDUC239"."TB_FREE_BOARD_IMG" ADD CONSTRAINT "XPK자유게시판_이미지" PRIMARY KEY ("FREE_BOARD_IMG_NUM", "FREE_BOARD_NUM") ENABLE;
--------------------------------------------------------
--  Constraints for Table TB_LAST_CATEGORY
--------------------------------------------------------

  ALTER TABLE "EDUC239"."TB_LAST_CATEGORY" MODIFY ("LAST_CAT_NUM" NOT NULL ENABLE);
 
  ALTER TABLE "EDUC239"."TB_LAST_CATEGORY" MODIFY ("THIRD_CAT_NUM" NOT NULL ENABLE);
 
  ALTER TABLE "EDUC239"."TB_LAST_CATEGORY" ADD CONSTRAINT "XPK세부분류_카테고리" PRIMARY KEY ("LAST_CAT_NUM") ENABLE;
--------------------------------------------------------
--  Constraints for Table TB_NOTICE
--------------------------------------------------------

  ALTER TABLE "EDUC239"."TB_NOTICE" MODIFY ("NOTICE_NUM" NOT NULL ENABLE);
 
  ALTER TABLE "EDUC239"."TB_NOTICE" ADD CONSTRAINT "XPK공지사항" PRIMARY KEY ("NOTICE_NUM") ENABLE;
--------------------------------------------------------
--  Constraints for Table TB_NOTICE_IMG
--------------------------------------------------------

  ALTER TABLE "EDUC239"."TB_NOTICE_IMG" MODIFY ("NOTICE_IMG_NUM" NOT NULL ENABLE);
 
  ALTER TABLE "EDUC239"."TB_NOTICE_IMG" MODIFY ("NOTICE_NUM" NOT NULL ENABLE);
 
  ALTER TABLE "EDUC239"."TB_NOTICE_IMG" ADD CONSTRAINT "XPK공지사항_이미지" PRIMARY KEY ("NOTICE_IMG_NUM", "NOTICE_NUM") ENABLE;
--------------------------------------------------------
--  Constraints for Table TB_PRODUCT
--------------------------------------------------------

  ALTER TABLE "EDUC239"."TB_PRODUCT" MODIFY ("PRO_NUM" NOT NULL ENABLE);
 
  ALTER TABLE "EDUC239"."TB_PRODUCT" MODIFY ("FIRST_CAT_NUM" NOT NULL ENABLE);
 
  ALTER TABLE "EDUC239"."TB_PRODUCT" MODIFY ("SECOND_CAT_NUM" NOT NULL ENABLE);
 
  ALTER TABLE "EDUC239"."TB_PRODUCT" MODIFY ("THIRD_CAT_NUM" NOT NULL ENABLE);
 
  ALTER TABLE "EDUC239"."TB_PRODUCT" MODIFY ("LAST_CAT_NUM" NOT NULL ENABLE);
 
  ALTER TABLE "EDUC239"."TB_PRODUCT" MODIFY ("PRODUCT_DETAIL_NUM" NOT NULL ENABLE);
 
  ALTER TABLE "EDUC239"."TB_PRODUCT" ADD CONSTRAINT "XPK제품" PRIMARY KEY ("PRO_NUM") ENABLE;
--------------------------------------------------------
--  Constraints for Table TB_PRODUCTDETAIL
--------------------------------------------------------

  ALTER TABLE "EDUC239"."TB_PRODUCTDETAIL" MODIFY ("PRODUCT_DETAIL_NUM" NOT NULL ENABLE);
 
  ALTER TABLE "EDUC239"."TB_PRODUCTDETAIL" ADD CONSTRAINT "XPK상세_모델" PRIMARY KEY ("PRODUCT_DETAIL_NUM") ENABLE;
--------------------------------------------------------
--  Constraints for Table TB_PRODUCT_IMG
--------------------------------------------------------

  ALTER TABLE "EDUC239"."TB_PRODUCT_IMG" MODIFY ("PRODUCT_IMG_NUM" NOT NULL ENABLE);
 
  ALTER TABLE "EDUC239"."TB_PRODUCT_IMG" ADD CONSTRAINT "XPK제품_이미지" PRIMARY KEY ("PRODUCT_IMG_NUM") ENABLE;
--------------------------------------------------------
--  Constraints for Table TB_PRODUCT_STAT
--------------------------------------------------------

  ALTER TABLE "EDUC239"."TB_PRODUCT_STAT" MODIFY ("PRO_STAT_NUM" NOT NULL ENABLE);
 
  ALTER TABLE "EDUC239"."TB_PRODUCT_STAT" ADD CONSTRAINT "XPK제품통계" PRIMARY KEY ("PRO_STAT_NUM") ENABLE;
--------------------------------------------------------
--  Constraints for Table TB_REVIEW
--------------------------------------------------------

  ALTER TABLE "EDUC239"."TB_REVIEW" MODIFY ("REVIEW_NUM" NOT NULL ENABLE);
 
  ALTER TABLE "EDUC239"."TB_REVIEW" MODIFY ("USER_ID" NOT NULL ENABLE);
 
  ALTER TABLE "EDUC239"."TB_REVIEW" MODIFY ("REVIEW_HITS" NOT NULL ENABLE);
 
  ALTER TABLE "EDUC239"."TB_REVIEW" ADD CONSTRAINT "XPK사용후기" PRIMARY KEY ("REVIEW_NUM") ENABLE;
--------------------------------------------------------
--  Constraints for Table TB_REVIEW_IMG
--------------------------------------------------------

  ALTER TABLE "EDUC239"."TB_REVIEW_IMG" MODIFY ("REVIEW_IMG_NUM" NOT NULL ENABLE);
 
  ALTER TABLE "EDUC239"."TB_REVIEW_IMG" MODIFY ("REVIEW_NUM" NOT NULL ENABLE);
 
  ALTER TABLE "EDUC239"."TB_REVIEW_IMG" ADD CONSTRAINT "XPK사용후기_이미지" PRIMARY KEY ("REVIEW_IMG_NUM") ENABLE;
--------------------------------------------------------
--  Constraints for Table TB_SEARCH_STAT
--------------------------------------------------------

  ALTER TABLE "EDUC239"."TB_SEARCH_STAT" MODIFY ("SEARCH_STAT_NUM" NOT NULL ENABLE);
 
  ALTER TABLE "EDUC239"."TB_SEARCH_STAT" ADD CONSTRAINT "XPK검색통계" PRIMARY KEY ("SEARCH_STAT_NUM") ENABLE;
--------------------------------------------------------
--  Constraints for Table TB_SECOND_CATEGORY
--------------------------------------------------------

  ALTER TABLE "EDUC239"."TB_SECOND_CATEGORY" MODIFY ("SECOND_CAT_NUM" NOT NULL ENABLE);
 
  ALTER TABLE "EDUC239"."TB_SECOND_CATEGORY" MODIFY ("FIRST_CAT_NUM" NOT NULL ENABLE);
 
  ALTER TABLE "EDUC239"."TB_SECOND_CATEGORY" ADD CONSTRAINT "XPK중분류_카테고리" PRIMARY KEY ("SECOND_CAT_NUM") ENABLE;
--------------------------------------------------------
--  Constraints for Table TB_THIRD_CATEGORY
--------------------------------------------------------

  ALTER TABLE "EDUC239"."TB_THIRD_CATEGORY" MODIFY ("THIRD_CAT_NUM" NOT NULL ENABLE);
 
  ALTER TABLE "EDUC239"."TB_THIRD_CATEGORY" MODIFY ("SECOND_CAT_NUM" NOT NULL ENABLE);
 
  ALTER TABLE "EDUC239"."TB_THIRD_CATEGORY" ADD CONSTRAINT "XPK소분류_카테고리" PRIMARY KEY ("THIRD_CAT_NUM") ENABLE;
--------------------------------------------------------
--  Constraints for Table TB_USER
--------------------------------------------------------

  ALTER TABLE "EDUC239"."TB_USER" MODIFY ("USER_ID" NOT NULL ENABLE);
 
  ALTER TABLE "EDUC239"."TB_USER" MODIFY ("USER_NUM" NOT NULL ENABLE);
 
  ALTER TABLE "EDUC239"."TB_USER" ADD CONSTRAINT "XPK유저" PRIMARY KEY ("USER_ID") ENABLE;
--------------------------------------------------------
--  Constraints for Table TC_ADMIN
--------------------------------------------------------

  ALTER TABLE "EDUC239"."TC_ADMIN" MODIFY ("A_ID" NOT NULL ENABLE);
 
  ALTER TABLE "EDUC239"."TC_ADMIN" MODIFY ("A_PWD" NOT NULL ENABLE);
 
  ALTER TABLE "EDUC239"."TC_ADMIN" MODIFY ("A_NAME" NOT NULL ENABLE);
 
  ALTER TABLE "EDUC239"."TC_ADMIN" MODIFY ("A_TEL" NOT NULL ENABLE);
 
  ALTER TABLE "EDUC239"."TC_ADMIN" ADD CONSTRAINT "TC_XPK_ADMIN" PRIMARY KEY ("A_ID") ENABLE;
--------------------------------------------------------
--  Constraints for Table TC_CARD_CATEGORY
--------------------------------------------------------

  ALTER TABLE "EDUC239"."TC_CARD_CATEGORY" MODIFY ("CARD_CATEGORY_CODE" NOT NULL ENABLE);
 
  ALTER TABLE "EDUC239"."TC_CARD_CATEGORY" MODIFY ("CARD_CATEGORY_NAME" NOT NULL ENABLE);
 
  ALTER TABLE "EDUC239"."TC_CARD_CATEGORY" ADD CONSTRAINT "TC_XPK_CARDINFO" PRIMARY KEY ("CARD_CATEGORY_CODE") ENABLE;
--------------------------------------------------------
--  Constraints for Table TC_CART
--------------------------------------------------------

  ALTER TABLE "EDUC239"."TC_CART" MODIFY ("C_QUANTITY" NOT NULL ENABLE);
 
  ALTER TABLE "EDUC239"."TC_CART" MODIFY ("M_ID" NOT NULL ENABLE);
 
  ALTER TABLE "EDUC239"."TC_CART" MODIFY ("C_INDEX" NOT NULL ENABLE);
 
  ALTER TABLE "EDUC239"."TC_CART" MODIFY ("C_IN_DATE" NOT NULL ENABLE);
 
  ALTER TABLE "EDUC239"."TC_CART" MODIFY ("P_CODE" NOT NULL ENABLE);
 
  ALTER TABLE "EDUC239"."TC_CART" ADD CONSTRAINT "TC_XPK_CART" PRIMARY KEY ("C_INDEX") ENABLE;
--------------------------------------------------------
--  Constraints for Table TC_EVENT
--------------------------------------------------------

  ALTER TABLE "EDUC239"."TC_EVENT" MODIFY ("E_NUM" NOT NULL ENABLE);
 
  ALTER TABLE "EDUC239"."TC_EVENT" MODIFY ("E_STARTDATE" NOT NULL ENABLE);
 
  ALTER TABLE "EDUC239"."TC_EVENT" MODIFY ("E_ENDDATE" NOT NULL ENABLE);
 
  ALTER TABLE "EDUC239"."TC_EVENT" MODIFY ("E_NAME" NOT NULL ENABLE);
 
  ALTER TABLE "EDUC239"."TC_EVENT" ADD CONSTRAINT "TC_XPK_EVENT" PRIMARY KEY ("E_NUM") ENABLE;
--------------------------------------------------------
--  Constraints for Table TC_E_D_FILE
--------------------------------------------------------

  ALTER TABLE "EDUC239"."TC_E_D_FILE" MODIFY ("E_NUM" NOT NULL ENABLE);
--------------------------------------------------------
--  Constraints for Table TC_E_FILE
--------------------------------------------------------

  ALTER TABLE "EDUC239"."TC_E_FILE" MODIFY ("E_NUM" NOT NULL ENABLE);
 
  ALTER TABLE "EDUC239"."TC_E_FILE" MODIFY ("E_IMAGE_INDEX" NOT NULL ENABLE);
 
  ALTER TABLE "EDUC239"."TC_E_FILE" ADD CONSTRAINT "TC_XPK_EVENTIMAGE" PRIMARY KEY ("E_IMAGE_INDEX", "E_NUM") ENABLE;
--------------------------------------------------------
--  Constraints for Table TC_F_PRODUCT
--------------------------------------------------------

  ALTER TABLE "EDUC239"."TC_F_PRODUCT" MODIFY ("M_ID" NOT NULL ENABLE);
 
  ALTER TABLE "EDUC239"."TC_F_PRODUCT" MODIFY ("F_P_INDEX" NOT NULL ENABLE);
 
  ALTER TABLE "EDUC239"."TC_F_PRODUCT" MODIFY ("P_CODE" NOT NULL ENABLE);
 
  ALTER TABLE "EDUC239"."TC_F_PRODUCT" ADD CONSTRAINT "TC_XPK_FAVORITE_PRODUCT" PRIMARY KEY ("F_P_INDEX") ENABLE;
--------------------------------------------------------
--  Constraints for Table TC_LEVEL
--------------------------------------------------------

  ALTER TABLE "EDUC239"."TC_LEVEL" MODIFY ("LEVEL_CODE" NOT NULL ENABLE);
 
  ALTER TABLE "EDUC239"."TC_LEVEL" MODIFY ("L_NAME" NOT NULL ENABLE);
 
  ALTER TABLE "EDUC239"."TC_LEVEL" MODIFY ("L_POINT" NOT NULL ENABLE);
 
  ALTER TABLE "EDUC239"."TC_LEVEL" ADD CONSTRAINT "TC_XPK_LEVEL" PRIMARY KEY ("LEVEL_CODE") ENABLE;
--------------------------------------------------------
--  Constraints for Table TC_MEMBER
--------------------------------------------------------

  ALTER TABLE "EDUC239"."TC_MEMBER" MODIFY ("M_ID" NOT NULL ENABLE);
 
  ALTER TABLE "EDUC239"."TC_MEMBER" MODIFY ("M_PWD" NOT NULL ENABLE);
 
  ALTER TABLE "EDUC239"."TC_MEMBER" MODIFY ("M_NAME" NOT NULL ENABLE);
 
  ALTER TABLE "EDUC239"."TC_MEMBER" MODIFY ("M_ADDRESS" NOT NULL ENABLE);
 
  ALTER TABLE "EDUC239"."TC_MEMBER" MODIFY ("M_TEL" NOT NULL ENABLE);
 
  ALTER TABLE "EDUC239"."TC_MEMBER" ADD CONSTRAINT "TC_XPK_MEMBER" PRIMARY KEY ("M_ID") ENABLE;
--------------------------------------------------------
--  Constraints for Table TC_NOTICE
--------------------------------------------------------

  ALTER TABLE "EDUC239"."TC_NOTICE" MODIFY ("N_CODE" NOT NULL ENABLE);
 
  ALTER TABLE "EDUC239"."TC_NOTICE" MODIFY ("N_UP_DATE" NOT NULL ENABLE);
 
  ALTER TABLE "EDUC239"."TC_NOTICE" MODIFY ("N_TITLE" NOT NULL ENABLE);
 
  ALTER TABLE "EDUC239"."TC_NOTICE" MODIFY ("N_CONTENTS" NOT NULL ENABLE);
--------------------------------------------------------
--  Constraints for Table TC_NOTICE_IMAGE
--------------------------------------------------------

  ALTER TABLE "EDUC239"."TC_NOTICE_IMAGE" MODIFY ("N_IMAGE_INDEX" NOT NULL ENABLE);
 
  ALTER TABLE "EDUC239"."TC_NOTICE_IMAGE" MODIFY ("N_CODE" NOT NULL ENABLE);
 
  ALTER TABLE "EDUC239"."TC_NOTICE_IMAGE" ADD CONSTRAINT "TC_XPK_NIMAGE" PRIMARY KEY ("N_IMAGE_INDEX", "N_CODE") ENABLE;
--------------------------------------------------------
--  Constraints for Table TC_ORDER
--------------------------------------------------------

  ALTER TABLE "EDUC239"."TC_ORDER" MODIFY ("O_DATE" NOT NULL ENABLE);
 
  ALTER TABLE "EDUC239"."TC_ORDER" MODIFY ("M_ID" NOT NULL ENABLE);
 
  ALTER TABLE "EDUC239"."TC_ORDER" MODIFY ("O_D_DELIVERY" NOT NULL ENABLE);
 
  ALTER TABLE "EDUC239"."TC_ORDER" MODIFY ("O_D_HUMAN" NOT NULL ENABLE);
 
  ALTER TABLE "EDUC239"."TC_ORDER" MODIFY ("A_ID" NOT NULL ENABLE);
 
  ALTER TABLE "EDUC239"."TC_ORDER" MODIFY ("CARD_NUM" NOT NULL ENABLE);
 
  ALTER TABLE "EDUC239"."TC_ORDER" MODIFY ("O_TOTAL_MONEY" NOT NULL ENABLE);
 
  ALTER TABLE "EDUC239"."TC_ORDER" MODIFY ("O_USED_POINT" NOT NULL ENABLE);
 
  ALTER TABLE "EDUC239"."TC_ORDER" MODIFY ("O_NUM" NOT NULL ENABLE);
 
  ALTER TABLE "EDUC239"."TC_ORDER" MODIFY ("CARD_CATEGORY_CODE" NOT NULL ENABLE);
 
  ALTER TABLE "EDUC239"."TC_ORDER" ADD CONSTRAINT "TC_XPK_ORDER" PRIMARY KEY ("O_NUM") ENABLE;
--------------------------------------------------------
--  Constraints for Table TC_O_DETAIL
--------------------------------------------------------

  ALTER TABLE "EDUC239"."TC_O_DETAIL" MODIFY ("O_QUANTITY" NOT NULL ENABLE);
 
  ALTER TABLE "EDUC239"."TC_O_DETAIL" MODIFY ("P_CODE" NOT NULL ENABLE);
 
  ALTER TABLE "EDUC239"."TC_O_DETAIL" MODIFY ("O_NUM" NOT NULL ENABLE);
 
  ALTER TABLE "EDUC239"."TC_O_DETAIL" ADD CONSTRAINT "TC_XPK_ODETAIL" PRIMARY KEY ("P_CODE", "O_NUM") ENABLE;
--------------------------------------------------------
--  Constraints for Table TC_PRODUCT
--------------------------------------------------------

  ALTER TABLE "EDUC239"."TC_PRODUCT" MODIFY ("P_NAME" NOT NULL ENABLE);
 
  ALTER TABLE "EDUC239"."TC_PRODUCT" MODIFY ("PRICE" NOT NULL ENABLE);
 
  ALTER TABLE "EDUC239"."TC_PRODUCT" MODIFY ("STOCK" NOT NULL ENABLE);
 
  ALTER TABLE "EDUC239"."TC_PRODUCT" MODIFY ("P_CODE" NOT NULL ENABLE);
 
  ALTER TABLE "EDUC239"."TC_PRODUCT" ADD CONSTRAINT "TC_XPK_PRODUCT" PRIMARY KEY ("P_CODE") ENABLE;
--------------------------------------------------------
--  Constraints for Table TC_P_BIG
--------------------------------------------------------

  ALTER TABLE "EDUC239"."TC_P_BIG" MODIFY ("P_BIG" NOT NULL ENABLE);
 
  ALTER TABLE "EDUC239"."TC_P_BIG" MODIFY ("P_BIG_NAME" NOT NULL ENABLE);
 
  ALTER TABLE "EDUC239"."TC_P_BIG" ADD CONSTRAINT "TC_XPK_PRODUCT_BIG" PRIMARY KEY ("P_BIG") ENABLE;
--------------------------------------------------------
--  Constraints for Table TC_P_FILE
--------------------------------------------------------

  ALTER TABLE "EDUC239"."TC_P_FILE" MODIFY ("P_IMAGE_INDEX" NOT NULL ENABLE);
 
  ALTER TABLE "EDUC239"."TC_P_FILE" MODIFY ("P_CODE" NOT NULL ENABLE);
 
  ALTER TABLE "EDUC239"."TC_P_FILE" ADD CONSTRAINT "TC_XPK_PIMAGE" PRIMARY KEY ("P_IMAGE_INDEX", "P_CODE") ENABLE;
--------------------------------------------------------
--  Constraints for Table TC_P_MIDDLE
--------------------------------------------------------

  ALTER TABLE "EDUC239"."TC_P_MIDDLE" MODIFY ("P_MIDDLE" NOT NULL ENABLE);
 
  ALTER TABLE "EDUC239"."TC_P_MIDDLE" MODIFY ("P_MIDDLE_NAME" NOT NULL ENABLE);
 
  ALTER TABLE "EDUC239"."TC_P_MIDDLE" MODIFY ("P_BIG" NOT NULL ENABLE);
 
  ALTER TABLE "EDUC239"."TC_P_MIDDLE" ADD CONSTRAINT "TC_XPK_PRODUCT_MIDDLE" PRIMARY KEY ("P_MIDDLE") ENABLE;
--------------------------------------------------------
--  Constraints for Table TC_P_SMALL
--------------------------------------------------------

  ALTER TABLE "EDUC239"."TC_P_SMALL" MODIFY ("P_SMALL" NOT NULL ENABLE);
 
  ALTER TABLE "EDUC239"."TC_P_SMALL" MODIFY ("P_SMALL_NAME" NOT NULL ENABLE);
 
  ALTER TABLE "EDUC239"."TC_P_SMALL" MODIFY ("P_MIDDLE" NOT NULL ENABLE);
 
  ALTER TABLE "EDUC239"."TC_P_SMALL" ADD CONSTRAINT "TC_XPK_PRODUCT_SMALL" PRIMARY KEY ("P_SMALL") ENABLE;
--------------------------------------------------------
--  Constraints for Table TC_QNA
--------------------------------------------------------

  ALTER TABLE "EDUC239"."TC_QNA" MODIFY ("Q_NUM" NOT NULL ENABLE);
 
  ALTER TABLE "EDUC239"."TC_QNA" MODIFY ("Q_UP_DATE" NOT NULL ENABLE);
 
  ALTER TABLE "EDUC239"."TC_QNA" MODIFY ("Q_CATEGORY_NUM" NOT NULL ENABLE);
 
  ALTER TABLE "EDUC239"."TC_QNA" MODIFY ("M_ID" NOT NULL ENABLE);
 
  ALTER TABLE "EDUC239"."TC_QNA" ADD CONSTRAINT "TC_XPK_QNA" PRIMARY KEY ("Q_NUM") ENABLE;
--------------------------------------------------------
--  Constraints for Table TC_Q_CATEGORY
--------------------------------------------------------

  ALTER TABLE "EDUC239"."TC_Q_CATEGORY" MODIFY ("Q_CATEGORY_NUM" NOT NULL ENABLE);
 
  ALTER TABLE "EDUC239"."TC_Q_CATEGORY" MODIFY ("Q_CATEGORY_NAME" NOT NULL ENABLE);
 
  ALTER TABLE "EDUC239"."TC_Q_CATEGORY" ADD CONSTRAINT "TC_XPK_QCATEGORY" PRIMARY KEY ("Q_CATEGORY_NUM") ENABLE;
--------------------------------------------------------
--  Constraints for Table TC_REVIEW
--------------------------------------------------------

  ALTER TABLE "EDUC239"."TC_REVIEW" MODIFY ("R_NUM" NOT NULL ENABLE);
 
  ALTER TABLE "EDUC239"."TC_REVIEW" MODIFY ("M_ID" NOT NULL ENABLE);
 
  ALTER TABLE "EDUC239"."TC_REVIEW" MODIFY ("P_CODE" NOT NULL ENABLE);
 
  ALTER TABLE "EDUC239"."TC_REVIEW" ADD CONSTRAINT "TC_XPK_REVIEW" PRIMARY KEY ("R_NUM", "P_CODE") ENABLE;
--------------------------------------------------------
--  Constraints for Table TC_R_FILE
--------------------------------------------------------

  ALTER TABLE "EDUC239"."TC_R_FILE" MODIFY ("R_NUM" NOT NULL ENABLE);
 
  ALTER TABLE "EDUC239"."TC_R_FILE" MODIFY ("R_IMAGE_INDEX" NOT NULL ENABLE);
 
  ALTER TABLE "EDUC239"."TC_R_FILE" MODIFY ("P_CODE" NOT NULL ENABLE);
 
  ALTER TABLE "EDUC239"."TC_R_FILE" ADD CONSTRAINT "TC_XPK_RIMAGE" PRIMARY KEY ("R_IMAGE_INDEX", "R_NUM", "P_CODE") ENABLE;
--------------------------------------------------------
--  Constraints for Table TC_USING_POINT
--------------------------------------------------------

  ALTER TABLE "EDUC239"."TC_USING_POINT" MODIFY ("M_ID" NOT NULL ENABLE);
 
  ALTER TABLE "EDUC239"."TC_USING_POINT" MODIFY ("HISTORY_NUM" NOT NULL ENABLE);
 
  ALTER TABLE "EDUC239"."TC_USING_POINT" MODIFY ("P_USED_DATE" NOT NULL ENABLE);
 
  ALTER TABLE "EDUC239"."TC_USING_POINT" MODIFY ("P_SAVE_MONEY" NOT NULL ENABLE);
 
  ALTER TABLE "EDUC239"."TC_USING_POINT" MODIFY ("P_SAVE_DATE" NOT NULL ENABLE);
 
  ALTER TABLE "EDUC239"."TC_USING_POINT" ADD CONSTRAINT "TC_XPK_USINGPOINT" PRIMARY KEY ("HISTORY_NUM") ENABLE;
--------------------------------------------------------
--  Constraints for Table TD_ADMIN
--------------------------------------------------------

  ALTER TABLE "EDUC239"."TD_ADMIN" MODIFY ("ADMIN_ID" NOT NULL ENABLE);
 
  ALTER TABLE "EDUC239"."TD_ADMIN" MODIFY ("ADMIN_PASSWORD" NOT NULL ENABLE);
 
  ALTER TABLE "EDUC239"."TD_ADMIN" MODIFY ("ADMIN_EMAIL" NOT NULL ENABLE);
 
  ALTER TABLE "EDUC239"."TD_ADMIN" MODIFY ("ADMIN_IDX" NOT NULL ENABLE);
 
  ALTER TABLE "EDUC239"."TD_ADMIN" MODIFY ("ADMIN_GRADE" NOT NULL ENABLE);
 
  ALTER TABLE "EDUC239"."TD_ADMIN" MODIFY ("ADMIN_NAME" NOT NULL ENABLE);
 
  ALTER TABLE "EDUC239"."TD_ADMIN" MODIFY ("ADMIN_OUT" NOT NULL ENABLE);
 
  ALTER TABLE "EDUC239"."TD_ADMIN" MODIFY ("SESSIONKEY" NOT NULL ENABLE);
 
  ALTER TABLE "EDUC239"."TD_ADMIN" ADD CONSTRAINT "TD_ADMIN_IDX" UNIQUE ("ADMIN_IDX") ENABLE;
 
  ALTER TABLE "EDUC239"."TD_ADMIN" ADD CONSTRAINT "TD_XPK_ADMIN" PRIMARY KEY ("ADMIN_ID") ENABLE;
--------------------------------------------------------
--  Constraints for Table TD_BOOKING
--------------------------------------------------------

  ALTER TABLE "EDUC239"."TD_BOOKING" MODIFY ("BOOKING_IDX" NOT NULL ENABLE);
 
  ALTER TABLE "EDUC239"."TD_BOOKING" MODIFY ("BOOKING_IN_DATE" NOT NULL ENABLE);
 
  ALTER TABLE "EDUC239"."TD_BOOKING" MODIFY ("BOOKING_OUT_DATE" NOT NULL ENABLE);
 
  ALTER TABLE "EDUC239"."TD_BOOKING" MODIFY ("ROOM_IDX" NOT NULL ENABLE);
 
  ALTER TABLE "EDUC239"."TD_BOOKING" MODIFY ("MEMBER_ID" NOT NULL ENABLE);
 
  ALTER TABLE "EDUC239"."TD_BOOKING" MODIFY ("BOOKING_CASH" NOT NULL ENABLE);
 
  ALTER TABLE "EDUC239"."TD_BOOKING" MODIFY ("BOOKING_PEOPLE" NOT NULL ENABLE);
 
  ALTER TABLE "EDUC239"."TD_BOOKING" MODIFY ("BOOKING_DATE" NOT NULL ENABLE);
 
  ALTER TABLE "EDUC239"."TD_BOOKING" MODIFY ("HOTEL_CODE" NOT NULL ENABLE);
 
  ALTER TABLE "EDUC239"."TD_BOOKING" ADD CONSTRAINT "TD_XPK_BOOKING" PRIMARY KEY ("BOOKING_IDX") ENABLE;
--------------------------------------------------------
--  Constraints for Table TD_CITY
--------------------------------------------------------

  ALTER TABLE "EDUC239"."TD_CITY" MODIFY ("CITY_NAME" NOT NULL ENABLE);
 
  ALTER TABLE "EDUC239"."TD_CITY" MODIFY ("NATION_CODE" NOT NULL ENABLE);
 
  ALTER TABLE "EDUC239"."TD_CITY" MODIFY ("CITY_CODE" NOT NULL ENABLE);
 
  ALTER TABLE "EDUC239"."TD_CITY" ADD CONSTRAINT "TD_XPK_CITY" PRIMARY KEY ("CITY_CODE") ENABLE;
--------------------------------------------------------
--  Constraints for Table TD_DISCOUNT
--------------------------------------------------------

  ALTER TABLE "EDUC239"."TD_DISCOUNT" MODIFY ("DISCOUNT_CODE" NOT NULL ENABLE);
 
  ALTER TABLE "EDUC239"."TD_DISCOUNT" MODIFY ("DISCOUNT_START_DATE" NOT NULL ENABLE);
 
  ALTER TABLE "EDUC239"."TD_DISCOUNT" MODIFY ("DISCOUNT_END_DATE" NOT NULL ENABLE);
 
  ALTER TABLE "EDUC239"."TD_DISCOUNT" MODIFY ("DISCOUNT_NAME" NOT NULL ENABLE);
 
  ALTER TABLE "EDUC239"."TD_DISCOUNT" MODIFY ("DISCOUNT_RATE" NOT NULL ENABLE);
 
  ALTER TABLE "EDUC239"."TD_DISCOUNT" ADD CONSTRAINT "TD_XPK_DISCOUNT_CODE" PRIMARY KEY ("DISCOUNT_CODE") ENABLE;
--------------------------------------------------------
--  Constraints for Table TD_DISCOUNT_INFO
--------------------------------------------------------

  ALTER TABLE "EDUC239"."TD_DISCOUNT_INFO" MODIFY ("DISCOUNT_INFO_IDX" NOT NULL ENABLE);
 
  ALTER TABLE "EDUC239"."TD_DISCOUNT_INFO" MODIFY ("DISCOUNT_DATE" NOT NULL ENABLE);
 
  ALTER TABLE "EDUC239"."TD_DISCOUNT_INFO" MODIFY ("MEMBER_ID" NOT NULL ENABLE);
 
  ALTER TABLE "EDUC239"."TD_DISCOUNT_INFO" MODIFY ("DISCOUNT_CODE" NOT NULL ENABLE);
 
  ALTER TABLE "EDUC239"."TD_DISCOUNT_INFO" ADD CONSTRAINT "TD_XPK_DISCOUNT_INFO" PRIMARY KEY ("DISCOUNT_INFO_IDX") ENABLE;
--------------------------------------------------------
--  Constraints for Table TD_FAQ
--------------------------------------------------------

  ALTER TABLE "EDUC239"."TD_FAQ" MODIFY ("FAQ_IDX" NOT NULL ENABLE);
 
  ALTER TABLE "EDUC239"."TD_FAQ" MODIFY ("FAQ_TITLE" NOT NULL ENABLE);
 
  ALTER TABLE "EDUC239"."TD_FAQ" MODIFY ("FAQ_CONTENT" NOT NULL ENABLE);
 
  ALTER TABLE "EDUC239"."TD_FAQ" MODIFY ("ADMIN_ID" NOT NULL ENABLE);
 
  ALTER TABLE "EDUC239"."TD_FAQ" MODIFY ("FAQ_DATE" NOT NULL ENABLE);
 
  ALTER TABLE "EDUC239"."TD_FAQ" MODIFY ("FAQ_OUT" NOT NULL ENABLE);
 
  ALTER TABLE "EDUC239"."TD_FAQ" ADD CONSTRAINT "TD_XPK_FAQ" PRIMARY KEY ("FAQ_IDX") ENABLE;
--------------------------------------------------------
--  Constraints for Table TD_HOTEL
--------------------------------------------------------

  ALTER TABLE "EDUC239"."TD_HOTEL" MODIFY ("ADDRESS" NOT NULL ENABLE);
 
  ALTER TABLE "EDUC239"."TD_HOTEL" MODIFY ("ROOM_LOWPRICE" NOT NULL ENABLE);
 
  ALTER TABLE "EDUC239"."TD_HOTEL" MODIFY ("INFORMATION" NOT NULL ENABLE);
 
  ALTER TABLE "EDUC239"."TD_HOTEL" MODIFY ("HOTEL_CODE" NOT NULL ENABLE);
 
  ALTER TABLE "EDUC239"."TD_HOTEL" MODIFY ("HOTEL_NAME" NOT NULL ENABLE);
 
  ALTER TABLE "EDUC239"."TD_HOTEL" MODIFY ("NATION_CODE" NOT NULL ENABLE);
 
  ALTER TABLE "EDUC239"."TD_HOTEL" MODIFY ("CITY_CODE" NOT NULL ENABLE);
 
  ALTER TABLE "EDUC239"."TD_HOTEL" ADD CONSTRAINT "TD_XPK_HOTEL" PRIMARY KEY ("HOTEL_CODE") ENABLE;
--------------------------------------------------------
--  Constraints for Table TD_HOTEL_DETAILINFO
--------------------------------------------------------

  ALTER TABLE "EDUC239"."TD_HOTEL_DETAILINFO" MODIFY ("HOTEL_CODE" NOT NULL ENABLE);
 
  ALTER TABLE "EDUC239"."TD_HOTEL_DETAILINFO" ADD CONSTRAINT "TD_HOTEL_DETAILINFO_PK" PRIMARY KEY ("IDX") ENABLE;
 
  ALTER TABLE "EDUC239"."TD_HOTEL_DETAILINFO" ADD CONSTRAINT "TD_HOTEL_DETAILINFO_UN" UNIQUE ("IDX", "HOTEL_CODE") ENABLE;
--------------------------------------------------------
--  Constraints for Table TD_HOTEL_FACILITY
--------------------------------------------------------

  ALTER TABLE "EDUC239"."TD_HOTEL_FACILITY" MODIFY ("HF_IDX" NOT NULL ENABLE);
 
  ALTER TABLE "EDUC239"."TD_HOTEL_FACILITY" MODIFY ("HF_NAME" NOT NULL ENABLE);
 
  ALTER TABLE "EDUC239"."TD_HOTEL_FACILITY" ADD CONSTRAINT "TD_XPK_HOTEL_FACILITY" PRIMARY KEY ("HF_IDX") ENABLE;
--------------------------------------------------------
--  Constraints for Table TD_HOTEL_IMAGE
--------------------------------------------------------

  ALTER TABLE "EDUC239"."TD_HOTEL_IMAGE" MODIFY ("HIMG_IDX" NOT NULL ENABLE);
 
  ALTER TABLE "EDUC239"."TD_HOTEL_IMAGE" MODIFY ("HIMG_NAME" NOT NULL ENABLE);
 
  ALTER TABLE "EDUC239"."TD_HOTEL_IMAGE" MODIFY ("HOTEL_CODE" NOT NULL ENABLE);
 
  ALTER TABLE "EDUC239"."TD_HOTEL_IMAGE" MODIFY ("HIMG_PATH" NOT NULL ENABLE);
 
  ALTER TABLE "EDUC239"."TD_HOTEL_IMAGE" ADD CONSTRAINT "TD_XPK_HOTEL_IMG" PRIMARY KEY ("HIMG_IDX", "HOTEL_CODE") ENABLE;
--------------------------------------------------------
--  Constraints for Table TD_HOTEL_INFO
--------------------------------------------------------

  ALTER TABLE "EDUC239"."TD_HOTEL_INFO" MODIFY ("HOTEL_INFO_IDX" NOT NULL ENABLE);
 
  ALTER TABLE "EDUC239"."TD_HOTEL_INFO" MODIFY ("HOTEL_INFO_DATE" NOT NULL ENABLE);
 
  ALTER TABLE "EDUC239"."TD_HOTEL_INFO" MODIFY ("HF_IDX" NOT NULL ENABLE);
 
  ALTER TABLE "EDUC239"."TD_HOTEL_INFO" MODIFY ("HOTEL_CODE" NOT NULL ENABLE);
 
  ALTER TABLE "EDUC239"."TD_HOTEL_INFO" ADD CONSTRAINT "TD_XPK_HOTEL_INFO" PRIMARY KEY ("HOTEL_INFO_IDX") ENABLE;
--------------------------------------------------------
--  Constraints for Table TD_INQUIRY
--------------------------------------------------------

  ALTER TABLE "EDUC239"."TD_INQUIRY" MODIFY ("INQUIRY_NUMBER" NOT NULL ENABLE);
 
  ALTER TABLE "EDUC239"."TD_INQUIRY" MODIFY ("MEMBER_ID" NOT NULL ENABLE);
 
  ALTER TABLE "EDUC239"."TD_INQUIRY" MODIFY ("INQUIRY_TYPE" NOT NULL ENABLE);
 
  ALTER TABLE "EDUC239"."TD_INQUIRY" MODIFY ("ANSWER_CONTENT" NOT NULL ENABLE);
 
  ALTER TABLE "EDUC239"."TD_INQUIRY" MODIFY ("INQUIRY_EMAIL" NOT NULL ENABLE);
 
  ALTER TABLE "EDUC239"."TD_INQUIRY" MODIFY ("INQUIRY_TITLE" NOT NULL ENABLE);
 
  ALTER TABLE "EDUC239"."TD_INQUIRY" MODIFY ("ANSWER_TITLE" NOT NULL ENABLE);
 
  ALTER TABLE "EDUC239"."TD_INQUIRY" ADD CONSTRAINT "TD_XPK_INQUIRY" PRIMARY KEY ("INQUIRY_NUMBER") ENABLE;
--------------------------------------------------------
--  Constraints for Table TD_INTEREST_VIEW
--------------------------------------------------------

  ALTER TABLE "EDUC239"."TD_INTEREST_VIEW" MODIFY ("IN_VIEW_IDX" NOT NULL ENABLE);
 
  ALTER TABLE "EDUC239"."TD_INTEREST_VIEW" MODIFY ("IN_VIEW_ADDDATE" NOT NULL ENABLE);
 
  ALTER TABLE "EDUC239"."TD_INTEREST_VIEW" MODIFY ("MEMBER_ID" NOT NULL ENABLE);
 
  ALTER TABLE "EDUC239"."TD_INTEREST_VIEW" MODIFY ("HOTEL_CODE" NOT NULL ENABLE);
 
  ALTER TABLE "EDUC239"."TD_INTEREST_VIEW" ADD CONSTRAINT "TD_XPK_INTEREST_VIEW" PRIMARY KEY ("IN_VIEW_IDX") ENABLE;
--------------------------------------------------------
--  Constraints for Table TD_MEMBER
--------------------------------------------------------

  ALTER TABLE "EDUC239"."TD_MEMBER" MODIFY ("MEMBER_ID" NOT NULL ENABLE);
 
  ALTER TABLE "EDUC239"."TD_MEMBER" MODIFY ("MEMBER_PASSWORD" NOT NULL ENABLE);
 
  ALTER TABLE "EDUC239"."TD_MEMBER" MODIFY ("MEMBER_PNUMBER" NOT NULL ENABLE);
 
  ALTER TABLE "EDUC239"."TD_MEMBER" MODIFY ("MEMBER_ADDRESS" NOT NULL ENABLE);
 
  ALTER TABLE "EDUC239"."TD_MEMBER" MODIFY ("NATION_CODE" NOT NULL ENABLE);
 
  ALTER TABLE "EDUC239"."TD_MEMBER" MODIFY ("MEMBER_FIANAME" NOT NULL ENABLE);
 
  ALTER TABLE "EDUC239"."TD_MEMBER" MODIFY ("MEMBER_LANAME" NOT NULL ENABLE);
 
  ALTER TABLE "EDUC239"."TD_MEMBER" MODIFY ("MEMBER_OUT" NOT NULL ENABLE);
 
  ALTER TABLE "EDUC239"."TD_MEMBER" MODIFY ("MEMBER_IDX" NOT NULL ENABLE);
 
  ALTER TABLE "EDUC239"."TD_MEMBER" ADD CONSTRAINT "TD_MEMBER_IDX" UNIQUE ("MEMBER_IDX") ENABLE;
 
  ALTER TABLE "EDUC239"."TD_MEMBER" ADD CONSTRAINT "TD_XPKMEMBER" PRIMARY KEY ("MEMBER_ID") ENABLE;
--------------------------------------------------------
--  Constraints for Table TD_NATION
--------------------------------------------------------

  ALTER TABLE "EDUC239"."TD_NATION" MODIFY ("NATION_CODE" NOT NULL ENABLE);
 
  ALTER TABLE "EDUC239"."TD_NATION" MODIFY ("NATION_NAME" NOT NULL ENABLE);
 
  ALTER TABLE "EDUC239"."TD_NATION" ADD CONSTRAINT "TD_XPK_NATION" PRIMARY KEY ("NATION_CODE") ENABLE;
--------------------------------------------------------
--  Constraints for Table TD_NOTICE
--------------------------------------------------------

  ALTER TABLE "EDUC239"."TD_NOTICE" MODIFY ("NOTICE_IDX" NOT NULL ENABLE);
 
  ALTER TABLE "EDUC239"."TD_NOTICE" MODIFY ("NOTICE_TITLE" NOT NULL ENABLE);
 
  ALTER TABLE "EDUC239"."TD_NOTICE" MODIFY ("NOTICE_DATE" NOT NULL ENABLE);
 
  ALTER TABLE "EDUC239"."TD_NOTICE" MODIFY ("NOTICE_DAYS" NOT NULL ENABLE);
 
  ALTER TABLE "EDUC239"."TD_NOTICE" MODIFY ("NOTICE_IMG" NOT NULL ENABLE);
 
  ALTER TABLE "EDUC239"."TD_NOTICE" MODIFY ("ADMIN_ID" NOT NULL ENABLE);
 
  ALTER TABLE "EDUC239"."TD_NOTICE" MODIFY ("NOTICE_CHK" NOT NULL ENABLE);
 
  ALTER TABLE "EDUC239"."TD_NOTICE" ADD CONSTRAINT "TD_XPK_NOTICE" PRIMARY KEY ("NOTICE_IDX") ENABLE;
--------------------------------------------------------
--  Constraints for Table TD_PAYMENT
--------------------------------------------------------

  ALTER TABLE "EDUC239"."TD_PAYMENT" MODIFY ("PAY_IDX" NOT NULL ENABLE);
 
  ALTER TABLE "EDUC239"."TD_PAYMENT" MODIFY ("BOOKING_IDX" NOT NULL ENABLE);
 
  ALTER TABLE "EDUC239"."TD_PAYMENT" MODIFY ("PAY_CASH" NOT NULL ENABLE);
 
  ALTER TABLE "EDUC239"."TD_PAYMENT" MODIFY ("PAY_DATE" NOT NULL ENABLE);
 
  ALTER TABLE "EDUC239"."TD_PAYMENT" MODIFY ("PAY_CARDTYPE" NOT NULL ENABLE);
 
  ALTER TABLE "EDUC239"."TD_PAYMENT" MODIFY ("PAY_CARDNUMBER" NOT NULL ENABLE);
 
  ALTER TABLE "EDUC239"."TD_PAYMENT" MODIFY ("PAY_NAME" NOT NULL ENABLE);
 
  ALTER TABLE "EDUC239"."TD_PAYMENT" MODIFY ("PAY_EMAIL" NOT NULL ENABLE);
 
  ALTER TABLE "EDUC239"."TD_PAYMENT" ADD CONSTRAINT "TD_XPK_PAYMENT" PRIMARY KEY ("PAY_IDX", "BOOKING_IDX") ENABLE;
--------------------------------------------------------
--  Constraints for Table TD_RECENT_VIEW
--------------------------------------------------------

  ALTER TABLE "EDUC239"."TD_RECENT_VIEW" MODIFY ("RE_VIEW_IDX" NOT NULL ENABLE);
 
  ALTER TABLE "EDUC239"."TD_RECENT_VIEW" MODIFY ("RE_VIEW_DATE" NOT NULL ENABLE);
 
  ALTER TABLE "EDUC239"."TD_RECENT_VIEW" MODIFY ("MEMBER_ID" NOT NULL ENABLE);
 
  ALTER TABLE "EDUC239"."TD_RECENT_VIEW" MODIFY ("HOTEL_CODE" NOT NULL ENABLE);
 
  ALTER TABLE "EDUC239"."TD_RECENT_VIEW" ADD CONSTRAINT "TD_XPK_RECENT_VIEW" PRIMARY KEY ("RE_VIEW_IDX") ENABLE;
--------------------------------------------------------
--  Constraints for Table TD_REVIEW
--------------------------------------------------------

  ALTER TABLE "EDUC239"."TD_REVIEW" MODIFY ("REVIEW_IDX" NOT NULL ENABLE);
 
  ALTER TABLE "EDUC239"."TD_REVIEW" MODIFY ("REVIEW_TITLE" NOT NULL ENABLE);
 
  ALTER TABLE "EDUC239"."TD_REVIEW" MODIFY ("REVIEW_CONTENT" NOT NULL ENABLE);
 
  ALTER TABLE "EDUC239"."TD_REVIEW" MODIFY ("REVIEW_DATE" NOT NULL ENABLE);
 
  ALTER TABLE "EDUC239"."TD_REVIEW" MODIFY ("MEMBER_ID" NOT NULL ENABLE);
 
  ALTER TABLE "EDUC239"."TD_REVIEW" MODIFY ("HOTEL_CODE" NOT NULL ENABLE);
 
  ALTER TABLE "EDUC239"."TD_REVIEW" ADD CONSTRAINT "TD_XPK_REVIEW" PRIMARY KEY ("REVIEW_IDX", "HOTEL_CODE") ENABLE;
--------------------------------------------------------
--  Constraints for Table TD_ROOM
--------------------------------------------------------

  ALTER TABLE "EDUC239"."TD_ROOM" MODIFY ("ROOM_IDX" NOT NULL ENABLE);
 
  ALTER TABLE "EDUC239"."TD_ROOM" MODIFY ("ROOM_PEOPLENUM" NOT NULL ENABLE);
 
  ALTER TABLE "EDUC239"."TD_ROOM" MODIFY ("ROOM_BED" NOT NULL ENABLE);
 
  ALTER TABLE "EDUC239"."TD_ROOM" MODIFY ("ROOM_PRICE" NOT NULL ENABLE);
 
  ALTER TABLE "EDUC239"."TD_ROOM" MODIFY ("HOTEL_CODE" NOT NULL ENABLE);
 
  ALTER TABLE "EDUC239"."TD_ROOM" MODIFY ("ROOM_NAME" NOT NULL ENABLE);
 
  ALTER TABLE "EDUC239"."TD_ROOM" MODIFY ("ROOM_PEOPLENUM_K" NOT NULL ENABLE);
 
  ALTER TABLE "EDUC239"."TD_ROOM" ADD CONSTRAINT "TD_XPK_ROOM" PRIMARY KEY ("ROOM_IDX", "HOTEL_CODE") ENABLE;
--------------------------------------------------------
--  Constraints for Table TD_ROOM_BED
--------------------------------------------------------

  ALTER TABLE "EDUC239"."TD_ROOM_BED" MODIFY ("HOTEL_CODE" NOT NULL ENABLE);
 
  ALTER TABLE "EDUC239"."TD_ROOM_BED" MODIFY ("ROOM_IDX" NOT NULL ENABLE);
 
  ALTER TABLE "EDUC239"."TD_ROOM_BED" ADD CONSTRAINT "TD_ROOM_BED_PK" PRIMARY KEY ("RB_IDX") ENABLE;
--------------------------------------------------------
--  Constraints for Table TD_ROOM_FACILITY
--------------------------------------------------------

  ALTER TABLE "EDUC239"."TD_ROOM_FACILITY" MODIFY ("RF_IDX" NOT NULL ENABLE);
 
  ALTER TABLE "EDUC239"."TD_ROOM_FACILITY" MODIFY ("RF_NAME" NOT NULL ENABLE);
 
  ALTER TABLE "EDUC239"."TD_ROOM_FACILITY" ADD CONSTRAINT "TD_XPK_ROOM_FACILITY" PRIMARY KEY ("RF_IDX") ENABLE;
--------------------------------------------------------
--  Constraints for Table TD_ROOM_IMAGE
--------------------------------------------------------

  ALTER TABLE "EDUC239"."TD_ROOM_IMAGE" MODIFY ("RIMAGE_IDX" NOT NULL ENABLE);
 
  ALTER TABLE "EDUC239"."TD_ROOM_IMAGE" MODIFY ("RIMAGE_NAME" NOT NULL ENABLE);
 
  ALTER TABLE "EDUC239"."TD_ROOM_IMAGE" MODIFY ("ROOM_IDX" NOT NULL ENABLE);
 
  ALTER TABLE "EDUC239"."TD_ROOM_IMAGE" MODIFY ("HOTEL_CODE" NOT NULL ENABLE);
 
  ALTER TABLE "EDUC239"."TD_ROOM_IMAGE" MODIFY ("RIMAGE_PATH" NOT NULL ENABLE);
 
  ALTER TABLE "EDUC239"."TD_ROOM_IMAGE" ADD CONSTRAINT "TD_XPK_ROOM_IMG" PRIMARY KEY ("RIMAGE_IDX", "ROOM_IDX", "HOTEL_CODE") ENABLE;
--------------------------------------------------------
--  Constraints for Table TD_ROOM_INFO
--------------------------------------------------------

  ALTER TABLE "EDUC239"."TD_ROOM_INFO" MODIFY ("ROOM_INFO_IDX" NOT NULL ENABLE);
 
  ALTER TABLE "EDUC239"."TD_ROOM_INFO" MODIFY ("ROOM_INFO_DATE" NOT NULL ENABLE);
 
  ALTER TABLE "EDUC239"."TD_ROOM_INFO" MODIFY ("RF_IDX" NOT NULL ENABLE);
 
  ALTER TABLE "EDUC239"."TD_ROOM_INFO" MODIFY ("ROOM_IDX" NOT NULL ENABLE);
 
  ALTER TABLE "EDUC239"."TD_ROOM_INFO" MODIFY ("HOTEL_CODE" NOT NULL ENABLE);
 
  ALTER TABLE "EDUC239"."TD_ROOM_INFO" ADD CONSTRAINT "TD_XPK_ROOM_INFO" PRIMARY KEY ("ROOM_INFO_IDX") ENABLE;
--------------------------------------------------------
--  Constraints for Table TD_SLIDE_IMAGE
--------------------------------------------------------

  ALTER TABLE "EDUC239"."TD_SLIDE_IMAGE" MODIFY ("SIMAGE_IDX" NOT NULL ENABLE);
 
  ALTER TABLE "EDUC239"."TD_SLIDE_IMAGE" MODIFY ("SIMAGE_NAME" NOT NULL ENABLE);
 
  ALTER TABLE "EDUC239"."TD_SLIDE_IMAGE" MODIFY ("SIMAGE_TITLE" NOT NULL ENABLE);
 
  ALTER TABLE "EDUC239"."TD_SLIDE_IMAGE" MODIFY ("SIMAGE_URL" NOT NULL ENABLE);
 
  ALTER TABLE "EDUC239"."TD_SLIDE_IMAGE" MODIFY ("ADMIN_ID" NOT NULL ENABLE);
 
  ALTER TABLE "EDUC239"."TD_SLIDE_IMAGE" ADD CONSTRAINT "TD_XPKS_SLIDE_IMG" PRIMARY KEY ("SIMAGE_IDX") ENABLE;
--------------------------------------------------------
--  Constraints for Table TE_ADMIN
--------------------------------------------------------

  ALTER TABLE "EDUC239"."TE_ADMIN" MODIFY ("ADMIN_ID" NOT NULL ENABLE);
 
  ALTER TABLE "EDUC239"."TE_ADMIN" ADD CONSTRAINT "TE_XPK_ADMIN_PK" PRIMARY KEY ("ADMIN_ID") ENABLE;
--------------------------------------------------------
--  Constraints for Table TE_ASK
--------------------------------------------------------

  ALTER TABLE "EDUC239"."TE_ASK" MODIFY ("ASK_NUM" NOT NULL ENABLE);
 
  ALTER TABLE "EDUC239"."TE_ASK" MODIFY ("USER_ID" NOT NULL ENABLE);
 
  ALTER TABLE "EDUC239"."TE_ASK" ADD CONSTRAINT "TE_XPK_ASK_PK" PRIMARY KEY ("ASK_NUM") ENABLE;
--------------------------------------------------------
--  Constraints for Table TE_BARGAIN
--------------------------------------------------------

  ALTER TABLE "EDUC239"."TE_BARGAIN" MODIFY ("USER_ID" NOT NULL ENABLE);
 
  ALTER TABLE "EDUC239"."TE_BARGAIN" MODIFY ("PRODUCT_NUM" NOT NULL ENABLE);
 
  ALTER TABLE "EDUC239"."TE_BARGAIN" MODIFY ("BARGAIN_NUM" NOT NULL ENABLE);
 
  ALTER TABLE "EDUC239"."TE_BARGAIN" ADD CONSTRAINT "TE_XPK_BARGAIN_PK" PRIMARY KEY ("BARGAIN_NUM") ENABLE;
--------------------------------------------------------
--  Constraints for Table TE_BUY
--------------------------------------------------------

  ALTER TABLE "EDUC239"."TE_BUY" MODIFY ("BUY_NUM" NOT NULL ENABLE);
 
  ALTER TABLE "EDUC239"."TE_BUY" ADD CONSTRAINT "TE_XPK_BUY_PK" PRIMARY KEY ("BUY_NUM") ENABLE;
--------------------------------------------------------
--  Constraints for Table TE_CATEGORY1
--------------------------------------------------------

  ALTER TABLE "EDUC239"."TE_CATEGORY1" MODIFY ("CATEGORY1_NAME" NOT NULL ENABLE);
 
  ALTER TABLE "EDUC239"."TE_CATEGORY1" ADD CONSTRAINT "TE_XPK_CATEGORY1_PK" PRIMARY KEY ("CATEGORY1_NUM") ENABLE;
--------------------------------------------------------
--  Constraints for Table TE_CATEGORY2
--------------------------------------------------------

  ALTER TABLE "EDUC239"."TE_CATEGORY2" MODIFY ("CATEGORY1_NUM" NOT NULL ENABLE);
 
  ALTER TABLE "EDUC239"."TE_CATEGORY2" MODIFY ("CATEGORY2_NUM" NOT NULL ENABLE);
 
  ALTER TABLE "EDUC239"."TE_CATEGORY2" ADD CONSTRAINT "TE_XPK_CATEGORY2_PK" PRIMARY KEY ("CATEGORY2_NUM") ENABLE;
--------------------------------------------------------
--  Constraints for Table TE_CATEGORY3
--------------------------------------------------------

  ALTER TABLE "EDUC239"."TE_CATEGORY3" MODIFY ("CATEGORY2_NUM" NOT NULL ENABLE);
 
  ALTER TABLE "EDUC239"."TE_CATEGORY3" ADD CONSTRAINT "TE_XPK_CATEGORY3_PK" PRIMARY KEY ("CATEGORY3_NUM") ENABLE;
--------------------------------------------------------
--  Constraints for Table TE_EVENT
--------------------------------------------------------

  ALTER TABLE "EDUC239"."TE_EVENT" MODIFY ("EVENT_NUM" NOT NULL ENABLE);
 
  ALTER TABLE "EDUC239"."TE_EVENT" MODIFY ("ADMIN_ID" NOT NULL ENABLE);
 
  ALTER TABLE "EDUC239"."TE_EVENT" ADD CONSTRAINT "TE_XPK_EVENT_PK" PRIMARY KEY ("EVENT_NUM") ENABLE;
--------------------------------------------------------
--  Constraints for Table TE_EVENTIMG
--------------------------------------------------------

  ALTER TABLE "EDUC239"."TE_EVENTIMG" MODIFY ("EVENT_NUM" NOT NULL ENABLE);
 
  ALTER TABLE "EDUC239"."TE_EVENTIMG" MODIFY ("EVENTIMG_NUM" NOT NULL ENABLE);
 
  ALTER TABLE "EDUC239"."TE_EVENTIMG" ADD CONSTRAINT "TE_XPK_EVENTIMG_PK" PRIMARY KEY ("EVENT_NUM", "EVENTIMG_NUM") ENABLE;
--------------------------------------------------------
--  Constraints for Table TE_MILE
--------------------------------------------------------

  ALTER TABLE "EDUC239"."TE_MILE" MODIFY ("MILE_NUM" NOT NULL ENABLE);
 
  ALTER TABLE "EDUC239"."TE_MILE" ADD CONSTRAINT "TE_XPK_MILE_PK" PRIMARY KEY ("MILE_NUM") ENABLE;
--------------------------------------------------------
--  Constraints for Table TE_NOTICE
--------------------------------------------------------

  ALTER TABLE "EDUC239"."TE_NOTICE" MODIFY ("NOTICE_NUM" NOT NULL ENABLE);
 
  ALTER TABLE "EDUC239"."TE_NOTICE" MODIFY ("ADMIN_ID" NOT NULL ENABLE);
 
  ALTER TABLE "EDUC239"."TE_NOTICE" ADD CONSTRAINT "TE_XPK_NOTICE_PK" PRIMARY KEY ("NOTICE_NUM") ENABLE;
--------------------------------------------------------
--  Constraints for Table TE_ORDER
--------------------------------------------------------

  ALTER TABLE "EDUC239"."TE_ORDER" MODIFY ("USER_ID" NOT NULL ENABLE);
 
  ALTER TABLE "EDUC239"."TE_ORDER" MODIFY ("BUY_NUM" NOT NULL ENABLE);
 
  ALTER TABLE "EDUC239"."TE_ORDER" MODIFY ("PRODUCT_NUM" NOT NULL ENABLE);
 
  ALTER TABLE "EDUC239"."TE_ORDER" ADD CONSTRAINT "TE_XPK_ORDER_PK" PRIMARY KEY ("BUY_NUM", "PRODUCT_NUM") ENABLE;
--------------------------------------------------------
--  Constraints for Table TE_PCADVICE
--------------------------------------------------------

  ALTER TABLE "EDUC239"."TE_PCADVICE" MODIFY ("ADVICE_NUM" NOT NULL ENABLE);
 
  ALTER TABLE "EDUC239"."TE_PCADVICE" MODIFY ("USER_ID" NOT NULL ENABLE);
 
  ALTER TABLE "EDUC239"."TE_PCADVICE" MODIFY ("ADMIN_ID" NOT NULL ENABLE);
 
  ALTER TABLE "EDUC239"."TE_PCADVICE" ADD CONSTRAINT "TE_XPK_PCADVICE_PK" PRIMARY KEY ("ADVICE_NUM") ENABLE;
--------------------------------------------------------
--  Constraints for Table TE_PRODUCT
--------------------------------------------------------

  ALTER TABLE "EDUC239"."TE_PRODUCT" MODIFY ("PRODUCT_NUM" NOT NULL ENABLE);
 
  ALTER TABLE "EDUC239"."TE_PRODUCT" MODIFY ("CATEGORY1_NUM" NOT NULL ENABLE);
 
  ALTER TABLE "EDUC239"."TE_PRODUCT" MODIFY ("CATEGORY2_NUM" NOT NULL ENABLE);
 
  ALTER TABLE "EDUC239"."TE_PRODUCT" MODIFY ("CATEGORY3_NUM" NOT NULL ENABLE);
 
  ALTER TABLE "EDUC239"."TE_PRODUCT" MODIFY ("COUNT" NOT NULL ENABLE);
 
  ALTER TABLE "EDUC239"."TE_PRODUCT" ADD CONSTRAINT "TE_XPK_PRODUCT_PK" PRIMARY KEY ("PRODUCT_NUM") ENABLE;
--------------------------------------------------------
--  Constraints for Table TE_PRODUCTIMG
--------------------------------------------------------

  ALTER TABLE "EDUC239"."TE_PRODUCTIMG" MODIFY ("PRODUCT_NUM" NOT NULL ENABLE);
 
  ALTER TABLE "EDUC239"."TE_PRODUCTIMG" MODIFY ("PRODUCTIMG_NUM" NOT NULL ENABLE);
 
  ALTER TABLE "EDUC239"."TE_PRODUCTIMG" MODIFY ("PRODUCTIMG_S" NOT NULL ENABLE);
 
  ALTER TABLE "EDUC239"."TE_PRODUCTIMG" ADD CONSTRAINT "TE_XPK_PRODUCTIMG_PK" PRIMARY KEY ("PRODUCT_NUM", "PRODUCTIMG_NUM", "PRODUCTIMG_S") ENABLE;
--------------------------------------------------------
--  Constraints for Table TE_QNA
--------------------------------------------------------

  ALTER TABLE "EDUC239"."TE_QNA" MODIFY ("QNA_NUM" NOT NULL ENABLE);
 
  ALTER TABLE "EDUC239"."TE_QNA" MODIFY ("ADMIN_ID" NOT NULL ENABLE);
 
  ALTER TABLE "EDUC239"."TE_QNA" ADD CONSTRAINT "TE_XPK_QNA_PK" PRIMARY KEY ("QNA_NUM") ENABLE;
--------------------------------------------------------
--  Constraints for Table TE_REVIEW
--------------------------------------------------------

  ALTER TABLE "EDUC239"."TE_REVIEW" MODIFY ("USER_ID" NOT NULL ENABLE);
 
  ALTER TABLE "EDUC239"."TE_REVIEW" MODIFY ("REVIEW_NUM" NOT NULL ENABLE);
 
  ALTER TABLE "EDUC239"."TE_REVIEW" MODIFY ("PRODUCT_NUM" NOT NULL ENABLE);
 
  ALTER TABLE "EDUC239"."TE_REVIEW" MODIFY ("REVIEW_DATE" NOT NULL ENABLE);
 
  ALTER TABLE "EDUC239"."TE_REVIEW" ADD CONSTRAINT "TE_XPK_REVIEW_PK" PRIMARY KEY ("REVIEW_NUM", "PRODUCT_NUM") ENABLE;
--------------------------------------------------------
--  Constraints for Table TE_REVIEWIMG
--------------------------------------------------------

  ALTER TABLE "EDUC239"."TE_REVIEWIMG" MODIFY ("REVIEW_NUM" NOT NULL ENABLE);
 
  ALTER TABLE "EDUC239"."TE_REVIEWIMG" MODIFY ("PRODUCT_NUM" NOT NULL ENABLE);
 
  ALTER TABLE "EDUC239"."TE_REVIEWIMG" MODIFY ("REVIEWIMG_NUM" NOT NULL ENABLE);
 
  ALTER TABLE "EDUC239"."TE_REVIEWIMG" ADD CONSTRAINT "TE_XPK_REVIEWIMG_PK" PRIMARY KEY ("REVIEWIMG_NUM") ENABLE;
--------------------------------------------------------
--  Constraints for Table TE_USERINFORMATION
--------------------------------------------------------

  ALTER TABLE "EDUC239"."TE_USERINFORMATION" MODIFY ("USER_ID" NOT NULL ENABLE);
 
  ALTER TABLE "EDUC239"."TE_USERINFORMATION" MODIFY ("USER_ADDRESS" NOT NULL ENABLE);
 
  ALTER TABLE "EDUC239"."TE_USERINFORMATION" MODIFY ("USER_PASSWORD" NOT NULL ENABLE);
 
  ALTER TABLE "EDUC239"."TE_USERINFORMATION" MODIFY ("USER_NAME" NOT NULL ENABLE);
 
  ALTER TABLE "EDUC239"."TE_USERINFORMATION" MODIFY ("USER_PHONENUM" NOT NULL ENABLE);
 
  ALTER TABLE "EDUC239"."TE_USERINFORMATION" ADD CONSTRAINT "TE_XPK_USERINFORMATION_PK" PRIMARY KEY ("USER_ID") ENABLE;
--------------------------------------------------------
--  Ref Constraints for Table TA_ANSWER
--------------------------------------------------------

  ALTER TABLE "EDUC239"."TA_ANSWER" ADD CONSTRAINT "FK_BOARD_IDX" FOREIGN KEY ("bno", "BOARD_CODE")
	  REFERENCES "EDUC239"."TA_BOARD" ("BOARD_IDX", "BOARD_CODE") ENABLE;
--------------------------------------------------------
--  Ref Constraints for Table TA_BASKET
--------------------------------------------------------

  ALTER TABLE "EDUC239"."TA_BASKET" ADD CONSTRAINT "TEAM_A_R_35" FOREIGN KEY ("ID")
	  REFERENCES "EDUC239"."TA_MEMBER" ("ID") ENABLE;
 
  ALTER TABLE "EDUC239"."TA_BASKET" ADD CONSTRAINT "TEAM_A_R_37" FOREIGN KEY ("PRODUCT_CODE")
	  REFERENCES "EDUC239"."TA_PRODUCT" ("PRODUCT_CODE") ENABLE;
--------------------------------------------------------
--  Ref Constraints for Table TA_BOARD
--------------------------------------------------------

  ALTER TABLE "EDUC239"."TA_BOARD" ADD CONSTRAINT "TEAM_A_R_27" FOREIGN KEY ("ID")
	  REFERENCES "EDUC239"."TA_MEMBER" ("ID") ENABLE;
 
  ALTER TABLE "EDUC239"."TA_BOARD" ADD CONSTRAINT "TEAM_A_R_48" FOREIGN KEY ("BOARD_CODE")
	  REFERENCES "EDUC239"."TA_BOARD_INFO" ("BOARD_CODE") ENABLE;
--------------------------------------------------------
--  Ref Constraints for Table TA_CITY
--------------------------------------------------------

  ALTER TABLE "EDUC239"."TA_CITY" ADD CONSTRAINT "TEAM_A_R_16" FOREIGN KEY ("NATION_CODE")
	  REFERENCES "EDUC239"."TA_NATION" ("NATION_CODE") ENABLE;
--------------------------------------------------------
--  Ref Constraints for Table TA_COUPON_RECODE
--------------------------------------------------------

  ALTER TABLE "EDUC239"."TA_COUPON_RECODE" ADD CONSTRAINT "TEAM_A_R_52" FOREIGN KEY ("COUPON_CODE")
	  REFERENCES "EDUC239"."TA_COUPON" ("COUPON_CODE") ENABLE;
 
  ALTER TABLE "EDUC239"."TA_COUPON_RECODE" ADD CONSTRAINT "TEAM_A_R_54" FOREIGN KEY ("ID")
	  REFERENCES "EDUC239"."TA_MEMBER" ("ID") ENABLE;
 
  ALTER TABLE "EDUC239"."TA_COUPON_RECODE" ADD CONSTRAINT "TEAM_A_R_64" FOREIGN KEY ("ORDER_CODE", "RE_IDX")
	  REFERENCES "EDUC239"."TA_ORDER" ("ORDER_CODE", "RE_IDX") ON DELETE SET NULL ENABLE;
--------------------------------------------------------
--  Ref Constraints for Table TA_MILEAGE
--------------------------------------------------------

  ALTER TABLE "EDUC239"."TA_MILEAGE" ADD CONSTRAINT "TEAM_A_R_61" FOREIGN KEY ("ID")
	  REFERENCES "EDUC239"."TA_MEMBER" ("ID") ENABLE;
 
  ALTER TABLE "EDUC239"."TA_MILEAGE" ADD CONSTRAINT "TEAM_A_R_63" FOREIGN KEY ("ORDER_CODE", "RE_IDX")
	  REFERENCES "EDUC239"."TA_ORDER" ("ORDER_CODE", "RE_IDX") ON DELETE SET NULL ENABLE;
--------------------------------------------------------
--  Ref Constraints for Table TA_ORDER
--------------------------------------------------------

  ALTER TABLE "EDUC239"."TA_ORDER" ADD CONSTRAINT "TEAM_A_R_36" FOREIGN KEY ("RE_IDX")
	  REFERENCES "EDUC239"."TA_RESERVATION" ("RE_IDX") ENABLE;
--------------------------------------------------------
--  Ref Constraints for Table TA_POP
--------------------------------------------------------

  ALTER TABLE "EDUC239"."TA_POP" ADD CONSTRAINT "TEAM_A_R_47" FOREIGN KEY ("ID")
	  REFERENCES "EDUC239"."TA_MEMBER" ("ID") ENABLE;
--------------------------------------------------------
--  Ref Constraints for Table TA_PRODUCT
--------------------------------------------------------

  ALTER TABLE "EDUC239"."TA_PRODUCT" ADD CONSTRAINT "TEAM_A_R_18" FOREIGN KEY ("NATION_CODE")
	  REFERENCES "EDUC239"."TA_NATION" ("NATION_CODE") ENABLE;
 
  ALTER TABLE "EDUC239"."TA_PRODUCT" ADD CONSTRAINT "TEAM_A_R_19" FOREIGN KEY ("CITY_CODE")
	  REFERENCES "EDUC239"."TA_CITY" ("CITY_CODE") ENABLE;
--------------------------------------------------------
--  Ref Constraints for Table TA_PROIMG
--------------------------------------------------------

  ALTER TABLE "EDUC239"."TA_PROIMG" ADD CONSTRAINT "TEAM_A_R_45" FOREIGN KEY ("PRODUCT_CODE")
	  REFERENCES "EDUC239"."TA_PRODUCT" ("PRODUCT_CODE") ENABLE;
--------------------------------------------------------
--  Ref Constraints for Table TA_QUESTION
--------------------------------------------------------

  ALTER TABLE "EDUC239"."TA_QUESTION" ADD CONSTRAINT "TEAM_A_R_25" FOREIGN KEY ("ID")
	  REFERENCES "EDUC239"."TA_MEMBER" ("ID") ENABLE;
--------------------------------------------------------
--  Ref Constraints for Table TA_RESERVATION
--------------------------------------------------------

  ALTER TABLE "EDUC239"."TA_RESERVATION" ADD CONSTRAINT "TEAM_A_R_4" FOREIGN KEY ("ID")
	  REFERENCES "EDUC239"."TA_MEMBER" ("ID") ENABLE;
 
  ALTER TABLE "EDUC239"."TA_RESERVATION" ADD CONSTRAINT "TEAM_A_R_50" FOREIGN KEY ("PRODUCT_CODE")
	  REFERENCES "EDUC239"."TA_PRODUCT" ("PRODUCT_CODE") ENABLE;
--------------------------------------------------------
--  Ref Constraints for Table TA_REVIEW
--------------------------------------------------------

  ALTER TABLE "EDUC239"."TA_REVIEW" ADD CONSTRAINT "TEAM_A_R_42" FOREIGN KEY ("PRODUCT_CODE")
	  REFERENCES "EDUC239"."TA_PRODUCT" ("PRODUCT_CODE") ENABLE;
 
  ALTER TABLE "EDUC239"."TA_REVIEW" ADD CONSTRAINT "TEAM_A_R_6" FOREIGN KEY ("ID")
	  REFERENCES "EDUC239"."TA_MEMBER" ("ID") ENABLE;
--------------------------------------------------------
--  Ref Constraints for Table TA_REVIEWIMG
--------------------------------------------------------

  ALTER TABLE "EDUC239"."TA_REVIEWIMG" ADD CONSTRAINT "TEAM_A_R_44" FOREIGN KEY ("REVIEW_IDX", "PRODUCT_CODE")
	  REFERENCES "EDUC239"."TA_REVIEW" ("REVIEW_IDX", "PRODUCT_CODE") ENABLE;
--------------------------------------------------------
--  Ref Constraints for Table TA_SUBSCRIBER
--------------------------------------------------------

  ALTER TABLE "EDUC239"."TA_SUBSCRIBER" ADD CONSTRAINT "TEAM_A_R_46" FOREIGN KEY ("RE_IDX")
	  REFERENCES "EDUC239"."TA_RESERVATION" ("RE_IDX") ENABLE;
--------------------------------------------------------
--  Ref Constraints for Table TBL_ATTACH
--------------------------------------------------------

  ALTER TABLE "EDUC239"."TBL_ATTACH" ADD CONSTRAINT "FK_TBL_ATTACH" FOREIGN KEY ("BNO")
	  REFERENCES "EDUC239"."TBL_BOARD" ("BNO") ENABLE;
--------------------------------------------------------
--  Ref Constraints for Table TBL_REPLY
--------------------------------------------------------

  ALTER TABLE "EDUC239"."TBL_REPLY" ADD CONSTRAINT "FK_BOARD_REPLY" FOREIGN KEY ("BNO")
	  REFERENCES "EDUC239"."TBL_BOARD" ("BNO") ENABLE;
--------------------------------------------------------
--  Ref Constraints for Table TB_BUY_STAT
--------------------------------------------------------

  ALTER TABLE "EDUC239"."TB_BUY_STAT" ADD CONSTRAINT "R_27" FOREIGN KEY ("PRO_NUM")
	  REFERENCES "EDUC239"."TB_PRODUCT" ("PRO_NUM") ON DELETE SET NULL ENABLE;
--------------------------------------------------------
--  Ref Constraints for Table TB_CLAIM_BOARD
--------------------------------------------------------

  ALTER TABLE "EDUC239"."TB_CLAIM_BOARD" ADD CONSTRAINT "R_18" FOREIGN KEY ("USER_ID")
	  REFERENCES "EDUC239"."TB_USER" ("USER_ID") ENABLE;
--------------------------------------------------------
--  Ref Constraints for Table TB_CLAIM_BOARD_IMG
--------------------------------------------------------

  ALTER TABLE "EDUC239"."TB_CLAIM_BOARD_IMG" ADD CONSTRAINT "R_12" FOREIGN KEY ("CLAIM_BOARD_NUM")
	  REFERENCES "EDUC239"."TB_CLAIM_BOARD" ("CLAIM_BOARD_NUM") ENABLE;
--------------------------------------------------------
--  Ref Constraints for Table TB_EVENT
--------------------------------------------------------

  ALTER TABLE "EDUC239"."TB_EVENT" ADD CONSTRAINT "R_26" FOREIGN KEY ("USER_ID")
	  REFERENCES "EDUC239"."TB_USER" ("USER_ID") ON DELETE SET NULL ENABLE;
--------------------------------------------------------
--  Ref Constraints for Table TB_EVENT_IMG
--------------------------------------------------------

  ALTER TABLE "EDUC239"."TB_EVENT_IMG" ADD CONSTRAINT "R_8" FOREIGN KEY ("EVENT_NUM")
	  REFERENCES "EDUC239"."TB_EVENT" ("EVENT_NUM") ENABLE;
--------------------------------------------------------
--  Ref Constraints for Table TB_FAVORITE
--------------------------------------------------------

  ALTER TABLE "EDUC239"."TB_FAVORITE" ADD CONSTRAINT "R_30" FOREIGN KEY ("USER_ID")
	  REFERENCES "EDUC239"."TB_USER" ("USER_ID") ON DELETE SET NULL ENABLE;
 
  ALTER TABLE "EDUC239"."TB_FAVORITE" ADD CONSTRAINT "R_31" FOREIGN KEY ("PRO_NUM")
	  REFERENCES "EDUC239"."TB_PRODUCT" ("PRO_NUM") ENABLE;
--------------------------------------------------------
--  Ref Constraints for Table TB_FREE_BOARD
--------------------------------------------------------

  ALTER TABLE "EDUC239"."TB_FREE_BOARD" ADD CONSTRAINT "R_16" FOREIGN KEY ("USER_ID")
	  REFERENCES "EDUC239"."TB_USER" ("USER_ID") ENABLE;
--------------------------------------------------------
--  Ref Constraints for Table TB_FREE_BOARD_IMG
--------------------------------------------------------

  ALTER TABLE "EDUC239"."TB_FREE_BOARD_IMG" ADD CONSTRAINT "R_9" FOREIGN KEY ("FREE_BOARD_NUM")
	  REFERENCES "EDUC239"."TB_FREE_BOARD" ("FREE_BOARD_NUM") ENABLE;
--------------------------------------------------------
--  Ref Constraints for Table TB_LAST_CATEGORY
--------------------------------------------------------

  ALTER TABLE "EDUC239"."TB_LAST_CATEGORY" ADD CONSTRAINT "R_34" FOREIGN KEY ("THIRD_CAT_NUM")
	  REFERENCES "EDUC239"."TB_THIRD_CATEGORY" ("THIRD_CAT_NUM") ENABLE;
--------------------------------------------------------
--  Ref Constraints for Table TB_NOTICE
--------------------------------------------------------

  ALTER TABLE "EDUC239"."TB_NOTICE" ADD CONSTRAINT "R_25" FOREIGN KEY ("USER_ID")
	  REFERENCES "EDUC239"."TB_USER" ("USER_ID") ON DELETE SET NULL ENABLE;
--------------------------------------------------------
--  Ref Constraints for Table TB_NOTICE_IMG
--------------------------------------------------------

  ALTER TABLE "EDUC239"."TB_NOTICE_IMG" ADD CONSTRAINT "R_15" FOREIGN KEY ("NOTICE_NUM")
	  REFERENCES "EDUC239"."TB_NOTICE" ("NOTICE_NUM") ENABLE;
--------------------------------------------------------
--  Ref Constraints for Table TB_PRODUCT
--------------------------------------------------------

  ALTER TABLE "EDUC239"."TB_PRODUCT" ADD CONSTRAINT "R_35" FOREIGN KEY ("FIRST_CAT_NUM")
	  REFERENCES "EDUC239"."TB_FIRST_CATEGORY" ("FIRST_CAT_NUM") ENABLE;
 
  ALTER TABLE "EDUC239"."TB_PRODUCT" ADD CONSTRAINT "R_36" FOREIGN KEY ("SECOND_CAT_NUM")
	  REFERENCES "EDUC239"."TB_SECOND_CATEGORY" ("SECOND_CAT_NUM") ENABLE;
 
  ALTER TABLE "EDUC239"."TB_PRODUCT" ADD CONSTRAINT "R_37" FOREIGN KEY ("THIRD_CAT_NUM")
	  REFERENCES "EDUC239"."TB_THIRD_CATEGORY" ("THIRD_CAT_NUM") ENABLE;
 
  ALTER TABLE "EDUC239"."TB_PRODUCT" ADD CONSTRAINT "R_39" FOREIGN KEY ("LAST_CAT_NUM")
	  REFERENCES "EDUC239"."TB_LAST_CATEGORY" ("LAST_CAT_NUM") ENABLE;
 
  ALTER TABLE "EDUC239"."TB_PRODUCT" ADD CONSTRAINT "R_42" FOREIGN KEY ("PRODUCT_DETAIL_NUM")
	  REFERENCES "EDUC239"."TB_PRODUCTDETAIL" ("PRODUCT_DETAIL_NUM") ENABLE;
--------------------------------------------------------
--  Ref Constraints for Table TB_PRODUCT_IMG
--------------------------------------------------------

  ALTER TABLE "EDUC239"."TB_PRODUCT_IMG" ADD CONSTRAINT "R_46" FOREIGN KEY ("PRO_NUM")
	  REFERENCES "EDUC239"."TB_PRODUCT" ("PRO_NUM") ON DELETE SET NULL ENABLE;
--------------------------------------------------------
--  Ref Constraints for Table TB_PRODUCT_STAT
--------------------------------------------------------

  ALTER TABLE "EDUC239"."TB_PRODUCT_STAT" ADD CONSTRAINT "R_28" FOREIGN KEY ("PRO_NUM")
	  REFERENCES "EDUC239"."TB_PRODUCT" ("PRO_NUM") ON DELETE SET NULL ENABLE;
--------------------------------------------------------
--  Ref Constraints for Table TB_REVIEW
--------------------------------------------------------

  ALTER TABLE "EDUC239"."TB_REVIEW" ADD CONSTRAINT "R_17" FOREIGN KEY ("USER_ID")
	  REFERENCES "EDUC239"."TB_USER" ("USER_ID") ENABLE;
 
  ALTER TABLE "EDUC239"."TB_REVIEW" ADD CONSTRAINT "R_23" FOREIGN KEY ("PRO_NUM")
	  REFERENCES "EDUC239"."TB_PRODUCT" ("PRO_NUM") ON DELETE SET NULL ENABLE;
--------------------------------------------------------
--  Ref Constraints for Table TB_REVIEW_IMG
--------------------------------------------------------

  ALTER TABLE "EDUC239"."TB_REVIEW_IMG" ADD CONSTRAINT "R_10" FOREIGN KEY ("REVIEW_NUM")
	  REFERENCES "EDUC239"."TB_REVIEW" ("REVIEW_NUM") ENABLE;
--------------------------------------------------------
--  Ref Constraints for Table TB_SECOND_CATEGORY
--------------------------------------------------------

  ALTER TABLE "EDUC239"."TB_SECOND_CATEGORY" ADD CONSTRAINT "R_32" FOREIGN KEY ("FIRST_CAT_NUM")
	  REFERENCES "EDUC239"."TB_FIRST_CATEGORY" ("FIRST_CAT_NUM") ENABLE;
--------------------------------------------------------
--  Ref Constraints for Table TB_THIRD_CATEGORY
--------------------------------------------------------

  ALTER TABLE "EDUC239"."TB_THIRD_CATEGORY" ADD CONSTRAINT "R_33" FOREIGN KEY ("SECOND_CAT_NUM")
	  REFERENCES "EDUC239"."TB_SECOND_CATEGORY" ("SECOND_CAT_NUM") ENABLE;
--------------------------------------------------------
--  Ref Constraints for Table TC_CART
--------------------------------------------------------

  ALTER TABLE "EDUC239"."TC_CART" ADD CONSTRAINT "TEAM_C_R_20" FOREIGN KEY ("P_CODE")
	  REFERENCES "EDUC239"."TC_PRODUCT" ("P_CODE") ENABLE;
 
  ALTER TABLE "EDUC239"."TC_CART" ADD CONSTRAINT "TEAM_C_R_21" FOREIGN KEY ("M_ID")
	  REFERENCES "EDUC239"."TC_MEMBER" ("M_ID") ENABLE;
--------------------------------------------------------
--  Ref Constraints for Table TC_E_D_FILE
--------------------------------------------------------

  ALTER TABLE "EDUC239"."TC_E_D_FILE" ADD CONSTRAINT "TC_E_D_FILE_TC_EVENT_FK" FOREIGN KEY ("E_NUM")
	  REFERENCES "EDUC239"."TC_EVENT" ("E_NUM") ENABLE;
--------------------------------------------------------
--  Ref Constraints for Table TC_E_FILE
--------------------------------------------------------

  ALTER TABLE "EDUC239"."TC_E_FILE" ADD CONSTRAINT "TEAM_C_R_34" FOREIGN KEY ("E_NUM")
	  REFERENCES "EDUC239"."TC_EVENT" ("E_NUM") ENABLE;
--------------------------------------------------------
--  Ref Constraints for Table TC_F_PRODUCT
--------------------------------------------------------

  ALTER TABLE "EDUC239"."TC_F_PRODUCT" ADD CONSTRAINT "TEAM_C_R_29" FOREIGN KEY ("P_CODE")
	  REFERENCES "EDUC239"."TC_PRODUCT" ("P_CODE") ENABLE;
 
  ALTER TABLE "EDUC239"."TC_F_PRODUCT" ADD CONSTRAINT "TEAM_C_R_30" FOREIGN KEY ("M_ID")
	  REFERENCES "EDUC239"."TC_MEMBER" ("M_ID") ENABLE;
--------------------------------------------------------
--  Ref Constraints for Table TC_ORDER
--------------------------------------------------------

  ALTER TABLE "EDUC239"."TC_ORDER" ADD CONSTRAINT "TEAM_C_R_25" FOREIGN KEY ("M_ID")
	  REFERENCES "EDUC239"."TC_MEMBER" ("M_ID") ENABLE;
 
  ALTER TABLE "EDUC239"."TC_ORDER" ADD CONSTRAINT "TEAM_C_R_60" FOREIGN KEY ("A_ID")
	  REFERENCES "EDUC239"."TC_ADMIN" ("A_ID") ENABLE;
 
  ALTER TABLE "EDUC239"."TC_ORDER" ADD CONSTRAINT "TEAM_C_R_62" FOREIGN KEY ("CARD_CATEGORY_CODE")
	  REFERENCES "EDUC239"."TC_CARD_CATEGORY" ("CARD_CATEGORY_CODE") ENABLE;
--------------------------------------------------------
--  Ref Constraints for Table TC_O_DETAIL
--------------------------------------------------------

  ALTER TABLE "EDUC239"."TC_O_DETAIL" ADD CONSTRAINT "TEAM_C_R_51" FOREIGN KEY ("P_CODE")
	  REFERENCES "EDUC239"."TC_PRODUCT" ("P_CODE") ENABLE;
 
  ALTER TABLE "EDUC239"."TC_O_DETAIL" ADD CONSTRAINT "TEAM_C_R_53" FOREIGN KEY ("O_NUM")
	  REFERENCES "EDUC239"."TC_ORDER" ("O_NUM") ENABLE;
--------------------------------------------------------
--  Ref Constraints for Table TC_PRODUCT
--------------------------------------------------------

  ALTER TABLE "EDUC239"."TC_PRODUCT" ADD CONSTRAINT "TC_PRODUCT_TC_P_BIG_FK" FOREIGN KEY ("P_BIG")
	  REFERENCES "EDUC239"."TC_P_BIG" ("P_BIG") ENABLE;
 
  ALTER TABLE "EDUC239"."TC_PRODUCT" ADD CONSTRAINT "TC_PRODUCT_TC_P_MIDDLE_FK" FOREIGN KEY ("P_MIDDLE")
	  REFERENCES "EDUC239"."TC_P_MIDDLE" ("P_MIDDLE") ENABLE;
 
  ALTER TABLE "EDUC239"."TC_PRODUCT" ADD CONSTRAINT "TC_PRODUCT_TC_P_SMALL_FK" FOREIGN KEY ("P_SMALL")
	  REFERENCES "EDUC239"."TC_P_SMALL" ("P_SMALL") ENABLE;
--------------------------------------------------------
--  Ref Constraints for Table TC_P_FILE
--------------------------------------------------------

  ALTER TABLE "EDUC239"."TC_P_FILE" ADD CONSTRAINT "TEAM_C_R_61" FOREIGN KEY ("P_CODE")
	  REFERENCES "EDUC239"."TC_PRODUCT" ("P_CODE") ENABLE;
--------------------------------------------------------
--  Ref Constraints for Table TC_P_MIDDLE
--------------------------------------------------------

  ALTER TABLE "EDUC239"."TC_P_MIDDLE" ADD CONSTRAINT "TC_P_MIDDLE_TC_P_BIG_FK" FOREIGN KEY ("P_BIG")
	  REFERENCES "EDUC239"."TC_P_BIG" ("P_BIG") ENABLE;
--------------------------------------------------------
--  Ref Constraints for Table TC_P_SMALL
--------------------------------------------------------

  ALTER TABLE "EDUC239"."TC_P_SMALL" ADD CONSTRAINT "TC_P_SMALL_TC_P_MIDDLE_FK" FOREIGN KEY ("P_MIDDLE")
	  REFERENCES "EDUC239"."TC_P_MIDDLE" ("P_MIDDLE") ENABLE;
--------------------------------------------------------
--  Ref Constraints for Table TC_QNA
--------------------------------------------------------

  ALTER TABLE "EDUC239"."TC_QNA" ADD CONSTRAINT "TEAM_C_R_17" FOREIGN KEY ("Q_CATEGORY_NUM")
	  REFERENCES "EDUC239"."TC_Q_CATEGORY" ("Q_CATEGORY_NUM") ENABLE;
 
  ALTER TABLE "EDUC239"."TC_QNA" ADD CONSTRAINT "TEAM_C_R_24" FOREIGN KEY ("M_ID")
	  REFERENCES "EDUC239"."TC_MEMBER" ("M_ID") ENABLE;
 
  ALTER TABLE "EDUC239"."TC_QNA" ADD CONSTRAINT "TEAM_C_R_67" FOREIGN KEY ("A_ID")
	  REFERENCES "EDUC239"."TC_ADMIN" ("A_ID") ON DELETE SET NULL ENABLE;
--------------------------------------------------------
--  Ref Constraints for Table TC_REVIEW
--------------------------------------------------------

  ALTER TABLE "EDUC239"."TC_REVIEW" ADD CONSTRAINT "TEAM_C_R_49" FOREIGN KEY ("P_CODE")
	  REFERENCES "EDUC239"."TC_PRODUCT" ("P_CODE") ENABLE;
 
  ALTER TABLE "EDUC239"."TC_REVIEW" ADD CONSTRAINT "TEAM_C_R_7" FOREIGN KEY ("M_ID")
	  REFERENCES "EDUC239"."TC_MEMBER" ("M_ID") ENABLE;
--------------------------------------------------------
--  Ref Constraints for Table TC_R_FILE
--------------------------------------------------------

  ALTER TABLE "EDUC239"."TC_R_FILE" ADD CONSTRAINT "TEAM_C_R_15" FOREIGN KEY ("R_NUM", "P_CODE")
	  REFERENCES "EDUC239"."TC_REVIEW" ("R_NUM", "P_CODE") ENABLE;
--------------------------------------------------------
--  Ref Constraints for Table TC_USING_POINT
--------------------------------------------------------

  ALTER TABLE "EDUC239"."TC_USING_POINT" ADD CONSTRAINT "TEAM_C_R_59" FOREIGN KEY ("M_ID")
	  REFERENCES "EDUC239"."TC_MEMBER" ("M_ID") ENABLE;
 
  ALTER TABLE "EDUC239"."TC_USING_POINT" ADD CONSTRAINT "TEAM_C_R_80" FOREIGN KEY ("O_NUM")
	  REFERENCES "EDUC239"."TC_ORDER" ("O_NUM") ON DELETE SET NULL ENABLE;
--------------------------------------------------------
--  Ref Constraints for Table TD_BOOKING
--------------------------------------------------------

  ALTER TABLE "EDUC239"."TD_BOOKING" ADD CONSTRAINT "TEAM_D_R_12" FOREIGN KEY ("MEMBER_ID")
	  REFERENCES "EDUC239"."TD_MEMBER" ("MEMBER_ID") ENABLE;
 
  ALTER TABLE "EDUC239"."TD_BOOKING" ADD CONSTRAINT "TEAM_D_R_23" FOREIGN KEY ("ROOM_IDX", "HOTEL_CODE")
	  REFERENCES "EDUC239"."TD_ROOM" ("ROOM_IDX", "HOTEL_CODE") ENABLE;
--------------------------------------------------------
--  Ref Constraints for Table TD_CITY
--------------------------------------------------------

  ALTER TABLE "EDUC239"."TD_CITY" ADD CONSTRAINT "TEAM_D_R_4" FOREIGN KEY ("NATION_CODE")
	  REFERENCES "EDUC239"."TD_NATION" ("NATION_CODE") ENABLE;
--------------------------------------------------------
--  Ref Constraints for Table TD_DISCOUNT_INFO
--------------------------------------------------------

  ALTER TABLE "EDUC239"."TD_DISCOUNT_INFO" ADD CONSTRAINT "TEAM_D_R_42" FOREIGN KEY ("DISCOUNT_CODE")
	  REFERENCES "EDUC239"."TD_DISCOUNT" ("DISCOUNT_CODE") ENABLE;
 
  ALTER TABLE "EDUC239"."TD_DISCOUNT_INFO" ADD CONSTRAINT "TEAM_D_R_46" FOREIGN KEY ("MEMBER_ID")
	  REFERENCES "EDUC239"."TD_MEMBER" ("MEMBER_ID") ENABLE;
--------------------------------------------------------
--  Ref Constraints for Table TD_FAQ
--------------------------------------------------------

  ALTER TABLE "EDUC239"."TD_FAQ" ADD CONSTRAINT "TEAM_D_R_13" FOREIGN KEY ("ADMIN_ID")
	  REFERENCES "EDUC239"."TD_ADMIN" ("ADMIN_ID") ENABLE;
--------------------------------------------------------
--  Ref Constraints for Table TD_HOTEL
--------------------------------------------------------

  ALTER TABLE "EDUC239"."TD_HOTEL" ADD CONSTRAINT "TEAM_D_R_26" FOREIGN KEY ("NATION_CODE")
	  REFERENCES "EDUC239"."TD_NATION" ("NATION_CODE") ENABLE;
 
  ALTER TABLE "EDUC239"."TD_HOTEL" ADD CONSTRAINT "TEAM_D_R_3" FOREIGN KEY ("CITY_CODE")
	  REFERENCES "EDUC239"."TD_CITY" ("CITY_CODE") ENABLE;
--------------------------------------------------------
--  Ref Constraints for Table TD_HOTEL_DETAILINFO
--------------------------------------------------------

  ALTER TABLE "EDUC239"."TD_HOTEL_DETAILINFO" ADD CONSTRAINT "TEAM_D_R_70" FOREIGN KEY ("HOTEL_CODE")
	  REFERENCES "EDUC239"."TD_HOTEL" ("HOTEL_CODE") ON DELETE CASCADE ENABLE;
--------------------------------------------------------
--  Ref Constraints for Table TD_HOTEL_IMAGE
--------------------------------------------------------

  ALTER TABLE "EDUC239"."TD_HOTEL_IMAGE" ADD CONSTRAINT "TEAM_D_R_30" FOREIGN KEY ("HOTEL_CODE")
	  REFERENCES "EDUC239"."TD_HOTEL" ("HOTEL_CODE") ENABLE;
--------------------------------------------------------
--  Ref Constraints for Table TD_HOTEL_INFO
--------------------------------------------------------

  ALTER TABLE "EDUC239"."TD_HOTEL_INFO" ADD CONSTRAINT "TEAM_D_R_40" FOREIGN KEY ("HF_IDX")
	  REFERENCES "EDUC239"."TD_HOTEL_FACILITY" ("HF_IDX") ENABLE;
 
  ALTER TABLE "EDUC239"."TD_HOTEL_INFO" ADD CONSTRAINT "TEAM_D_R_44" FOREIGN KEY ("HOTEL_CODE")
	  REFERENCES "EDUC239"."TD_HOTEL" ("HOTEL_CODE") ENABLE;
--------------------------------------------------------
--  Ref Constraints for Table TD_INQUIRY
--------------------------------------------------------

  ALTER TABLE "EDUC239"."TD_INQUIRY" ADD CONSTRAINT "TEAM_D_R_11" FOREIGN KEY ("MEMBER_ID")
	  REFERENCES "EDUC239"."TD_MEMBER" ("MEMBER_ID") ENABLE;
--------------------------------------------------------
--  Ref Constraints for Table TD_INTEREST_VIEW
--------------------------------------------------------

  ALTER TABLE "EDUC239"."TD_INTEREST_VIEW" ADD CONSTRAINT "TEAM_D_R_14" FOREIGN KEY ("MEMBER_ID")
	  REFERENCES "EDUC239"."TD_MEMBER" ("MEMBER_ID") ENABLE;
 
  ALTER TABLE "EDUC239"."TD_INTEREST_VIEW" ADD CONSTRAINT "TEAM_D_R_8" FOREIGN KEY ("HOTEL_CODE")
	  REFERENCES "EDUC239"."TD_HOTEL" ("HOTEL_CODE") ENABLE;
--------------------------------------------------------
--  Ref Constraints for Table TD_MEMBER
--------------------------------------------------------

  ALTER TABLE "EDUC239"."TD_MEMBER" ADD CONSTRAINT "TEAM_D_R_22" FOREIGN KEY ("NATION_CODE")
	  REFERENCES "EDUC239"."TD_NATION" ("NATION_CODE") ENABLE;
--------------------------------------------------------
--  Ref Constraints for Table TD_NOTICE
--------------------------------------------------------

  ALTER TABLE "EDUC239"."TD_NOTICE" ADD CONSTRAINT "TEAM_D_R_24" FOREIGN KEY ("ADMIN_ID")
	  REFERENCES "EDUC239"."TD_ADMIN" ("ADMIN_ID") ENABLE;
--------------------------------------------------------
--  Ref Constraints for Table TD_PAYMENT
--------------------------------------------------------

  ALTER TABLE "EDUC239"."TD_PAYMENT" ADD CONSTRAINT "TEAM_D_R_19" FOREIGN KEY ("BOOKING_IDX")
	  REFERENCES "EDUC239"."TD_BOOKING" ("BOOKING_IDX") ENABLE;
--------------------------------------------------------
--  Ref Constraints for Table TD_RECENT_VIEW
--------------------------------------------------------

  ALTER TABLE "EDUC239"."TD_RECENT_VIEW" ADD CONSTRAINT "TEAM_D_R_15" FOREIGN KEY ("MEMBER_ID")
	  REFERENCES "EDUC239"."TD_MEMBER" ("MEMBER_ID") ENABLE;
 
  ALTER TABLE "EDUC239"."TD_RECENT_VIEW" ADD CONSTRAINT "TEAM_D_R_9" FOREIGN KEY ("HOTEL_CODE")
	  REFERENCES "EDUC239"."TD_HOTEL" ("HOTEL_CODE") ENABLE;
--------------------------------------------------------
--  Ref Constraints for Table TD_REVIEW
--------------------------------------------------------

  ALTER TABLE "EDUC239"."TD_REVIEW" ADD CONSTRAINT "TEAM_D_R_16" FOREIGN KEY ("MEMBER_ID")
	  REFERENCES "EDUC239"."TD_MEMBER" ("MEMBER_ID") ENABLE;
 
  ALTER TABLE "EDUC239"."TD_REVIEW" ADD CONSTRAINT "TEAM_D_R_28" FOREIGN KEY ("HOTEL_CODE")
	  REFERENCES "EDUC239"."TD_HOTEL" ("HOTEL_CODE") ENABLE;
--------------------------------------------------------
--  Ref Constraints for Table TD_ROOM
--------------------------------------------------------

  ALTER TABLE "EDUC239"."TD_ROOM" ADD CONSTRAINT "TEAM_D_R_25" FOREIGN KEY ("HOTEL_CODE")
	  REFERENCES "EDUC239"."TD_HOTEL" ("HOTEL_CODE") ENABLE;
--------------------------------------------------------
--  Ref Constraints for Table TD_ROOM_BED
--------------------------------------------------------

  ALTER TABLE "EDUC239"."TD_ROOM_BED" ADD CONSTRAINT "TD_ROOM_BED_TD_ROOM_FK" FOREIGN KEY ("ROOM_IDX", "HOTEL_CODE")
	  REFERENCES "EDUC239"."TD_ROOM" ("ROOM_IDX", "HOTEL_CODE") ON DELETE CASCADE ENABLE;
--------------------------------------------------------
--  Ref Constraints for Table TD_ROOM_IMAGE
--------------------------------------------------------

  ALTER TABLE "EDUC239"."TD_ROOM_IMAGE" ADD CONSTRAINT "TEAM_D_R_31" FOREIGN KEY ("ROOM_IDX", "HOTEL_CODE")
	  REFERENCES "EDUC239"."TD_ROOM" ("ROOM_IDX", "HOTEL_CODE") ENABLE;
--------------------------------------------------------
--  Ref Constraints for Table TD_ROOM_INFO
--------------------------------------------------------

  ALTER TABLE "EDUC239"."TD_ROOM_INFO" ADD CONSTRAINT "TEAM_D_R_37" FOREIGN KEY ("RF_IDX")
	  REFERENCES "EDUC239"."TD_ROOM_FACILITY" ("RF_IDX") ENABLE;
 
  ALTER TABLE "EDUC239"."TD_ROOM_INFO" ADD CONSTRAINT "TEAM_D_R_45" FOREIGN KEY ("ROOM_IDX", "HOTEL_CODE")
	  REFERENCES "EDUC239"."TD_ROOM" ("ROOM_IDX", "HOTEL_CODE") ENABLE;
--------------------------------------------------------
--  Ref Constraints for Table TD_SLIDE_IMAGE
--------------------------------------------------------

  ALTER TABLE "EDUC239"."TD_SLIDE_IMAGE" ADD CONSTRAINT "TEAM_D_R_39" FOREIGN KEY ("ADMIN_ID")
	  REFERENCES "EDUC239"."TD_ADMIN" ("ADMIN_ID") ENABLE;
--------------------------------------------------------
--  Ref Constraints for Table TE_ASK
--------------------------------------------------------

  ALTER TABLE "EDUC239"."TE_ASK" ADD CONSTRAINT "TEAM_E_R_22" FOREIGN KEY ("USER_ID")
	  REFERENCES "EDUC239"."TE_USERINFORMATION" ("USER_ID") ENABLE;
 
  ALTER TABLE "EDUC239"."TE_ASK" ADD CONSTRAINT "TEAM_E_R_25" FOREIGN KEY ("ADMIN_ID")
	  REFERENCES "EDUC239"."TE_ADMIN" ("ADMIN_ID") ENABLE;
--------------------------------------------------------
--  Ref Constraints for Table TE_BARGAIN
--------------------------------------------------------

  ALTER TABLE "EDUC239"."TE_BARGAIN" ADD CONSTRAINT "TEAM_E_R_18" FOREIGN KEY ("PRODUCT_NUM")
	  REFERENCES "EDUC239"."TE_PRODUCT" ("PRODUCT_NUM") ENABLE;
 
  ALTER TABLE "EDUC239"."TE_BARGAIN" ADD CONSTRAINT "TEAM_E_R_32" FOREIGN KEY ("USER_ID")
	  REFERENCES "EDUC239"."TE_USERINFORMATION" ("USER_ID") ENABLE;
--------------------------------------------------------
--  Ref Constraints for Table TE_CATEGORY2
--------------------------------------------------------

  ALTER TABLE "EDUC239"."TE_CATEGORY2" ADD CONSTRAINT "TEAM_E_R_70" FOREIGN KEY ("CATEGORY1_NUM")
	  REFERENCES "EDUC239"."TE_CATEGORY1" ("CATEGORY1_NUM") ENABLE;
--------------------------------------------------------
--  Ref Constraints for Table TE_CATEGORY3
--------------------------------------------------------

  ALTER TABLE "EDUC239"."TE_CATEGORY3" ADD CONSTRAINT "TEAM_E_R_71" FOREIGN KEY ("CATEGORY2_NUM")
	  REFERENCES "EDUC239"."TE_CATEGORY2" ("CATEGORY2_NUM") ENABLE;
--------------------------------------------------------
--  Ref Constraints for Table TE_EVENT
--------------------------------------------------------

  ALTER TABLE "EDUC239"."TE_EVENT" ADD CONSTRAINT "TEAM_E_R_60" FOREIGN KEY ("ADMIN_ID")
	  REFERENCES "EDUC239"."TE_ADMIN" ("ADMIN_ID") ENABLE;
--------------------------------------------------------
--  Ref Constraints for Table TE_EVENTIMG
--------------------------------------------------------

  ALTER TABLE "EDUC239"."TE_EVENTIMG" ADD CONSTRAINT "TEAM_E_R_40" FOREIGN KEY ("EVENT_NUM")
	  REFERENCES "EDUC239"."TE_EVENT" ("EVENT_NUM") ENABLE;
--------------------------------------------------------
--  Ref Constraints for Table TE_MILE
--------------------------------------------------------

  ALTER TABLE "EDUC239"."TE_MILE" ADD CONSTRAINT "TEAM_E_R_61" FOREIGN KEY ("USER_ID")
	  REFERENCES "EDUC239"."TE_USERINFORMATION" ("USER_ID") ON DELETE SET NULL ENABLE;
 
  ALTER TABLE "EDUC239"."TE_MILE" ADD CONSTRAINT "TEAM_E_R_62" FOREIGN KEY ("BUY_NUM")
	  REFERENCES "EDUC239"."TE_BUY" ("BUY_NUM") ON DELETE SET NULL ENABLE;
--------------------------------------------------------
--  Ref Constraints for Table TE_NOTICE
--------------------------------------------------------

  ALTER TABLE "EDUC239"."TE_NOTICE" ADD CONSTRAINT "TEAM_E_R_27" FOREIGN KEY ("ADMIN_ID")
	  REFERENCES "EDUC239"."TE_ADMIN" ("ADMIN_ID") ENABLE;
--------------------------------------------------------
--  Ref Constraints for Table TE_ORDER
--------------------------------------------------------

  ALTER TABLE "EDUC239"."TE_ORDER" ADD CONSTRAINT "TEAM_E_R_11" FOREIGN KEY ("PRODUCT_NUM")
	  REFERENCES "EDUC239"."TE_PRODUCT" ("PRODUCT_NUM") ENABLE;
 
  ALTER TABLE "EDUC239"."TE_ORDER" ADD CONSTRAINT "TEAM_E_R_34" FOREIGN KEY ("USER_ID")
	  REFERENCES "EDUC239"."TE_USERINFORMATION" ("USER_ID") ENABLE;
 
  ALTER TABLE "EDUC239"."TE_ORDER" ADD CONSTRAINT "TEAM_E_R_44" FOREIGN KEY ("BUY_NUM")
	  REFERENCES "EDUC239"."TE_BUY" ("BUY_NUM") ENABLE;
--------------------------------------------------------
--  Ref Constraints for Table TE_PCADVICE
--------------------------------------------------------

  ALTER TABLE "EDUC239"."TE_PCADVICE" ADD CONSTRAINT "TEAM_E_R_30" FOREIGN KEY ("USER_ID")
	  REFERENCES "EDUC239"."TE_USERINFORMATION" ("USER_ID") ENABLE;
 
  ALTER TABLE "EDUC239"."TE_PCADVICE" ADD CONSTRAINT "TEAM_E_R_31" FOREIGN KEY ("ADMIN_ID")
	  REFERENCES "EDUC239"."TE_ADMIN" ("ADMIN_ID") ENABLE;
--------------------------------------------------------
--  Ref Constraints for Table TE_PRODUCT
--------------------------------------------------------

  ALTER TABLE "EDUC239"."TE_PRODUCT" ADD CONSTRAINT "TEAM_E_R_73" FOREIGN KEY ("CATEGORY1_NUM")
	  REFERENCES "EDUC239"."TE_CATEGORY1" ("CATEGORY1_NUM") ENABLE;
 
  ALTER TABLE "EDUC239"."TE_PRODUCT" ADD CONSTRAINT "TEAM_E_R_74" FOREIGN KEY ("CATEGORY2_NUM")
	  REFERENCES "EDUC239"."TE_CATEGORY2" ("CATEGORY2_NUM") ENABLE;
 
  ALTER TABLE "EDUC239"."TE_PRODUCT" ADD CONSTRAINT "TEAM_E_R_75" FOREIGN KEY ("CATEGORY3_NUM")
	  REFERENCES "EDUC239"."TE_CATEGORY3" ("CATEGORY3_NUM") ENABLE;
--------------------------------------------------------
--  Ref Constraints for Table TE_PRODUCTIMG
--------------------------------------------------------

  ALTER TABLE "EDUC239"."TE_PRODUCTIMG" ADD CONSTRAINT "TEAM_E_R_36" FOREIGN KEY ("PRODUCT_NUM")
	  REFERENCES "EDUC239"."TE_PRODUCT" ("PRODUCT_NUM") ENABLE;
--------------------------------------------------------
--  Ref Constraints for Table TE_QNA
--------------------------------------------------------

  ALTER TABLE "EDUC239"."TE_QNA" ADD CONSTRAINT "TEAM_E_R_29" FOREIGN KEY ("ADMIN_ID")
	  REFERENCES "EDUC239"."TE_ADMIN" ("ADMIN_ID") ENABLE;
--------------------------------------------------------
--  Ref Constraints for Table TE_REVIEW
--------------------------------------------------------

  ALTER TABLE "EDUC239"."TE_REVIEW" ADD CONSTRAINT "TEAM_E_R_33" FOREIGN KEY ("USER_ID")
	  REFERENCES "EDUC239"."TE_USERINFORMATION" ("USER_ID") ENABLE;
 
  ALTER TABLE "EDUC239"."TE_REVIEW" ADD CONSTRAINT "TEAM_E_R_35" FOREIGN KEY ("PRODUCT_NUM")
	  REFERENCES "EDUC239"."TE_PRODUCT" ("PRODUCT_NUM") ENABLE;
--------------------------------------------------------
--  Ref Constraints for Table TE_REVIEWIMG
--------------------------------------------------------

  ALTER TABLE "EDUC239"."TE_REVIEWIMG" ADD CONSTRAINT "TEAM_E_R_38" FOREIGN KEY ("REVIEW_NUM", "PRODUCT_NUM")
	  REFERENCES "EDUC239"."TE_REVIEW" ("REVIEW_NUM", "PRODUCT_NUM") ENABLE;
